tipo,strike,vencimiento,oi,gamma,gex_contrib
call,605.0,2026-09-28,0.0,2.279785428117218e-05,0.0
call,610.0,2026-09-28,0.0,1.968378427851084e-05,0.0
call,615.0,2026-09-28,0.0,2.1955814441422024e-05,0.0
call,620.0,2026-09-28,0.0,3.33440486425377e-05,0.0
call,645.0,2026-09-28,9.0,4.3896916735470204e-05,235.0603977405239
call,650.0,2026-09-28,14.0,0.0002791453583192709,2325.205741267434
call,665.0,2026-09-28,28.0,5.160867231725385e-06,85.97727140711983
call,670.0,2026-09-28,25.0,1.3590513419588389e-05,202.1523585179171
call,675.0,2026-09-28,41.0,8.284054147181288e-05,2020.8297456281239
call,680.0,2026-09-28,72.0,0.0005027338285899263,21536.421688674414
call,685.0,2026-09-28,59.0,9.433233170178113e-05,3311.429560331175
call,690.0,2026-09-28,55.0,0.0008395486785497626,27473.34324195573
call,695.0,2026-09-28,43.0,0.0007559820081734024,19341.17504744483
call,700.0,2026-09-28,45.0,0.001118777956050963,29954.312385700276
call,705.0,2026-09-28,45.0,0.0010206355235913224,27326.633618623593
call,710.0,2026-09-28,26.0,0.0011381213322784604,17606.168411471055
call,715.0,2026-09-28,47.0,0.0012701528974747385,35518.67868668371
call,718.0,2026-09-28,45.0,0.001409251845680275,37731.499612876454
call,719.0,2026-09-28,28.0,0.0014601884208924685,24325.953474806567
call,720.0,2026-09-28,26.0,0.001513934329850756,23419.807729900716
call,721.0,2026-09-28,30.0,0.0015707022425497541,28036.12959049763
call,722.0,2026-09-28,25.0,0.0016307252541081603,24256.254788546354
call,723.0,2026-09-28,22.0,0.0016924805486780016,22153.854913802104
call,724.0,2026-09-28,27.0,0.0017578701013793152,28239.271179097148
call,725.0,2026-09-28,37.0,0.0018446619373933522,40608.92106892264
call,726.0,2026-09-28,42.0,0.0019210673610944467,48005.922981559896
call,727.0,2026-09-28,30.0,0.0019980803257259555,35664.58201099954
call,728.0,2026-09-28,39.0,0.002084417513038314,48367.3463455388
call,729.0,2026-09-28,54.0,0.0,0.0
call,730.0,2026-09-28,50.0,0.0,0.0
call,731.0,2026-09-28,43.0,0.0,0.0
call,732.0,2026-09-28,43.0,0.0,0.0
call,733.0,2026-09-28,29.0,0.0,0.0
call,734.0,2026-09-28,88.0,0.0,0.0
call,735.0,2026-09-28,153.0,0.0,0.0
call,736.0,2026-09-28,98.0,0.0,0.0
call,737.0,2026-09-28,61.0,0.0,0.0
call,738.0,2026-09-28,210.0,0.0,0.0
call,739.0,2026-09-28,216.0,0.0,0.0
call,740.0,2026-09-28,290.0,0.0,0.0
call,741.0,2026-09-28,77.0,0.0,0.0
call,742.0,2026-09-28,96.0,0.0,0.0
call,743.0,2026-09-28,121.0,4.274543183962318e-16,3.0773579806774275e-08
call,744.0,2026-09-28,52.0,4.376905043952606e-15,1.3541706870668261e-07
call,745.0,2026-09-28,56.0,0.0,0.0
call,746.0,2026-09-28,65.0,0.0,0.0
call,747.0,2026-09-28,49.0,0.0,0.0
call,748.0,2026-09-28,65.0,0.0,0.0
call,749.0,2026-09-28,62.0,0.0,0.0
call,750.0,2026-09-28,130.0,0.0,0.0
call,751.0,2026-09-28,160.0,0.0,0.0
call,752.0,2026-09-28,182.0,0.0,0.0
call,753.0,2026-09-28,146.0,1.1032083943633347e-07,9.58326182621989
call,754.0,2026-09-28,197.0,0.0,0.0
call,755.0,2026-09-28,178.0,1.9882587661103395e-20,2.1056968547904574e-12
call,756.0,2026-09-28,273.0,9.80566982327462e-05,15927.325397525714
call,757.0,2026-09-28,198.0,0.0003066276081118722,36122.63191552974
call,758.0,2026-09-28,304.0,0.0009062028580017664,163908.6794531707
call,759.0,2026-09-28,207.0,0.0016734909784629343,206108.85998698906
call,760.0,2026-09-28,878.0,0.002713708581342209,1417622.7172359244
call,761.0,2026-09-28,594.0,0.0048726649829368505,1722090.369260887
call,762.0,2026-09-28,315.0,0.008090737617355707,1516357.5265061676
call,763.0,2026-09-28,531.0,0.012517368780068254,3954672.3613524074
call,764.0,2026-09-28,762.0,0.019165231641371554,8689043.757429032
call,765.0,2026-09-28,1836.0,0.027282757301871984,29803267.22221607
call,766.0,2026-09-28,762.0,0.03860763148493935,17503748.74776757
call,767.0,2026-09-28,1382.0,0.05209202183202882,42833365.31007141
call,768.0,2026-09-28,3737.0,0.06731548833131838,149672164.30927947
call,769.0,2026-09-28,2515.0,0.08255320541062756,123530690.92913447
call,770.0,2026-09-28,5897.0,0.09522586870900902,334109643.71087474
call,771.0,2026-09-28,1456.0,0.10308108862230382,89298324.76698448
call,772.0,2026-09-28,1850.0,0.1045568636829498,115087250.90611593
call,773.0,2026-09-28,4705.0,0.09810462765569153,274632583.12753636
call,774.0,2026-09-28,3388.0,0.08580892356935188,172973190.4219953
call,775.0,2026-09-28,5078.0,0.06985876613409857,211065158.14402097
call,776.0,2026-09-28,2005.0,0.05283626372339909,63030306.12423465
call,777.0,2026-09-28,4229.0,0.03713771637793208,93444946.67930314
call,778.0,2026-09-28,2333.0,0.0249898894956377,34688219.98385517
call,779.0,2026-09-28,1477.0,0.016133467589270416,14177875.438802605
call,780.0,2026-09-28,12685.0,0.010475792664037281,79064277.40099828
call,781.0,2026-09-28,3318.0,0.006553170916153503,12936917.750986326
call,782.0,2026-09-28,1233.0,0.004549286953315745,3337408.350939588
call,783.0,2026-09-28,2890.0,0.0029162831148713034,5014532.68365999
call,784.0,2026-09-28,968.0,0.002110642475490378,1215606.381645919
call,785.0,2026-09-28,1504.0,0.0014888519349209124,1332300.7922876927
call,786.0,2026-09-28,1798.0,0.0012614103818928267,1349425.8603569
call,787.0,2026-09-28,16237.0,0.0008415671013334834,8130129.823405803
call,788.0,2026-09-28,731.0,0.0007379835296880844,320971.88039351616
call,789.0,2026-09-28,516.0,0.0006540370010107608,200795.95525749767
call,790.0,2026-09-28,882.0,0.00041553438840807817,218061.24930965836
call,791.0,2026-09-28,561.0,0.0003470206819016503,115830.02773416914
call,792.0,2026-09-28,567.0,0.0003198938687195412,107917.50977758928
call,793.0,2026-09-28,425.0,0.00029655640299656647,74989.27859634499
call,794.0,2026-09-28,913.0,0.0002546239015348306,138316.1481700288
call,795.0,2026-09-28,901.0,0.00023899942708972027,128122.26010147353
call,796.0,2026-09-28,144.0,0.00020829082882140888,17845.781876120393
call,797.0,2026-09-28,1002.0,0.00012062598104395508,71913.68115494268
call,798.0,2026-09-28,1302.0,0.00010714727720506002,83003.24355208769
call,799.0,2026-09-28,384.0,9.575771604277424e-05,21878.01640138501
call,800.0,2026-09-28,708.0,8.606511318076776e-05,36254.618719828984
call,801.0,2026-09-28,29.0,7.776201545328362e-05,1341.7402445608532
call,802.0,2026-09-28,182.0,7.655166165644004e-05,8289.511727384388
call,803.0,2026-09-28,578.0,7.539389844030135e-05,25927.87826048345
call,804.0,2026-09-28,658.0,6.889807488265967e-05,26973.414179151656
call,805.0,2026-09-28,266.0,6.321613783060382e-05,10004.895022007577
call,806.0,2026-09-28,47.0,5.8222432507005585e-05,1628.1377436408902
call,807.0,2026-09-28,42.0,5.381390986387262e-05,1344.7661776887928
call,808.0,2026-09-28,49.0,4.99055413520851e-05,1454.949069906166
call,809.0,2026-09-28,33.0,1.8010900890503858e-05,353.6326182656215
call,810.0,2026-09-28,128.0,1.707924273736371e-05,1300.7131197809274
call,815.0,2026-09-28,27.0,1.1534191101601259e-05,185.29079600026915
call,820.0,2026-09-28,250.0,9.681169250856197e-06,1440.0274197521744
call,825.0,2026-09-28,491.0,8.387486120968105e-06,2450.2829998535944
call,830.0,2026-09-28,123.0,5.754595938386583e-06,421.13650296404455
call,835.0,2026-09-28,21.0,5.311931269051178e-06,66.37043774460172
call,840.0,2026-09-28,282.0,3.9391977601346645e-06,660.93664693613
call,850.0,2026-09-28,93.0,2.9707965645374714e-06,164.38371905488137
call,855.0,2026-09-28,1284.0,2.9342616106787757e-06,2241.6447904315783
call,860.0,2026-09-28,366.0,2.401161651733263e-06,522.8840861286636
call,865.0,2026-09-28,120.0,2.004537252608587e-06,143.11933773490932
put,550.0,2026-09-28,76.0,4.2955590888436645e-08,-1.942389089673501
put,555.0,2026-09-28,460.0,3.7931151485570434e-08,-10.381420889091675
put,560.0,2026-09-28,150.0,7.280868658953238e-08,-6.497965423492405
put,565.0,2026-09-28,90.0,6.455232165134194e-08,-3.456665189921598
put,570.0,2026-09-28,3.0,5.621527833241617e-08,-0.1003410312660574
put,585.0,2026-09-28,320.0,8.266957578522959e-08,-15.739778906492905
put,590.0,2026-09-28,144.0,6.928224771551211e-08,-5.935911281425024
put,595.0,2026-09-28,136.0,9.141789989718337e-08,-7.3972975607336675
put,600.0,2026-09-28,34.0,1.2088780437925391e-07,-2.4454813047085104
put,610.0,2026-09-28,1.0,1.3202154139379268e-07,-0.07855028031379352
put,615.0,2026-09-28,10.0,1.0539674321026968e-07,-0.6270903699444955
put,620.0,2026-09-28,29.0,1.412048236254657e-07,-2.4364105467176937
put,625.0,2026-09-28,28.0,1.899494701997046e-07,-3.1644559760431417
put,630.0,2026-09-28,304.0,1.472356209132502e-07,-26.631119047200627
put,635.0,2026-09-28,102.0,1.9990043567835068e-07,-12.131565647122962
put,640.0,2026-09-28,183.0,2.729418940972662e-07,-29.718318372745998
put,645.0,2026-09-28,92.0,2.0406632648852534e-07,-11.170229964540288
put,650.0,2026-09-28,17.0,2.82032983164957e-07,-2.8526714964451605
put,655.0,2026-09-28,6535.0,7.229136604993143e-07,-2810.8324819018135
put,660.0,2026-09-28,4070.0,1.0157415687976322e-06,-2459.6911332823865
put,665.0,2026-09-28,148.0,1.0703149015723386e-06,-94.24888642362559
put,670.0,2026-09-28,160.0,1.1220184540786492e-06,-106.81270726538696
put,675.0,2026-09-28,2655.0,1.169095818943e-06,-1846.7902496842992
put,680.0,2026-09-28,147.0,1.7171376615439501e-06,-150.184595290028
put,685.0,2026-09-28,143.0,1.8023111140217522e-06,-153.34468880303086
put,690.0,2026-09-28,80.0,1.878450161305255e-06,-89.41134009996098
put,695.0,2026-09-28,244.0,2.3812353406080024e-06,-345.696582327785
put,700.0,2026-09-28,158.0,3.0612773810053484e-06,-287.7813925629048
put,705.0,2026-09-28,338.0,3.2054544954876083e-06,-644.628135041142
put,710.0,2026-09-28,262.0,1.2255001306605664e-05,-1910.3704574408252
put,715.0,2026-09-28,1346.0,1.413757507301381e-05,-11321.994099994132
put,718.0,2026-09-28,301.0,1.5794941073895014e-05,-2828.7036174139403
put,719.0,2026-09-28,104.0,1.70138643375255e-05,-1052.7839250907066
put,720.0,2026-09-28,529.0,1.8353552790093846e-05,-5776.685947857428
put,721.0,2026-09-28,180.0,1.774051714822857e-05,-1899.9480269262808
put,722.0,2026-09-28,346.0,1.9180920180318098e-05,-3948.648514198597
put,723.0,2026-09-28,369.0,2.07724367090535e-05,-4560.545056867411
put,724.0,2026-09-28,1069.0,2.2534719466193407e-05,-14332.858104174897
put,725.0,2026-09-28,1515.0,2.1768116355722355e-05,-19621.690594913583
put,726.0,2026-09-28,314.0,2.3679896201181003e-05,-4423.9721331598685
put,727.0,2026-09-28,565.0,2.5810190555286826e-05,-8676.460599849685
put,728.0,2026-09-28,784.0,2.4896670107766057e-05,-11613.42361129728
put,729.0,2026-09-28,96.0,2.7222848824550644e-05,-1554.918908074995
put,730.0,2026-09-28,888.0,2.9833716814547925e-05,-15762.433561477785
put,731.0,2026-09-28,389.0,3.2772733450956894e-05,-7585.168054585396
put,732.0,2026-09-28,326.0,3.160975829493112e-05,-6131.146808411361
put,733.0,2026-09-28,268.0,3.486172043463732e-05,-5558.870414366224
put,734.0,2026-09-28,519.0,3.855490912576123e-05,-11905.564217199166
put,735.0,2026-09-28,8975.0,4.276421439672596e-05,-228358.87545597795
put,736.0,2026-09-28,441.0,4.127374578774281e-05,-10829.674776911292
put,737.0,2026-09-28,892.0,4.601174769644491e-05,-24419.486334464775
put,738.0,2026-09-28,607.0,5.147169227278174e-05,-18589.17339424845
put,739.0,2026-09-28,1482.0,4.9651637334816266e-05,-43780.90336212601
put,740.0,2026-09-28,3112.0,5.588402522282407e-05,-103473.75473361573
put,741.0,2026-09-28,2343.0,6.316128280166937e-05,-88049.3533423516
put,742.0,2026-09-28,521.0,0.00011241620697499688,-34847.33667129957
put,743.0,2026-09-28,900.0,0.00011978993358365433,-64145.43782919543
put,744.0,2026-09-28,662.0,0.00012796610173119232,-50402.94002599961
put,745.0,2026-09-28,1954.0,0.00014784895867137873,-171888.08361958349
put,746.0,2026-09-28,729.0,0.0001591973222806413,-69050.40451295285
put,747.0,2026-09-28,490.0,0.00017199968107189118,-50144.88756552673
put,748.0,2026-09-28,1558.0,0.0001865267914298688,-172906.61682890754
put,749.0,2026-09-28,2001.0,0.0002031165202549748,-241821.70369573217
put,750.0,2026-09-28,5264.0,0.00022219490883031148,-695909.7553406091
put,751.0,2026-09-28,514.0,0.0003721000128822059,-113795.67185898179
put,752.0,2026-09-28,702.0,0.0004170684672332171,-174199.7022233913
put,753.0,2026-09-28,1547.0,0.0004708691319916189,-433404.55858968856
put,754.0,2026-09-28,1087.0,0.0006846692133995834,-442805.7831987614
put,755.0,2026-09-28,2932.0,0.0009593018664055255,-1673486.4320459322
put,756.0,2026-09-28,1126.0,0.0013027867604650158,-872799.858457194
put,757.0,2026-09-28,4772.0,0.0017232780389913036,-4892814.251662381
put,758.0,2026-09-28,3331.0,0.0022293325286490678,-4418271.768482358
put,759.0,2026-09-28,2718.0,0.003505153133888024,-5668385.636672207
put,760.0,2026-09-28,6497.0,0.00481533908966962,-18614127.39767102
put,761.0,2026-09-28,1175.0,0.007067436060871101,-4940861.668777062
put,762.0,2026-09-28,2022.0,0.010376676024852533,-12483671.993115902
put,763.0,2026-09-28,4971.0,0.014772642857839916,-43692299.4877208
put,764.0,2026-09-28,2414.0,0.020923843289312138,-30052573.270795364
put,765.0,2026-09-28,4177.0,0.02934273551789269,-72923585.62469389
put,766.0,2026-09-28,1804.0,0.03995864516163908,-42889425.410927214
put,767.0,2026-09-28,1558.0,0.05259287295454098,-48752544.67292601
put,768.0,2026-09-28,1770.0,0.0666706139224364,-70211889.52886271
put,769.0,2026-09-28,965.0,0.08086257721142813,-46427770.86529133
put,770.0,2026-09-28,3072.0,0.09261836955605826,-169286093.44122997
put,771.0,2026-09-28,736.0,0.10030755788711565,-43925267.164292194
put,772.0,2026-09-28,1208.0,0.10116369610496549,-72710070.00902721
put,773.0,2026-09-28,1017.0,0.09525355003837718,-57637490.50361439
put,774.0,2026-09-28,1272.0,0.0839886113235414,-63563887.77067004
put,775.0,2026-09-28,849.0,0.06925038430396378,-34981048.154883645
put,776.0,2026-09-28,456.0,0.05377087055577696,-14588641.452664014
put,777.0,2026-09-28,294.0,0.039775348401539255,-6957676.994672497
put,778.0,2026-09-28,143.0,0.028325731987307635,-2410017.0735890632
put,779.0,2026-09-28,66.0,0.019990997305525497,-785021.1115892933
put,780.0,2026-09-28,1.0,0.013964820198024665,-8308.799681520295
put,781.0,2026-09-28,0.0,0.010716372826987775,-0.0
put,782.0,2026-09-28,0.0,0.00828202829955033,-0.0
put,783.0,2026-09-28,0.0,0.006357205956803497,-0.0
put,784.0,2026-09-28,0.0,0.005410667069455218,-0.0
put,785.0,2026-09-28,0.0,0.004126450897890853,-0.0
put,786.0,2026-09-28,0.0,0.004082726542473204,-0.0
put,787.0,2026-09-28,0.0,0.0033865636711958393,-0.0
put,788.0,2026-09-28,0.0,0.0029936325705451393,-0.0
put,789.0,2026-09-28,0.0,0.0026422349483336553,-0.0
put,790.0,2026-09-28,0.0,0.0023755488848539123,-0.0
put,791.0,2026-09-28,0.0,0.0021509056029127035,-0.0
put,792.0,2026-09-28,0.0,0.0024374269968064884,-0.0
put,793.0,2026-09-28,0.0,0.002224259155418269,-0.0
put,794.0,2026-09-28,0.0,0.0020236758665905024,-0.0
put,795.0,2026-09-28,0.0,0.0013680748416037883,-0.0
put,796.0,2026-09-28,0.0,0.001713510940718638,-0.0
put,797.0,2026-09-28,0.0,0.00623715745349677,-0.0
put,798.0,2026-09-28,0.0,0.005751224864735326,-0.0
put,799.0,2026-09-28,0.0,0.005426874322041661,-0.0
put,800.0,2026-09-28,25.0,0.005157965952537304,-76722.26576500526
put,801.0,2026-09-28,0.0,0.00496627537299628,-0.0
put,802.0,2026-09-28,0.0,0.004545256259222666,-0.0
put,803.0,2026-09-28,0.0,0.004313999495892424,-0.0
put,804.0,2026-09-28,0.0,0.0041787458162661365,-0.0
put,805.0,2026-09-28,0.0,0.004028174263014239,-0.0
put,806.0,2026-09-28,0.0,0.0036199926309492206,-0.0
put,807.0,2026-09-28,0.0,0.003450873695887656,-0.0
put,808.0,2026-09-28,0.0,0.0032944574240428436,-0.0
put,809.0,2026-09-28,0.0,0.003149519512605936,-0.0
put,810.0,2026-09-28,0.0,0.0030149765400293814,-0.0
put,815.0,2026-09-28,0.0,0.0026143843159664743,-0.0
put,820.0,2026-09-28,0.0,0.0021762983301872266,-0.0
put,825.0,2026-09-28,0.0,0.0017435243732989163,-0.0
put,830.0,2026-09-28,0.0,0.001466728124298395,-0.0
put,835.0,2026-09-28,0.0,0.0012902199238144067,-0.0
put,840.0,2026-09-28,0.0,0.0011081628126877435,-0.0
call,640.0,2026-09-29,3.0,8.75361503169165e-05,156.24698225135512
call,680.0,2026-09-29,64.0,0.000770824556952487,29352.05119147401
call,685.0,2026-09-29,96.0,0.000408145218524994,23312.501994742626
call,690.0,2026-09-29,68.0,0.000973925104190304,39403.737154687085
call,695.0,2026-09-29,43.0,0.001062449358916008,27181.888996922597
call,700.0,2026-09-29,69.0,0.0011994582321835643,49242.16742505319
call,705.0,2026-09-29,64.0,0.0013733670216615908,52296.127258667446
call,710.0,2026-09-29,71.0,0.001573967074824599,66490.09174949421
call,715.0,2026-09-29,70.0,0.0018226572264246417,75911.22189461422
call,718.0,2026-09-29,445.0,0.0019106047986051768,505864.048450926
call,719.0,2026-09-29,251.0,0.00020170871222115316,30123.21478432733
call,720.0,2026-09-29,100.0,0.00021018992371193436,12505.89657748353
call,721.0,2026-09-29,156.0,0.0002192048752089739,20345.939435921766
call,722.0,2026-09-29,104.0,0.00022502630759025272,13924.178226284732
call,723.0,2026-09-29,93.0,0.00023902708100635343,13226.136383651781
call,724.0,2026-09-29,51.0,0.00024571798946551,7456.071593251514
call,725.0,2026-09-29,83.0,0.000261613830572934,12919.381785782898
call,726.0,2026-09-29,94.0,0.0003087650774606043,17268.67308305349
call,727.0,2026-09-29,102.0,0.0003243462359138569,19683.937356282262
call,728.0,2026-09-29,53.0,0.0003411127981078606,10756.644697806112
call,729.0,2026-09-29,112.0,0.0003530385532623684,23525.729415726775
call,730.0,2026-09-29,132.0,0.0003787130372630192,29743.161378287008
call,731.0,2026-09-29,151.0,0.0003928285914971505,35292.545014949545
call,732.0,2026-09-29,88.0,0.00041525520190521575,21742.06020245371
call,733.0,2026-09-29,78.0,0.0004891790115176681,22702.064751466572
call,734.0,2026-09-29,141.0,0.0005194193667719261,43575.28049266923
call,735.0,2026-09-29,147.0,0.000542703261568894,47466.007837727695
call,736.0,2026-09-29,70.0,0.0005781849952857669,24080.627359303977
call,737.0,2026-09-29,92.0,0.0006058950873323334,33165.62598223647
call,738.0,2026-09-29,84.0,0.0006479503016824068,32383.5102385198
call,739.0,2026-09-29,84.0,0.0007620080854684625,38083.934174473194
call,740.0,2026-09-29,193.0,0.0008045247559381695,92384.61674672631
call,741.0,2026-09-29,174.0,0.0008510293346685943,88104.2216540299
call,742.0,2026-09-29,168.0,0.0009195740092973922,91917.6494488462
call,743.0,2026-09-29,242.0,0.00107492295333078,154773.15758356772
call,744.0,2026-09-29,119.0,0.0011474658286707248,81243.6941985431
call,745.0,2026-09-29,112.0,0.0013247173158059799,88276.31100340036
call,746.0,2026-09-29,99.0,0.0014242469768704442,83892.55882582917
call,747.0,2026-09-29,139.0,0.0016561346835514087,136966.19562017987
call,748.0,2026-09-29,345.0,0.0017951408983755068,368485.64750956214
call,749.0,2026-09-29,238.0,0.002065938841822219,292548.15142048313
call,750.0,2026-09-29,558.0,0.002387085232548078,792510.5735841575
call,751.0,2026-09-29,194.0,0.0027212372603388746,314102.2728912148
call,752.0,2026-09-29,145.0,0.003281882949951567,283135.30752900307
call,753.0,2026-09-29,216.0,0.0037455346908020445,481360.5727125398
call,754.0,2026-09-29,100.0,0.0044745525301051895,266227.27761538036
call,755.0,2026-09-29,322.0,0.00528237351472344,1012017.2581477559
call,756.0,2026-09-29,270.0,0.00639814665703843,1027829.0662658864
call,757.0,2026-09-29,202.0,0.007835640945758188,941735.2715199364
call,758.0,2026-09-29,122.0,0.009481273374459205,688223.407777303
call,759.0,2026-09-29,255.0,0.011545263334462324,1751648.5091698107
call,760.0,2026-09-29,286.0,0.014080056053264418,2395925.761118072
call,761.0,2026-09-29,203.0,0.017255224667088058,2084105.0043354423
call,762.0,2026-09-29,576.0,0.02095806359660484,7182515.59335918
call,763.0,2026-09-29,404.0,0.02533034819527154,6088712.461558658
call,764.0,2026-09-29,448.0,0.03038571048591225,8099353.4149787845
call,765.0,2026-09-29,1095.0,0.03606418525894584,23495959.488589995
call,766.0,2026-09-29,323.0,0.04229268542790098,8127757.259500636
call,767.0,2026-09-29,551.0,0.048763168950897114,15986244.841967328
call,768.0,2026-09-29,664.0,0.05523357224557233,21820975.004889417
call,769.0,2026-09-29,904.0,0.06097615673883677,32796795.999874976
call,770.0,2026-09-29,1918.0,0.06579383039503314,75082152.3743049
call,771.0,2026-09-29,1450.0,0.06867928397805838,59251138.710740015
call,772.0,2026-09-29,1334.0,0.06946430165903178,55134119.57541948
call,773.0,2026-09-29,1381.0,0.0682361135468206,56067462.597731546
call,774.0,2026-09-29,1077.0,0.06479174393470666,41518180.541796364
call,775.0,2026-09-29,1550.0,0.0594510382002262,54826949.319951974
call,776.0,2026-09-29,1234.0,0.05276291510503625,38738864.06908402
call,777.0,2026-09-29,1104.0,0.045308335487992187,29761178.265138585
call,778.0,2026-09-29,1494.0,0.03777776346626834,33580702.77464867
call,779.0,2026-09-29,2079.0,0.030700676438307803,37975663.81696673
call,780.0,2026-09-29,1967.0,0.024408044385439073,28565398.335184302
call,781.0,2026-09-29,907.0,0.018958144986737025,10230716.908809165
call,782.0,2026-09-29,1677.0,0.014641298020696107,14608834.985832546
call,783.0,2026-09-29,2232.0,0.0110833134657327,14718608.271167258
call,784.0,2026-09-29,371.0,0.008498390676301478,1875916.6662944285
call,785.0,2026-09-29,769.0,0.006617697070391277,3027862.5969016124
call,786.0,2026-09-29,571.0,0.004936594599382644,1677129.1685503311
call,787.0,2026-09-29,591.0,0.003794354946115113,1334222.85571844
call,788.0,2026-09-29,234.0,0.0030748325389403186,428095.10887867445
call,789.0,2026-09-29,1051.0,0.00250952626858652,1569269.0242026492
call,790.0,2026-09-29,706.0,0.00200623176001431,842730.5590787778
call,791.0,2026-09-29,651.0,0.0015651476484339916,606232.5373388433
call,792.0,2026-09-29,833.0,0.0014216128190122465,704578.3148875961
call,793.0,2026-09-29,433.0,0.0010890162880540784,280559.6505767072
call,794.0,2026-09-29,188.0,0.0010052917178913258,112448.29999650158
call,795.0,2026-09-29,350.0,0.0009055988730307344,188584.87487798338
call,796.0,2026-09-29,224.0,0.0006841660496164374,91182.70630766649
call,797.0,2026-09-29,623.0,0.0006247723487598637,231586.25892095728
call,798.0,2026-09-29,431.0,0.0005732540491758296,147003.38710248593
call,799.0,2026-09-29,556.0,0.0005282986949776145,174766.13012420756
call,800.0,2026-09-29,496.0,0.0003820128448955153,112735.98992767073
call,801.0,2026-09-29,52.0,0.0003564837529275559,11029.251121110141
call,802.0,2026-09-29,15.0,0.00033378885926536693,2978.9693618304523
call,803.0,2026-09-29,44.0,0.0003135224252423253,8207.752019917934
call,804.0,2026-09-29,44.0,0.00027805882268555165,7279.344888294259
call,805.0,2026-09-29,40.0,0.0002629681940176819,6258.440898546321
call,806.0,2026-09-29,84.0,0.0002493199602233692,12460.609191163292
call,807.0,2026-09-29,79.0,0.00023693375711229136,11136.711588112235
call,808.0,2026-09-29,792.0,0.00022565654363324933,106334.95548803371
call,809.0,2026-09-29,780.0,0.00014229514693142297,66037.04499574467
call,810.0,2026-09-29,45.0,0.00012889373337747153,3451.018259044129
call,815.0,2026-09-29,148.0,0.00010431038151886733,9185.275554077049
call,820.0,2026-09-29,3.0,8.305128489250174e-05,148.24175600104297
call,825.0,2026-09-29,1.0,3.125132082693069e-05,18.593935392782182
call,835.0,2026-09-29,242.0,2.055905111680641e-05,2960.202169290664
call,845.0,2026-09-29,26.0,1.501555209592355e-05,232.28308924040587
call,850.0,2026-09-29,72.0,1.3212489283064646e-05,566.0047615162086
call,855.0,2026-09-29,1091.0,9.770570071186474e-06,6342.3118811359245
call,860.0,2026-09-29,358.0,8.927109412840038e-06,1901.502166188453
call,865.0,2026-09-29,183.0,8.247158991168107e-06,897.9629066501863
call,890.0,2026-09-29,1.0,4.669551212958978e-06,2.7782932455202194
put,550.0,2026-09-29,6.0,3.174146964562923e-07,-1.133133871297085
put,560.0,2026-09-29,110.0,8.837104661606448e-07,-57.83698213968672
put,565.0,2026-09-29,20.0,3.893801067850867e-07,-4.633473630693648
put,570.0,2026-09-29,41.0,3.2109219518140417e-07,-7.832791138049197
put,575.0,2026-09-29,30.0,3.8709710112027305e-07,-6.9094601109733675
put,580.0,2026-09-29,48.0,4.671089774954036e-07,-13.340201569649082
put,595.0,2026-09-29,5.0,5.45947648192422e-07,-1.624141801005642
put,600.0,2026-09-29,15.0,6.611946961321451e-07,-5.9009720885157915
put,605.0,2026-09-29,0.0,8.023283787001805e-07,-0.0
put,610.0,2026-09-29,135.0,1.4873334750280903e-06,-119.46620316856985
put,615.0,2026-09-29,149.0,7.509834476258296e-07,-66.57628743906963
put,620.0,2026-09-29,95.0,9.149971662310276e-07,-51.71854454828809
put,625.0,2026-09-29,41.0,1.1182236744960965e-06,-27.27818557844876
put,635.0,2026-09-29,21.0,1.0026625391708464e-06,-12.527863834121042
put,640.0,2026-09-29,4.0,2.664159401854036e-06,-6.340494607377835
put,645.0,2026-09-29,15.0,3.3153931160010737e-06,-29.58892797299406
put,650.0,2026-09-29,245.0,3.2352689651970247e-06,-471.6061026771154
put,655.0,2026-09-29,55.0,4.062709371319285e-06,-132.9478705670419
put,660.0,2026-09-29,8.0,3.932512372655642e-06,-18.718154382892887
put,665.0,2026-09-29,1174.0,4.993509282761591e-06,-3488.003392698785
put,670.0,2026-09-29,6777.0,1.2241186102625642e-05,-49358.72427791154
put,675.0,2026-09-29,8038.0,1.4045809102688957e-05,-67173.45767654004
put,680.0,2026-09-29,36.0,1.5171186846969452e-05,-324.9563276559583
put,685.0,2026-09-29,68.0,1.6373097528542548e-05,-662.4341324060207
put,690.0,2026-09-29,262.0,1.8991847094203842e-05,-2960.543431475935
put,695.0,2026-09-29,48.0,2.2181775695889045e-05,-633.4910550050704
put,700.0,2026-09-29,1498.0,2.611934847232818e-05,-23279.68465931594
put,705.0,2026-09-29,971.0,3.1055821435142705e-05,-17941.766117895706
put,710.0,2026-09-29,671.0,5.670536627658745e-05,-22638.60283555797
put,715.0,2026-09-29,2505.0,7.080630877153697e-05,-105531.62487646982
put,718.0,2026-09-29,197.0,8.167441166488746e-05,-9573.156994025338
put,719.0,2026-09-29,19.0,8.217254736832895e-05,-928.9306477791189
put,720.0,2026-09-29,3101.0,8.262712006223909e-05,-152449.9626532978
put,721.0,2026-09-29,1.0,8.689966331044606e-05,-51.70362987847041
put,722.0,2026-09-29,22.0,9.148814387630746e-05,-1197.541128228573
put,723.0,2026-09-29,124.0,9.642381572883807e-05,-7113.9193773491115
put,724.0,2026-09-29,500.0,0.0001388708758385171,-41312.751348661426
put,725.0,2026-09-29,1156.0,0.0001471960493382591,-101241.11702987416
put,726.0,2026-09-29,49.0,0.0001495954321570894,-4361.313974005701
put,727.0,2026-09-29,85.0,0.0001589245902345353,-8037.35158134186
put,728.0,2026-09-29,79.0,0.00016908025754994952,-7947.360842655713
put,729.0,2026-09-29,367.0,0.00018015889154860863,-39339.125878808605
put,730.0,2026-09-29,444.0,0.00018364872948048637,-48514.75454902748
put,731.0,2026-09-29,155.0,0.00019623181473105345,-18096.894666476554
put,732.0,2026-09-29,185.0,0.0002002739080298686,-22044.438491645862
put,733.0,2026-09-29,410.0,0.00027090682273578777,-66085.58514364147
put,734.0,2026-09-29,93.0,0.000291628071554368,-16136.718197118878
put,735.0,2026-09-29,693.0,0.00030051450291461863,-123908.64587561578
put,736.0,2026-09-29,1067.0,0.0003247602036807174,-206172.22828785353
put,737.0,2026-09-29,217.0,0.000335464064143407,-43312.04386055616
put,738.0,2026-09-29,325.0,0.0003641184815165011,-70409.13746949409
put,739.0,2026-09-29,849.0,0.0003771765838473654,-190526.48407763406
put,740.0,2026-09-29,3207.0,0.0004991904774042827,-952507.0356865877
put,741.0,2026-09-29,10228.0,0.0005217998228504872,-3175393.7592038875
put,742.0,2026-09-29,295.0,0.0005597110178240952,-98240.1036966397
put,743.0,2026-09-29,603.0,0.0006020086694387388,-215984.70514445915
put,744.0,2026-09-29,1126.0,0.0007517125764358453,-503608.6105753121
put,745.0,2026-09-29,1369.0,0.0008156085858913374,-664336.5966409964
put,746.0,2026-09-29,478.0,0.0009767167973806445,-277779.0533475223
put,747.0,2026-09-29,1553.0,0.0010691279976127695,-987879.7852662067
put,748.0,2026-09-29,1513.0,0.0012901455850074868,-1161396.7029068805
put,749.0,2026-09-29,362.0,0.001526379194819823,-328756.1974476645
put,750.0,2026-09-29,1315.0,0.0018126240853971404,-1418196.5987400452
put,751.0,2026-09-29,481.0,0.002160701773498528,-618362.0737939276
put,752.0,2026-09-29,1128.0,0.002533722778969679,-1700478.4626407428
put,753.0,2026-09-29,949.0,0.003135423483914881,-1770375.372266272
put,754.0,2026-09-29,829.0,0.0038131381816899125,-1880788.7329182029
put,755.0,2026-09-29,3413.0,0.004610230903141043,-9361854.90790858
put,756.0,2026-09-29,1445.0,0.005683446946523494,-4886327.792363078
put,757.0,2026-09-29,434.0,0.006961900186925922,-1797713.427331801
put,758.0,2026-09-29,1900.0,0.008823357783136965,-9974483.843536504
put,759.0,2026-09-29,800.0,0.010894294511390346,-5185516.71890096
put,760.0,2026-09-29,1964.0,0.013459181236469069,-15727622.078908257
put,761.0,2026-09-29,496.0,0.016698607096664472,-4927933.776600079
put,762.0,2026-09-29,859.0,0.02049113259568096,-10472782.102256397
put,763.0,2026-09-29,4031.0,0.025072346303011805,-60132701.616939306
put,764.0,2026-09-29,1807.0,0.03021519261245185,-32485268.439274497
put,765.0,2026-09-29,1992.0,0.03602916779130745,-42701831.758715004
put,766.0,2026-09-29,1729.0,0.04234533825979624,-43561571.62152913
put,767.0,2026-09-29,1362.0,0.04890579555212455,-39631487.741329215
put,768.0,2026-09-29,941.0,0.05520877371953599,-30910118.10597333
put,769.0,2026-09-29,1587.0,0.0611174280381908,-57709184.44323701
put,770.0,2026-09-29,811.0,0.06577162702565569,-31736744.81109929
put,771.0,2026-09-29,595.0,0.06867928397805838,-24313398.29854504
put,772.0,2026-09-29,300.0,0.06946430165903178,-12398977.415761502
put,773.0,2026-09-29,528.0,0.0682361135468206,-21436365.13512111
put,774.0,2026-09-29,490.0,0.06459028858541475,-18830690.491727058
put,775.0,2026-09-29,652.0,0.05913216325499921,-22938990.588452898
put,776.0,2026-09-29,269.0,0.05248748965885417,-8400613.855864774
put,777.0,2026-09-29,132.0,0.04523429070455817,-3552586.4596090554
put,778.0,2026-09-29,310.0,0.03796719907899366,-7002823.710878752
put,779.0,2026-09-29,209.0,0.031254196931995736,-3886490.1435864903
put,780.0,2026-09-29,245.0,0.025241635860145002,-3679480.6370829674
put,781.0,2026-09-29,8.0,0.019611142133131563,-93346.02190327462
put,782.0,2026-09-29,18.0,0.015675103158952253,-167874.93323829648
put,783.0,2026-09-29,0.0,0.012227124685996902,-0.0
put,784.0,2026-09-29,0.0,0.009677226410941401,-0.0
put,785.0,2026-09-29,0.0,0.008039694440662352,-0.0
put,786.0,2026-09-29,0.0,0.00662042858841006,-0.0
put,787.0,2026-09-29,0.0,0.00632357200247026,-0.0
put,788.0,2026-09-29,0.0,0.004874654379234026,-0.0
put,789.0,2026-09-29,0.0,0.004366679838503671,-0.0
put,790.0,2026-09-29,0.0,0.0037690755412219373,-0.0
put,791.0,2026-09-29,0.0,0.003607599845030616,-0.0
put,792.0,2026-09-29,0.0,0.003294243082213596,-0.0
put,793.0,2026-09-29,0.0,0.0030239974282972614,-0.0
put,794.0,2026-09-29,0.0,0.00317836908680914,-0.0
put,795.0,2026-09-29,0.0,0.0023005835308687974,-0.0
put,796.0,2026-09-29,0.0,0.0027281009970288074,-0.0
put,797.0,2026-09-29,0.0,0.001990030292777132,-0.0
put,798.0,2026-09-29,0.0,0.0023601647795637453,-0.0
put,799.0,2026-09-29,0.0,0.001717889218775765,-0.0
put,800.0,2026-09-29,0.0,0.006033956351934593,-0.0
put,801.0,2026-09-29,0.0,0.0057386624309997076,-0.0
put,802.0,2026-09-29,0.0,0.0054622488868130824,-0.0
put,803.0,2026-09-29,0.0,0.005207692528438939,-0.0
put,804.0,2026-09-29,0.0,0.005023377246491834,-0.0
put,805.0,2026-09-29,0.0,0.0047775592010387315,-0.0
put,806.0,2026-09-29,0.0,0.00457104379259032,-0.0
put,807.0,2026-09-29,0.0,0.004354960566947547,-0.0
put,808.0,2026-09-29,0.0,0.00417766310434809,-0.0
put,809.0,2026-09-29,0.0,0.004012514341877216,-0.0
put,810.0,2026-09-29,0.0,0.003854828146280863,-0.0
put,815.0,2026-09-29,0.0,0.003214440412955933,-0.0
put,820.0,2026-09-29,0.0,0.0026979255746717268,-0.0
put,825.0,2026-09-29,0.0,0.0023151642355512527,-0.0
put,830.0,2026-09-29,0.0,0.0020086840998784143,-0.0
put,835.0,2026-09-29,0.0,0.0017613909648859448,-0.0
call,375.0,2026-09-30,0.0,2.4258657474482816e-05,0.0
call,380.0,2026-09-30,7.0,1.2648669850577802e-05,52.680008603835375
call,410.0,2026-09-30,1.0,0.0,0.0
call,415.0,2026-09-30,73.0,0.0,0.0
call,420.0,2026-09-30,0.0,1.6152000752233644e-05,0.0
call,425.0,2026-09-30,3.0,1.775826759154913e-05,31.697483966865533
call,440.0,2026-09-30,0.0,0.0,0.0
call,450.0,2026-09-30,0.0,0.0,0.0
call,460.0,2026-09-30,0.0,0.0,0.0
call,470.0,2026-09-30,0.0,0.0,0.0
call,475.0,2026-09-30,0.0,1.5015719863957854e-05,0.0
call,480.0,2026-09-30,0.0,2.8203084329085755e-05,0.0
call,485.0,2026-09-30,0.0,3.098370992594572e-05,0.0
call,490.0,2026-09-30,1.0,3.129430020523423e-05,18.619507297017
call,495.0,2026-09-30,0.0,3.049880248045586e-05,0.0
call,500.0,2026-09-30,0.0,3.595644935607318e-05,0.0
call,505.0,2026-09-30,0.0,3.576790956986922e-05,0.0
call,510.0,2026-09-30,1.0,4.05847008423816e-05,24.147117159551783
call,515.0,2026-09-30,0.0,3.936839572736456e-05,0.0
call,520.0,2026-09-30,0.0,4.446210087748395e-05,0.0
call,525.0,2026-09-30,0.0,4.8793487702400104e-05,0.0
call,530.0,2026-09-30,0.0,4.827006846565713e-05,0.0
call,535.0,2026-09-30,0.0,5.052654740832188e-05,0.0
call,540.0,2026-09-30,27.0,5.1564211864289834e-05,828.3523116011472
call,545.0,2026-09-30,0.0,6.018626021323647e-05,0.0
call,550.0,2026-09-30,0.0,6.413511703939557e-05,0.0
call,555.0,2026-09-30,0.0,6.379529873429458e-05,0.0
call,560.0,2026-09-30,0.0,6.639235154934157e-05,0.0
call,565.0,2026-09-30,0.0,7.420125484618676e-05,0.0
call,570.0,2026-09-30,0.0,3.551683498949275e-05,0.0
call,575.0,2026-09-30,0.0,8.304900376717922e-05,0.0
call,580.0,2026-09-30,0.0,8.546108258633081e-05,0.0
call,585.0,2026-09-30,0.0,9.033734107286677e-05,0.0
call,590.0,2026-09-30,0.0,9.308700502355648e-05,0.0
call,594.0,2026-09-30,4.0,0.00010061038357998498,239.4449799404535
call,595.0,2026-09-30,0.0,0.00010772675267177055,0.0
call,596.0,2026-09-30,0.0,0.00011005415126049262,0.0
call,597.0,2026-09-30,0.0,0.00011163553156652883,0.0
call,598.0,2026-09-30,0.0,0.00011162114842089602,0.0
call,599.0,2026-09-30,0.0,0.00010515553686471499,0.0
call,600.0,2026-09-30,6.0,0.00011907540532914375,425.0854687046973
call,601.0,2026-09-30,0.0,0.00012037411392648754,0.0
call,602.0,2026-09-30,0.0,0.00011094791513433126,0.0
call,603.0,2026-09-30,0.0,0.00011381603193588221,0.0
call,604.0,2026-09-30,0.0,6.65944274488853e-05,0.0
call,605.0,2026-09-30,0.0,0.00011052536589146112,0.0
call,606.0,2026-09-30,0.0,0.00012152396511979992,0.0
call,607.0,2026-09-30,0.0,0.00012004265597936154,0.0
call,608.0,2026-09-30,0.0,0.0001213072613877191,0.0
call,609.0,2026-09-30,0.0,0.0001283524268157429,0.0
call,610.0,2026-09-30,0.0,0.00012291057345932687,0.0
call,611.0,2026-09-30,0.0,0.00013365653862347732,0.0
call,612.0,2026-09-30,2.0,0.00013152940021962209,156.51493154347037
call,613.0,2026-09-30,0.0,0.0001350158561384837,0.0
call,614.0,2026-09-30,0.0,0.00013700646284394878,0.0
call,615.0,2026-09-30,0.0,0.00014228958400402603,0.0
call,616.0,2026-09-30,0.0,0.00013889947791834737,0.0
call,617.0,2026-09-30,0.0,9.766385055659395e-05,0.0
call,618.0,2026-09-30,0.0,0.0001540005013829626,0.0
call,619.0,2026-09-30,0.0,0.00015217713964724782,0.0
call,620.0,2026-09-30,1.0,0.00015029239242563865,89.42108560035068
call,621.0,2026-09-30,0.0,0.0001447851166826844,0.0
call,622.0,2026-09-30,0.0,0.00015239570874733192,0.0
call,623.0,2026-09-30,2.0,0.00016481365785097943,196.12191899987596
call,624.0,2026-09-30,0.0,5.5905180414201645e-05,0.0
call,625.0,2026-09-30,0.0,0.0001613529390987521,0.0
call,626.0,2026-09-30,0.0,0.00016580947359131308,0.0
call,627.0,2026-09-30,0.0,0.00016564136461287321,0.0
call,628.0,2026-09-30,0.0,0.00016407162336740957,0.0
call,629.0,2026-09-30,0.0,0.000166576824502841,0.0
call,630.0,2026-09-30,0.0,0.00016701169773176028,0.0
call,631.0,2026-09-30,1.0,0.00017389948474561882,103.46685191659844
call,632.0,2026-09-30,0.0,0.00018785289007060792,0.0
call,633.0,2026-09-30,3.0,0.00016964229784290668,302.80172253608225
call,634.0,2026-09-30,0.0,0.0001722437056053373,0.0
call,635.0,2026-09-30,1.0,0.00018419375767552391,109.59174650375375
call,636.0,2026-09-30,0.0,0.00018231052056499327,0.0
call,637.0,2026-09-30,0.0,0.0001900277424159039,0.0
call,638.0,2026-09-30,0.0,0.00019974564647007106,0.0
call,639.0,2026-09-30,0.0,0.0001986508239166362,0.0
call,640.0,2026-09-30,2.0,0.00020357569254836626,242.24725065209202
call,641.0,2026-09-30,0.0,0.0002068523086582823,0.0
call,642.0,2026-09-30,0.0,0.00017596570976579934,0.0
call,643.0,2026-09-30,0.0,0.00020804813680760164,0.0
call,644.0,2026-09-30,3.0,0.00020859989343779755,372.3387849432471
call,645.0,2026-09-30,0.0,0.00022552694297079082,0.0
call,646.0,2026-09-30,0.0,0.00022427466152323967,0.0
call,647.0,2026-09-30,0.0,0.00022494838894232994,0.0
call,648.0,2026-09-30,0.0,0.00022049545155511616,0.0
call,649.0,2026-09-30,10.0,0.00024631343230772576,1465.5175927020466
call,650.0,2026-09-30,8.0,0.00022781662746987973,1084.3721264865346
call,651.0,2026-09-30,0.0,0.00022836118653259428,0.0
call,652.0,2026-09-30,0.0,0.0001356224450635957,0.0
call,653.0,2026-09-30,0.0,0.0002542732946178856,0.0
call,654.0,2026-09-30,0.0,0.00025863550112838093,0.0
call,655.0,2026-09-30,3.0,0.0001980475629820651,353.503483374032
call,656.0,2026-09-30,3.0,0.0002077394530231572,370.80294840362404
call,657.0,2026-09-30,0.0,0.00023544387852773537,0.0
call,658.0,2026-09-30,0.0,0.00026681345052176363,0.0
call,659.0,2026-09-30,5.0,0.00014663966715524495,436.2389212608999
call,660.0,2026-09-30,1.0,0.0002629998493687608,156.4798567892872
call,661.0,2026-09-30,10.0,0.00016823665386083358,1000.9757635237296
call,662.0,2026-09-30,3.0,0.0003044963996522221,543.5085205348357
call,663.0,2026-09-30,16.0,0.0002883218150888672,2744.7350372325955
call,664.0,2026-09-30,18.0,0.0003082320478438993,3301.0586232822384
call,665.0,2026-09-30,21.0,0.0007451065486869699,9309.805661615219
call,666.0,2026-09-30,11.0,0.00017573396195820723,1150.1416366913973
call,667.0,2026-09-30,12.0,0.000270052859517026,1928.1151476331358
call,668.0,2026-09-30,31.0,0.00031702218182266264,5847.285303093526
call,669.0,2026-09-30,39.0,0.00035484351753224945,8233.877907662783
call,670.0,2026-09-30,57.0,0.0007983011577381478,27073.509413911645
call,671.0,2026-09-30,23.0,0.0003061220453840485,4189.144900821666
call,672.0,2026-09-30,38.0,0.00036301588186904644,8207.524023496242
call,673.0,2026-09-30,22.0,0.0008572991701271071,11221.683727800551
call,674.0,2026-09-30,11.0,0.0003379145204310643,2211.5791123106924
call,675.0,2026-09-30,44.0,0.0003769259734251092,9867.60330572304
call,676.0,2026-09-30,6.0,0.0009461730505947533,3377.728705403653
call,677.0,2026-09-30,13.0,0.0009687896937843822,7493.346280540548
call,678.0,2026-09-30,20.0,0.0009558580081710668,11374.342957876092
call,679.0,2026-09-30,33.0,0.0011586610374403707,22749.574762716773
call,680.0,2026-09-30,25.0,0.000998038462443707,14845.342692042426
call,681.0,2026-09-30,16.0,0.000977173438996121,9302.39071448355
call,682.0,2026-09-30,11.0,0.0010082570598357967,6598.829344557672
call,683.0,2026-09-30,20.0,0.0009802210669191543,11664.253994175155
call,684.0,2026-09-30,30.0,0.0010486567285778036,18717.918101796626
call,685.0,2026-09-30,40.0,0.001064024773541083,25322.971793874978
call,686.0,2026-09-30,14.0,0.0011105122447791686,9250.2682575684
call,687.0,2026-09-30,19.0,0.0011138678531694055,12591.869420173167
call,688.0,2026-09-30,38.0,0.0011369397122517704,25705.376727675844
call,689.0,2026-09-30,45.0,0.001160726973813713,31077.461063722192
call,690.0,2026-09-30,53.0,0.001186069650735089,37401.49853824656
call,691.0,2026-09-30,27.0,0.0012180335250630899,19567.076652876138
call,692.0,2026-09-30,16.0,0.0012443521707502004,11845.85009865384
call,693.0,2026-09-30,29.0,0.0012645537275662428,21819.169909560558
call,694.0,2026-09-30,23.0,0.001285278685439289,17588.470782912565
call,695.0,2026-09-30,51.0,0.0013350314135966137,40510.21995039285
call,696.0,2026-09-30,18.0,0.0013510706682654514,14469.49955833296
call,697.0,2026-09-30,33.0,0.0013886674974178277,27265.605757186342
call,698.0,2026-09-30,37.0,0.0014207452782351946,31276.697205789853
call,699.0,2026-09-30,25.0,0.001453953969387418,21626.866845554086
call,700.0,2026-09-30,111.0,0.0014883495287586269,98294.87015122239
call,701.0,2026-09-30,44.0,0.0015153662503464274,39671.00724161299
call,702.0,2026-09-30,45.0,0.001895761724537197,50757.38094275993
call,703.0,2026-09-30,123.0,0.001711465277726417,125249.54136192061
call,704.0,2026-09-30,44.0,0.0016390502405808959,42908.94953519481
call,705.0,2026-09-30,51.0,0.0016971834774075947,51499.36942736868
call,706.0,2026-09-30,57.0,0.0017220267597154832,58400.65148127626
call,707.0,2026-09-30,31.0,0.0017755228734522537,32748.461774991112
call,708.0,2026-09-30,16.0,0.0018300052778073815,17421.08762311421
call,709.0,2026-09-30,64.0,0.0018693187467184748,71181.3590420482
call,710.0,2026-09-30,51.0,0.0019378529839548164,58802.24975384342
call,711.0,2026-09-30,26.0,0.0019709843626237863,30490.143397329823
call,712.0,2026-09-30,57.0,0.0004993485186732089,16934.858092184288
call,713.0,2026-09-30,21.0,0.0005158359795771862,6445.162415489722
call,714.0,2026-09-30,54.0,0.0005331518747432208,17129.616527073616
call,715.0,2026-09-30,157.0,0.0005513545723127002,51503.12405676873
call,716.0,2026-09-30,68.0,0.0005705077537411743,23081.99827318096
call,717.0,2026-09-30,57.0,0.0005906810074938754,20032.29941732059
call,718.0,2026-09-30,70.0,0.0006054742756095058,25217.18917902873
call,719.0,2026-09-30,49.0,0.0006618304478658215,19295.043565692657
call,720.0,2026-09-30,54.0,0.0006868721487227106,22068.48942698333
call,721.0,2026-09-30,88.0,0.0007133742257899816,37351.06819334892
call,722.0,2026-09-30,69.0,0.0007414555473090367,30439.474438688434
call,723.0,2026-09-30,87.0,0.0007712474273420093,39922.33376720304
call,724.0,2026-09-30,147.0,0.0007984881366971384,69837.50944343195
call,725.0,2026-09-30,122.0,0.0008740160028643149,63442.77273594438
call,726.0,2026-09-30,633.0,0.0009019624720895823,339699.6649268343
call,727.0,2026-09-30,588.0,0.0009418370546968363,329500.4705950325
call,728.0,2026-09-30,665.0,0.0009844536116261331,389511.1033494468
call,729.0,2026-09-30,563.0,0.001071144879437425,358805.87964619475
call,730.0,2026-09-30,5752.0,0.0011162046536049893,3820020.085471496
call,731.0,2026-09-30,1147.0,0.0011709561055866099,799110.7509694328
call,732.0,2026-09-30,805.0,0.0012721240460010182,609295.9374556757
call,733.0,2026-09-30,1040.0,0.001330782446333795,823461.5837408697
call,734.0,2026-09-30,726.0,0.0013938551609426466,602084.1693019265
call,735.0,2026-09-30,1849.0,0.0015213121717732952,1673625.1418843917
call,736.0,2026-09-30,760.0,0.0015985191371232664,722827.0097940526
call,737.0,2026-09-30,701.0,0.0016821153556856707,701579.2464723965
call,738.0,2026-09-30,420.0,0.0018247066285316663,455979.4604148002
call,739.0,2026-09-30,348.0,0.0019939415115745583,412852.19614514726
call,740.0,2026-09-30,2447.0,0.002110322692805082,3072456.753100987
call,741.0,2026-09-30,621.0,0.0022891537182873497,845803.5375449732
call,742.0,2026-09-30,1292.0,0.0025020787492541713,1923385.9011162978
call,743.0,2026-09-30,813.0,0.0027252732361059927,1318267.4748454974
call,744.0,2026-09-30,587.0,0.0029749299293800216,1039005.3466547332
call,745.0,2026-09-30,3810.0,0.0032375703356838656,7339173.050688495
call,746.0,2026-09-30,912.0,0.0035323395176870246,1916726.8143504406
call,747.0,2026-09-30,871.0,0.0039449527557173375,2044386.0165499519
call,748.0,2026-09-30,419.0,0.0043044903987422,1073096.3227453239
call,749.0,2026-09-30,516.0,0.0047932868115457125,1471587.3913250526
call,750.0,2026-09-30,5632.0,0.005324707179190101,17842730.507000566
call,751.0,2026-09-30,1505.0,0.0060120651396267585,5383480.169070586
call,752.0,2026-09-30,924.0,0.006768997554352505,3721339.293158722
call,753.0,2026-09-30,567.0,0.0076049686403488635,2565567.3892350974
call,754.0,2026-09-30,765.0,0.008612034046133824,3919856.0034921463
call,755.0,2026-09-30,3313.0,0.009815874979574585,19348771.438361287
call,756.0,2026-09-30,1290.0,0.011140057331197209,8550274.869709667
call,757.0,2026-09-30,1431.0,0.012690135615260417,10804603.57955716
call,758.0,2026-09-30,920.0,0.01447347498401603,7922524.344876222
call,759.0,2026-09-30,1658.0,0.01649647598888668,16273412.970837276
call,760.0,2026-09-30,4966.0,0.018835640183796062,55653187.20195621
call,761.0,2026-09-30,6228.0,0.021413908143297782,79350100.20424803
call,762.0,2026-09-30,2236.0,0.02428659038875518,32310322.10908329
call,763.0,2026-09-30,1337.0,0.027408168063556244,21802904.68277756
call,764.0,2026-09-30,1482.0,0.030777867485821106,27138739.312916562
call,765.0,2026-09-30,4593.0,0.03430180689872614,93738151.14166409
call,766.0,2026-09-30,1919.0,0.037939005968828717,43317547.7511681
call,767.0,2026-09-30,1505.0,0.04150400975821898,37164602.89120477
call,768.0,2026-09-30,2239.0,0.04490651995919479,59822758.42020177
call,769.0,2026-09-30,3126.0,0.04785376625167233,89003695.20202334
call,770.0,2026-09-30,8493.0,0.05025186180343367,253931291.244811
call,771.0,2026-09-30,4216.0,0.05195481232374033,130325476.89231321
call,772.0,2026-09-30,3107.0,0.05273787197827735,97491509.5699608
call,773.0,2026-09-30,2975.0,0.05236686337764289,92692900.47875935
call,774.0,2026-09-30,2440.0,0.051127329652952976,74224260.08535135
call,775.0,2026-09-30,21758.0,0.0490076202355683,634432652.367052
call,776.0,2026-09-30,1432.0,0.0458878077398428,39096985.052495785
call,777.0,2026-09-30,4279.0,0.04215024886285757,107311278.69159791
call,778.0,2026-09-30,2692.0,0.038024412771638254,60903256.01566611
call,779.0,2026-09-30,4060.0,0.03360753263375388,81183094.73995759
call,780.0,2026-09-30,18048.0,0.029189384105795167,313441829.8427221
call,781.0,2026-09-30,3043.0,0.02493085596759221,45137976.10148616
call,782.0,2026-09-30,2886.0,0.020920840873081905,35923480.15759289
call,783.0,2026-09-30,1777.0,0.017375537219081794,18370822.841068916
call,784.0,2026-09-30,4481.0,0.014294074188806065,38109558.367038764
call,785.0,2026-09-30,7745.0,0.011571229201832133,53321684.203058854
call,786.0,2026-09-30,22113.0,0.009373599682072287,123326670.92440136
call,787.0,2026-09-30,2836.0,0.007620822427051332,12859112.889203776
call,788.0,2026-09-30,1470.0,0.00622220399494603,5442074.969998244
call,789.0,2026-09-30,5092.0,0.005004129198764497,15160720.776584437
call,790.0,2026-09-30,12680.0,0.004089856571191639,30855335.4005175
call,791.0,2026-09-30,2006.0,0.0032727963007410854,3906185.3287191167
call,792.0,2026-09-30,1656.0,0.0027646266061811166,2723953.916324308
call,793.0,2026-09-30,2442.0,0.0022909985247152004,3328690.444918302
call,794.0,2026-09-30,4039.0,0.0019027734811086013,4572607.06933082
call,795.0,2026-09-30,6012.0,0.0015438262596263682,5522304.32113673
call,796.0,2026-09-30,1192.0,0.001429417237452275,1013767.1414393006
call,797.0,2026-09-30,3098.0,0.0011370741113746641,2095912.3918345217
call,798.0,2026-09-30,1521.0,0.0010648249225197876,963630.1099017138
call,799.0,2026-09-30,7343.0,0.0010005596738006768,4371389.086493044
call,800.0,2026-09-30,58167.0,0.0007620660926624482,26373771.802631762
call,801.0,2026-09-30,2749.0,0.0007044265672501372,1152161.627293978
call,802.0,2026-09-30,3376.0,0.000671434531173697,1348680.4152378384
call,803.0,2026-09-30,3418.0,0.000641429012978086,1304438.4705751443
call,804.0,2026-09-30,1010.0,0.0005829497445890905,350312.33552136953
call,805.0,2026-09-30,4782.0,0.0005598503588143399,1592885.1845100822
call,806.0,2026-09-30,2287.0,0.00041328810146750236,562369.8214151186
call,807.0,2026-09-30,2309.0,0.0003794045070471637,521229.9456811781
call,808.0,2026-09-30,1032.0,0.00036903175119013594,226592.9385831533
call,809.0,2026-09-30,7570.0,0.0003406282468199904,1534191.170542233
call,810.0,2026-09-30,10979.0,0.00033246173274607024,2171737.7942544622
call,811.0,2026-09-30,2351.0,0.00030838011369553224,431362.0491171828
call,812.0,2026-09-30,1708.0,0.00028673320390617987,291386.0753614855
call,813.0,2026-09-30,4355.0,0.0002812693562550694,728808.650469263
call,814.0,2026-09-30,5063.0,0.00027608391715044223,831671.799953959
call,815.0,2026-09-30,6913.0,0.00025825487500112816,1062228.6856372384
call,816.0,2026-09-30,10437.0,0.00015873750138524874,985730.4300713688
call,817.0,2026-09-30,11937.0,0.00015812480743166959,1123047.5473458911
call,818.0,2026-09-30,11313.0,0.000157500536060017,1060138.8831990017
call,819.0,2026-09-30,14776.0,0.00014098676111902253,1239476.098044927
call,820.0,2026-09-30,10579.0,0.00014079817549622658,886226.198590821
call,821.0,2026-09-30,7015.0,0.00013346018513372962,557034.8135523978
call,822.0,2026-09-30,2837.0,0.00012670643492540778,213875.45554962778
call,823.0,2026-09-30,328.0,0.00012680006658251082,24745.50182748408
call,824.0,2026-09-30,3849.0,0.00011472570928815608,262731.1717372006
call,825.0,2026-09-30,42031.0,0.00011504167173826504,2876920.408976885
call,826.0,2026-09-30,13914.0,0.00011532440793797002,954720.3350600818
call,827.0,2026-09-30,298.0,0.00010494378633656059,18606.981834753453
call,828.0,2026-09-30,2293.0,0.00010538566118866885,143776.70272661
call,829.0,2026-09-30,2132.0,9.621678578586944e-05,122050.8997538434
call,830.0,2026-09-30,2275.0,9.677377950335522e-05,130991.17686312285
call,831.0,2026-09-30,1048.0,8.862996323779471e-05,55264.31509143456
call,832.0,2026-09-30,1796.0,8.926909359108408e-05,95391.65807816146
call,833.0,2026-09-30,831.0,8.987662747113476e-05,44437.61393786954
call,834.0,2026-09-30,968.0,8.269449243188518e-05,47627.18172049223
call,835.0,2026-09-30,1166.0,8.33608077474764e-05,57831.35990201183
call,836.0,2026-09-30,661.0,3.447824408623379e-05,13559.68309202432
call,837.0,2026-09-30,1022.0,3.546440539133696e-05,21564.853828071744
call,838.0,2026-09-30,1683.0,3.6433567432621745e-05,36482.849693995966
call,839.0,2026-09-30,836.0,3.738567648229701e-05,18595.782636925043
call,840.0,2026-09-30,1588.0,3.110442537028186e-05,29388.378244889802
call,841.0,2026-09-30,1033.0,3.201022234505257e-05,19673.96763169827
call,842.0,2026-09-30,2114.0,3.290343444336253e-05,41385.59038022902
call,843.0,2026-09-30,1307.0,3.378389287801709e-05,26271.70259890582
call,844.0,2026-09-30,323.0,2.8373742998863048e-05,5452.831696662023
call,845.0,2026-09-30,2147.0,2.9208500602214062e-05,37311.6322263946
call,846.0,2026-09-30,1109.0,3.0033974516322804e-05,19817.428241992176
call,847.0,2026-09-30,872.0,2.53550745199421e-05,13154.80202386619
call,848.0,2026-09-30,1001.0,2.613383822540693e-05,15564.680709718958
call,849.0,2026-09-30,1027.0,2.6906097642556912e-05,16440.84359174489
call,850.0,2026-09-30,6295.0,2.7671560996563873e-05,103641.17636472618
call,851.0,2026-09-30,63.0,2.355312473846186e-05,882.860368461138
call,852.0,2026-09-30,1471.0,2.4275076602462638e-05,21245.95327360836
call,853.0,2026-09-30,1455.0,2.499241199169406e-05,21635.857132080364
call,854.0,2026-09-30,1707.0,2.5704840131384806e-05,26106.663325980808
call,855.0,2026-09-30,608.0,2.2044781501293977e-05,7974.662610705955
call,856.0,2026-09-30,912.0,2.2716984260805377e-05,12326.746241644985
call,857.0,2026-09-30,1850.0,2.338600404611693e-05,25741.312626861007
call,858.0,2026-09-30,1238.0,2.0140609293949062e-05,14835.295099699475
call,859.0,2026-09-30,1141.0,2.0770920787398862e-05,14100.818875874334
call,860.0,2026-09-30,1320.0,2.1399432651173673e-05,16806.57162868142
call,865.0,2026-09-30,3817.0,1.7645173444047507e-05,40072.9239138475
call,870.0,2026-09-30,1591.0,1.478249499130225e-05,13993.323050578998
call,875.0,2026-09-30,751.0,1.4772854317025507e-05,6600.962906319337
call,880.0,2026-09-30,1034.0,1.4783504750885185e-05,9094.961902131405
call,885.0,2026-09-30,624.0,1.1019689767517686e-05,4091.258287915725
call,890.0,2026-09-30,851.0,1.122009106380678e-05,5681.053537605022
call,895.0,2026-09-30,4579.0,1.142095507079389e-05,31115.444308327907
call,900.0,2026-09-30,6857.0,8.861591309534296e-06,36153.37171875337
put,375.0,2026-09-30,15475.0,1.3014034890498302e-07,-1198.2448322475248
put,380.0,2026-09-30,11608.0,1.8665114537755442e-07,-1289.1130323810596
put,385.0,2026-09-30,9275.0,1.861299736055458e-07,-1027.1483533854869
put,390.0,2026-09-30,1739.0,1.8456921601486927e-07,-190.9685232450361
put,395.0,2026-09-30,3683.0,1.8194589973205223e-07,-398.70063927353505
put,400.0,2026-09-30,10009.0,1.782515317471883e-07,-1061.5168686986879
put,405.0,2026-09-30,9932.0,1.7349368813323496e-07,-1025.2347793671654
put,410.0,2026-09-30,2305.0,1.6769743875287102e-07,-229.9854173343772
put,415.0,2026-09-30,3557.0,2.433970454094054e-07,-515.1125220769032
put,420.0,2026-09-30,894.0,2.3477775410317162e-07,-124.88129764420408
put,425.0,2026-09-30,3338.0,2.2480366396475004e-07,-446.47038608146346
put,430.0,2026-09-30,655.0,2.1356623185867376e-07,-83.2294117810199
put,435.0,2026-09-30,150725.0,2.0118440475863836e-07,-18041.911375925694
put,440.0,2026-09-30,1015.0,2.955251287771596e-07,-178.46924965460119
put,445.0,2026-09-30,592.0,2.778699786426985e-07,-97.87376040138575
put,450.0,2026-09-30,11301.0,2.5887884185664325e-07,-1740.6697104476466
put,455.0,2026-09-30,1210.0,3.8130819782964086e-07,-274.5139714791841
put,460.0,2026-09-30,1325.0,3.5463892354865475e-07,-279.57943221314434
put,465.0,2026-09-30,251.0,3.265138121024878e-07,-48.76163049035258
put,470.0,2026-09-30,1829.0,2.973148399374132e-07,-323.54391214453636
put,475.0,2026-09-30,1816.0,4.4411787117060127e-07,-479.86274478092446
put,480.0,2026-09-30,1472.0,4.0365846883429665e-07,-353.52881597674883
put,485.0,2026-09-30,710.0,3.6236276743514777e-07,-153.07520747248518
put,490.0,2026-09-30,1323.0,4.211070031814458e-07,-331.4784110597351
put,495.0,2026-09-30,815.0,3.7241059860693043e-07,-180.5853774460522
put,500.0,2026-09-30,3165.0,4.31890400491227e-07,-813.2989391016184
put,505.0,2026-09-30,909.0,5.00468511767589e-07,-270.67215545691516
put,510.0,2026-09-30,637.0,5.79523333535016e-07,-219.64094285986593
put,515.0,2026-09-30,1380.0,5.02663886694569e-07,-412.72398826395914
put,520.0,2026-09-30,1366.0,5.809701802285612e-07,-472.17988412936495
put,525.0,2026-09-30,935.0,6.711498421959663e-07,-373.3653779621808
put,530.0,2026-09-30,976.0,5.697685186566108e-07,-330.8652887156687
put,535.0,2026-09-30,301233.0,6.569243915033754e-07,-117739.14417237403
put,540.0,2026-09-30,1861.0,7.572170947981348e-07,-838.4356253408231
put,545.0,2026-09-30,969.0,6.26527854873618e-07,-361.2161017353357
put,550.0,2026-09-30,1528.0,7.205939880589099e-07,-655.1140729893347
put,555.0,2026-09-30,1100.0,8.287554810303607e-07,-542.4029451950275
put,560.0,2026-09-30,1337.0,9.532281902810518e-07,-758.2828347170349
put,565.0,2026-09-30,622.0,1.0966129111689826e-06,-405.83236576152746
put,570.0,2026-09-30,1772.0,8.74318182460518e-07,-921.7988625996909
put,575.0,2026-09-30,1398.0,1.0033153455786483e-06,-834.5407857476388
put,580.0,2026-09-30,2514.0,1.1518473741887226e-06,-1722.91221553235
put,585.0,2026-09-30,1343.0,1.3231309239175801e-06,-1057.2599296687908
put,590.0,2026-09-30,8605.0,1.5209882691719397e-06,-7787.170423393292
put,594.0,2026-09-30,257.0,1.5697515613124884e-06,-240.03080809861288
put,595.0,2026-09-30,528.0,1.1531169932108938e-06,-362.25153551602637
put,596.0,2026-09-30,318.0,1.2917321847160252e-06,-244.4007536413383
put,597.0,2026-09-30,20623.0,1.445681926950208e-06,-17738.93464917882
put,598.0,2026-09-30,7076.0,1.616501268118493e-06,-6805.606179042298
put,599.0,2026-09-30,1150.0,1.1765320408433946e-06,-805.0160506031361
put,600.0,2026-09-30,29335.0,1.3210303805360084e-06,-23056.94896254061
put,601.0,2026-09-30,691.0,1.481866198187451e-06,-609.2422023115175
put,602.0,2026-09-30,325.0,1.6607116690021582e-06,-321.1297479682226
put,603.0,2026-09-30,516.0,1.1967988530876799e-06,-367.4293175851445
put,604.0,2026-09-30,10439.0,1.3471356077983028e-06,-8367.065204820025
put,605.0,2026-09-30,9851.0,1.5148632289991682e-06,-8878.849266674128
put,606.0,2026-09-30,859.0,1.7018037209600018e-06,-869.7723011259918
put,607.0,2026-09-30,76.0,1.9099474529156755e-06,-86.36503462443976
put,608.0,2026-09-30,913.0,1.3695212380212662e-06,-743.9478436168672
put,609.0,2026-09-30,540.0,1.5440923858707496e-06,-496.1008617868776
put,610.0,2026-09-30,2136.0,1.7391431255052597e-06,-2210.240400390805
put,611.0,2026-09-30,1858.0,1.956847286195476e-06,-2163.2443804425534
put,612.0,2026-09-30,1697.0,1.3876252875204382e-06,-1401.0608193193464
put,613.0,2026-09-30,1070.0,1.56892763960537e-06,-998.8255242494425
put,614.0,2026-09-30,285.0,1.7720392033381404e-06,-300.4838436494671
put,615.0,2026-09-30,824.0,1.9993348951194585e-06,-980.2022563204004
put,616.0,2026-09-30,3365.0,2.253417526353572e-06,-4511.590532045833
put,617.0,2026-09-30,27337.0,1.5886991757457268e-06,-25840.175753849817
put,618.0,2026-09-30,24834.0,1.799744917316127e-06,-26592.586020446885
put,619.0,2026-09-30,3451.0,2.0365857726373438e-06,-4181.678164198501
put,620.0,2026-09-30,3629.0,2.3020729943619923e-06,-4970.602095681616
put,621.0,2026-09-30,1711.0,1.6026967299623366e-06,-1631.5647003619263
put,622.0,2026-09-30,1370.0,1.8214584813149678e-06,-1484.7139315608506
put,623.0,2026-09-30,1059.0,2.0677048389699155e-06,-1302.8290821265205
put,624.0,2026-09-30,687.0,2.3445603162692193e-06,-958.3432475672274
put,625.0,2026-09-30,3080.0,4.179705068059822e-06,-7659.480141479386
put,626.0,2026-09-30,959.0,4.69412575783569e-06,-2678.4051277897274
put,627.0,2026-09-30,1240.0,5.266272004108873e-06,-3885.3300062068283
put,628.0,2026-09-30,144.0,4.7805771146166715e-06,-409.5866194020988
put,629.0,2026-09-30,323.0,5.370610576367189e-06,-1032.1174609362172
put,630.0,2026-09-30,4022.0,4.866299769848914e-06,-11645.117232095019
put,631.0,2026-09-30,147.0,5.474683190631717e-06,-478.8277013194489
put,632.0,2026-09-30,657.0,4.951092725705798e-06,-1935.393908480101
put,633.0,2026-09-30,477.0,5.578290610295487e-06,-1583.1514209963748
put,634.0,2026-09-30,637.0,5.0347389904203575e-06,-1908.1799729508905
put,635.0,2026-09-30,150946.0,5.681216108262351e-06,-510229.84567818994
put,636.0,2026-09-30,818.0,5.117004566025913e-06,-2490.4168632332426
put,637.0,2026-09-30,840.0,5.783224219808426e-06,-2890.3621195567835
put,638.0,2026-09-30,25239.0,5.197637393037032e-06,-78051.46554082991
put,639.0,2026-09-30,24465.0,5.884059422330811e-06,-85649.57460124332
put,640.0,2026-09-30,4255.0,5.933951505704558e-06,-15022.648212813141
put,641.0,2026-09-30,847.0,5.983444741010771e-06,-3015.3493468830848
put,642.0,2026-09-30,544.0,6.7768660406715835e-06,-2193.465161131897
put,643.0,2026-09-30,715.0,6.081080280325665e-06,-2586.960031256658
put,644.0,2026-09-30,433.0,6.899535231277032e-06,-1777.504354032802
put,645.0,2026-09-30,609.0,6.1766416825284745e-06,-2238.0647175978243
put,646.0,2026-09-30,25625.0,7.020757746168959e-06,-107041.15882027695
put,647.0,2026-09-30,11060.0,6.269778515738388e-06,-41258.19902701317
put,648.0,2026-09-30,56034.0,7.140177877863629e-06,-238047.48484168737
put,649.0,2026-09-30,60521.0,6.360112596233534e-06,-229020.22648184895
put,650.0,2026-09-30,7691.0,1.5887642337098976e-05,-72701.80710618004
put,651.0,2026-09-30,1406.0,7.315072821915443e-06,-6119.37284281872
put,652.0,2026-09-30,459.0,7.372029190783168e-06,-2013.2730126200693
put,653.0,2026-09-30,16754.0,7.428219453577918e-06,-74046.77991851397
put,654.0,2026-09-30,2156.0,1.684533458616508e-05,-21608.834247111154
put,655.0,2026-09-30,912.0,8.563047567891865e-06,-4646.50207143279
put,656.0,2026-09-30,198.0,1.7343774851972224e-05,-2043.2041291436365
put,657.0,2026-09-30,892.0,1.759800515396959e-05,-9339.663626913358
put,658.0,2026-09-30,2361.0,1.7855616341388656e-05,-25082.67050253314
put,659.0,2026-09-30,1695.0,1.8116637961847938e-05,-18270.492246968373
put,660.0,2026-09-30,7839.0,1.83810986104106e-05,-85730.44334216493
put,661.0,2026-09-30,415.0,1.8649025813692316e-05,-4604.761986252153
put,662.0,2026-09-30,225.0,1.8920445904594625e-05,-2532.8928945984435
put,663.0,2026-09-30,1686.0,1.9195383886923116e-05,-19255.61138548872
put,664.0,2026-09-30,1955.0,1.947386328909191e-05,-22651.753076223
put,665.0,2026-09-30,2065.0,1.9755906006042074e-05,-24272.803911200088
put,666.0,2026-09-30,954.0,2.004153212843976e-05,-11375.80749540878
put,667.0,2026-09-30,2234.0,2.0330759758130307e-05,-27023.383061374298
put,668.0,2026-09-30,3044.0,2.0623604808747845e-05,-37351.854263106936
put,669.0,2026-09-30,570.0,2.09200807902835e-05,-7094.816269843264
put,670.0,2026-09-30,3324.0,2.2528207549944545e-05,-44554.39942439549
put,671.0,2026-09-30,894.0,2.2864092059376544e-05,-12161.703721625781
put,672.0,2026-09-30,804.0,2.4639336076336173e-05,-11786.584939303764
put,673.0,2026-09-30,1763.0,2.5020600188639437e-05,-26245.386682686574
put,674.0,2026-09-30,1123.0,2.5407609618205663e-05,-16976.435371366817
put,675.0,2026-09-30,27505.0,2.5800433097266882e-05,-422222.70697628456
put,676.0,2026-09-30,20137.0,2.6199138049458883e-05,-313895.2281435611
put,677.0,2026-09-30,6749.0,2.660379033842107e-05,-106828.19362839297
put,678.0,2026-09-30,3234.0,2.7014453991025823e-05,-51980.34407530112
put,679.0,2026-09-30,944.0,2.7431190892801527e-05,-15407.053723158657
put,680.0,2026-09-30,8871.0,2.785406045286372e-05,-147015.80737549782
put,681.0,2026-09-30,695.0,2.8283119235404726e-05,-11695.399173810812
put,682.0,2026-09-30,753.0,2.8718420554489998e-05,-12866.442025782084
put,683.0,2026-09-30,2277.0,2.916001402858574e-05,-39505.148570159945
put,684.0,2026-09-30,20237.0,2.9607945090865176e-05,-356498.1976937266
put,685.0,2026-09-30,15410.0,3.0062254450954526e-05,-275630.40634406346
put,686.0,2026-09-30,1873.0,3.268485544103752e-05,-36423.97054544043
put,687.0,2026-09-30,1748.0,3.32119964087093e-05,-34541.35345678879
put,688.0,2026-09-30,983.0,3.3747653951009034e-05,-19737.85913837877
put,689.0,2026-09-30,767.0,3.6760910209807096e-05,-16775.85100448417
put,690.0,2026-09-30,7375.0,5.543614941787658e-05,-243252.89720606233
put,691.0,2026-09-30,2067.0,5.663353563302926e-05,-69649.35394509604
put,692.0,2026-09-30,1405.0,5.7864925845456264e-05,-48372.0691866138
put,693.0,2026-09-30,1021.0,5.913166437154975e-05,-35921.03036207466
put,694.0,2026-09-30,996.0,6.043516675139804e-05,-35813.93189368524
put,695.0,2026-09-30,5596.0,6.177692452731241e-05,-205687.04069206954
put,696.0,2026-09-30,268.0,6.31585104120921e-05,-10070.930825215093
put,697.0,2026-09-30,3687.0,6.458158388462168e-05,-141672.24300385788
put,698.0,2026-09-30,336.0,6.6047897254546e-05,-13203.869194422623
put,699.0,2026-09-30,4756.0,6.75593022425584e-05,-191174.49060860166
put,700.0,2026-09-30,25958.0,7.402011315857818e-05,-1143204.467649198
put,701.0,2026-09-30,7899.0,7.58052731890974e-05,-356266.07671969535
put,702.0,2026-09-30,1707.0,7.765027219442044e-05,-78864.11675734828
put,703.0,2026-09-30,1907.0,7.955796745644811e-05,-90268.7258761545
put,704.0,2026-09-30,1015.0,8.153139947438139e-05,-49237.26028880084
put,705.0,2026-09-30,4547.0,8.357380682800982e-05,-226098.70733371723
put,706.0,2026-09-30,1294.0,8.568864250607856e-05,-65972.12592616596
put,707.0,2026-09-30,21186.0,8.787959187040077e-05,-1107745.3597341145
put,708.0,2026-09-30,1389.0,0.00011997040800197673,-99146.94155161559
put,709.0,2026-09-30,1433.0,0.00012356254709262716,-105350.35000488634
put,710.0,2026-09-30,12566.0,0.00012731280772011793,-951857.840714025
put,711.0,2026-09-30,1016.0,0.0001359138245189993,-82159.9718061535
put,712.0,2026-09-30,1391.0,0.00014021941333716554,-116048.14852594018
put,713.0,2026-09-30,935.0,0.00014472801461642257,-80513.21252221758
put,714.0,2026-09-30,1667.0,0.00014945325290092182,-148232.6634501481
put,715.0,2026-09-30,6578.0,0.0001544099554465494,-604327.1517132417
put,716.0,2026-09-30,1288.0,0.0001596142842901614,-122318.05259382736
put,717.0,2026-09-30,3413.0,0.00020506088875894344,-416410.87576330407
put,718.0,2026-09-30,1419.0,0.00021281297108426275,-179673.25292534355
put,719.0,2026-09-30,1260.0,0.00022100778391019805,-165684.1847545697
put,720.0,2026-09-30,15170.0,0.00022968080213201243,-2073066.4215809128
put,721.0,2026-09-30,2316.0,0.00023887118575383954,-329158.6410708367
put,722.0,2026-09-30,2834.0,0.00024862225148760607,-419220.76020891516
put,723.0,2026-09-30,853.0,0.0002589820163099054,-131438.19279416732
put,724.0,2026-09-30,1351.0,0.0003240637634111747,-260488.62330571748
put,725.0,2026-09-30,15988.0,0.0003389579491592751,-3224355.384277888
put,726.0,2026-09-30,1217.0,0.00034854041517191637,-252375.19216546626
put,727.0,2026-09-30,1363.0,0.00035855648665660466,-290774.5416407455
put,728.0,2026-09-30,1366.0,0.0003760506861299424,-305632.84561997413
put,729.0,2026-09-30,1862.0,0.00045737003634235856,-506699.3254879402
put,730.0,2026-09-30,27542.0,0.0004817126987778455,-7893807.100156728
put,731.0,2026-09-30,2430.0,0.0005080251971353037,-734504.5101350311
put,732.0,2026-09-30,2160.0,0.0005266994691611691,-676892.2972343937
put,733.0,2026-09-30,964.0,0.0006215506598518675,-356497.5142353493
put,734.0,2026-09-30,1709.0,0.000647304890130388,-658193.9573930237
put,735.0,2026-09-30,13444.0,0.0006874327931778442,-5498721.066940676
put,736.0,2026-09-30,7780.0,0.0008007416507346321,-3706593.4693652885
put,737.0,2026-09-30,9907.0,0.0008390888934043875,-4945988.1989966
put,738.0,2026-09-30,1337.0,0.000980243321066576,-779773.0824469712
put,739.0,2026-09-30,1788.0,0.0010324690037553895,-1098367.0020945128
put,740.0,2026-09-30,25810.0,0.0011893100401323504,-18263584.990379035
put,741.0,2026-09-30,2774.0,0.0012592992900027707,-2078444.1328697936
put,742.0,2026-09-30,1190.0,0.0014321624935216878,-1014009.9056465045
put,743.0,2026-09-30,1820.0,0.001631352370157841,-1766534.4306451234
put,744.0,2026-09-30,2866.0,0.0018314607731572871,-3123034.252890579
put,745.0,2026-09-30,14982.0,0.0020610817447951554,-18372487.039339446
put,746.0,2026-09-30,3097.0,0.0024338616562655734,-4484768.544372059
put,747.0,2026-09-30,3191.0,0.0027094936853663907,-5144200.504056778
put,748.0,2026-09-30,2046.0,0.003135685880363048,-3817166.643118364
put,749.0,2026-09-30,2656.0,0.003607500544216258,-5700821.149533979
put,750.0,2026-09-30,24898.0,0.004129431853655563,-61172708.004681066
put,751.0,2026-09-30,1622.0,0.0047069905323697415,-4542522.790132837
put,752.0,2026-09-30,5250.0,0.005457239958943404,-17046502.797517482
put,753.0,2026-09-30,2651.0,0.006415676916390587,-10119409.094960162
put,754.0,2026-09-30,6513.0,0.007456677131449129,-28895443.012574565
put,755.0,2026-09-30,23854.0,0.008607505429648717,-122163498.21533033
put,756.0,2026-09-30,2865.0,0.010081890474316138,-17185791.62167965
put,757.0,2026-09-30,7568.0,0.011695469691751694,-52662531.44378153
put,758.0,2026-09-30,4766.0,0.013569967129511694,-38480062.95646327
put,759.0,2026-09-30,1534.0,0.015785005744601722,-14406983.01347935
put,760.0,2026-09-30,14281.0,0.01818961351189465,-154555701.54150993
put,761.0,2026-09-30,56759.0,0.02098459756886179,-708660653.6751127
put,762.0,2026-09-30,1603.0,0.023998727203201228,-22888886.818936843
put,763.0,2026-09-30,2993.0,0.027346887804795897,-48698722.19741096
put,764.0,2026-09-30,2535.0,0.030907363816333248,-46616844.016990654
put,765.0,2026-09-30,11848.0,0.03463631391984379,-244162887.80997384
put,766.0,2026-09-30,2970.0,0.038433494716941935,-67915556.82655749
put,767.0,2026-09-30,3190.0,0.04218911927244087,-80074471.79511556
put,768.0,2026-09-30,1576.0,0.045676347381233856,-42830241.24503608
put,769.0,2026-09-30,1740.0,0.049002406085066084,-50730552.65457667
put,770.0,2026-09-30,7483.0,0.051402397937548486,-228855874.54103172
put,771.0,2026-09-30,1518.0,0.053213205230625775,-48061146.94068136
put,772.0,2026-09-30,1825.0,0.053895713023538586,-58522117.38216644
put,773.0,2026-09-30,1555.0,0.05352577738473884,-49521788.05308199
put,774.0,2026-09-30,1321.0,0.05218993687095604,-41019704.68165941
put,775.0,2026-09-30,7420.0,0.04969919061558901,-219409870.71143144
put,776.0,2026-09-30,1325.0,0.04644336416965832,-36613604.77494214
put,777.0,2026-09-30,639.0,0.04256421466481668,-16182604.612372788
put,778.0,2026-09-30,591.0,0.03823987885332302,-13446427.9411302
put,779.0,2026-09-30,261.0,0.0336150808454512,-5220085.394963051
put,780.0,2026-09-30,542.0,0.02912237029440761,-9391369.897862509
put,781.0,2026-09-30,382.0,0.024805276187956676,-5637809.149258806
put,782.0,2026-09-30,88.0,0.020933622693765575,-1096049.0868629517
put,783.0,2026-09-30,27.0,0.01752126221312215,-281469.9872579825
put,784.0,2026-09-30,1.0,0.014630202809823084,-8704.689550104627
put,785.0,2026-09-30,23.0,0.012122657576242972,-165893.21133737476
put,786.0,2026-09-30,2.0,0.009612057725737729,-11437.97929910494
put,787.0,2026-09-30,0.0,0.007648645351539863,-0.0
put,788.0,2026-09-30,15.0,0.006923971703688413,-61794.45177668611
put,789.0,2026-09-30,0.0,0.006266048541716382,-0.0
put,790.0,2026-09-30,4.0,0.004776366596954897,-11367.385386090864
put,791.0,2026-09-30,0.0,0.004350459221255751,-0.0
put,792.0,2026-09-30,0.0,0.00398445173139621,-0.0
put,793.0,2026-09-30,4.0,0.0036676015329704203,-8728.609754216086
put,794.0,2026-09-30,7.0,0.0033914491163990505,-14124.929399055383
put,795.0,2026-09-30,0.0,0.003149266031585672,-0.0
put,796.0,2026-09-30,0.0,0.003072891151693507,-0.0
put,797.0,2026-09-30,0.0,0.002851403909603715,-0.0
put,798.0,2026-09-30,0.0,0.0026744962122016137,-0.0
put,799.0,2026-09-30,0.0,0.0023905725048949085,-0.0
put,800.0,2026-09-30,18.0,0.002661184545293594,-28500.36604836032
put,802.0,2026-09-30,0.0,0.0023638547322738074,-0.0
put,804.0,2026-09-30,0.0,0.005547032034813585,-0.0
put,805.0,2026-09-30,1.0,0.005317226340333541,-3163.6475011245698
put,806.0,2026-09-30,0.0,0.005227640282957299,-0.0
put,808.0,2026-09-30,0.0,0.004703278529597933,-0.0
put,809.0,2026-09-30,0.0,0.00452676953089889,-0.0
put,810.0,2026-09-30,1.0,0.004457830743896669,-2652.3236346715903
put,812.0,2026-09-30,0.0,0.004051403282874315,-0.0
put,815.0,2026-09-30,0.0,0.0037384283501111326,-0.0
put,820.0,2026-09-30,0.0,0.0031258490065092163,-0.0
put,823.0,2026-09-30,0.0,0.002831804199402334,-0.0
put,825.0,2026-09-30,2.0,0.002703552457792129,-3217.1235263672206
put,828.0,2026-09-30,0.0,0.002464288006837274,-0.0
put,845.0,2026-09-30,0.0,0.0017231319837763299,-0.0
put,849.0,2026-09-30,0.0,0.0015338434824997914,-0.0
put,850.0,2026-09-30,1.0,0.0015677261469221465,-932.7669333043253
put,855.0,2026-09-30,0.0,0.0026605641029414386,-0.0
put,870.0,2026-09-30,0.0,0.0,-0.0
put,885.0,2026-09-30,0.0,0.001562886828979362,-0.0
put,895.0,2026-09-30,0.0,0.0007450223773522878,-0.0
put,900.0,2026-09-30,0.0,0.0021947035227496414,-0.0
call,660.0,2026-10-01,17.0,0.0004388856615361768,4439.185101022227
call,680.0,2026-10-01,26.0,0.0011333460358619353,17532.29696161806
call,700.0,2026-10-01,47.0,0.0017213002002870617,48134.60557297701
call,725.0,2026-10-01,86.0,0.0034047386024789027,174214.84794445668
call,728.0,2026-10-01,125.0,0.0018068922102379302,134383.2681702736
call,734.0,2026-10-01,169.0,0.002433581297048213,244700.864603688
call,740.0,2026-10-01,82.0,0.0034290936978442657,167300.07848892405
call,742.0,2026-10-01,58.0,0.003957847349979776,136580.90110811676
call,745.0,2026-10-01,328.0,0.004944113247258443,964861.9806970721
call,748.0,2026-10-01,61.0,0.006314620709310871,229181.75711977817
call,749.0,2026-10-01,79.0,0.00683373904338047,321209.53013242944
call,750.0,2026-10-01,146.0,0.007509076762691248,652292.4323067996
call,753.0,2026-10-01,95.0,0.00991620450147902,560495.3580044067
call,754.0,2026-10-01,110.0,0.010961441684258506,717403.189386273
call,755.0,2026-10-01,301.0,0.012098461503478604,2166703.98831655
call,756.0,2026-10-01,120.0,0.013372404587777775,954758.85321435
call,757.0,2026-10-01,132.0,0.014793284704768683,1161827.0590016604
call,758.0,2026-10-01,111.0,0.01636902248914267,1081057.1770830695
call,759.0,2026-10-01,393.0,0.018113607846977273,4235458.704914419
call,760.0,2026-10-01,497.0,0.01999483414651866,5912581.430245416
call,761.0,2026-10-01,461.0,0.022043382736496617,6046194.403225835
call,762.0,2026-10-01,234.0,0.024242514772054757,3375176.328923677
call,763.0,2026-10-01,279.0,0.026569191020517566,4410476.117113956
call,764.0,2026-10-01,221.0,0.028996587523423906,3812783.1409005397
call,765.0,2026-10-01,434.0,0.03145913843446024,8123430.968189617
call,766.0,2026-10-01,423.0,0.03395201732779387,8544937.518667124
call,767.0,2026-10-01,607.0,0.036377687414698434,13137923.180178601
call,768.0,2026-10-01,528.0,0.03860390809721705,12127412.107765932
call,769.0,2026-10-01,553.0,0.04061125935874251,13362094.18845254
call,770.0,2026-10-01,1032.0,0.04225853114248751,25947590.47399792
call,771.0,2026-10-01,297.0,0.04335769492710573,7661707.62085903
call,772.0,2026-10-01,1117.0,0.04405797964801656,29280648.512470447
call,773.0,2026-10-01,347.0,0.04408239868195814,9101178.517346503
call,774.0,2026-10-01,341.0,0.04352276046955247,8830265.308205944
call,775.0,2026-10-01,1514.0,0.04240384168139928,38197419.09956927
call,776.0,2026-10-01,806.0,0.04062708457125882,19482901.739041697
call,777.0,2026-10-01,842.0,0.038456765961237274,19265832.98045346
call,778.0,2026-10-01,576.0,0.035845303042511586,12284505.525273457
call,779.0,2026-10-01,779.0,0.032910345329666434,15253616.989823066
call,780.0,2026-10-01,1585.0,0.029796795283724142,28099705.21998002
call,781.0,2026-10-01,851.0,0.026643400985774442,13490317.196472766
call,782.0,2026-10-01,501.0,0.023523345290861024,7011965.160010507
call,783.0,2026-10-01,565.0,0.02056163370103916,6912083.980684318
call,784.0,2026-10-01,1473.0,0.017722346543555458,15531983.180739684
call,785.0,2026-10-01,1043.0,0.015224476797568111,9447776.813351901
call,786.0,2026-10-01,687.0,0.012931146069047359,5285629.2212164365
call,787.0,2026-10-01,440.0,0.01101176620102554,2882787.29055742
call,788.0,2026-10-01,293.0,0.009016267821973541,1571800.2887688775
call,789.0,2026-10-01,523.0,0.007764618069736547,2416154.6432644743
call,790.0,2026-10-01,628.0,0.006431464983297033,2403103.5963815195
call,791.0,2026-10-01,309.0,0.00539512592593412,991888.843630423
call,792.0,2026-10-01,214.0,0.004590447139662501,584482.7581679961
call,793.0,2026-10-01,269.0,0.003874175190265863,620061.0849352144
call,794.0,2026-10-01,337.0,0.0032077027074175956,643171.7368664815
call,795.0,2026-10-01,444.0,0.0027848916655694835,735688.9208160396
call,796.0,2026-10-01,1002.0,0.002400122927311514,1430883.077041697
call,797.0,2026-10-01,162.0,0.0020730311815042256,199813.02253660653
call,798.0,2026-10-01,236.0,0.0017552428887502665,246463.24680041682
call,799.0,2026-10-01,172.0,0.0016281763213176882,166622.1835876656
call,800.0,2026-10-01,3615.0,0.001354057716732825,2912382.5377010894
call,801.0,2026-10-01,53.0,0.0012663016742126677,39931.53369002489
call,802.0,2026-10-01,64.0,0.0012147847500976268,46257.509377306116
call,804.0,2026-10-01,130.0,0.0009188996901912707,71074.59565127367
call,805.0,2026-10-01,17.0,0.0008705926553289635,8805.760322787737
call,806.0,2026-10-01,30.0,0.0008266862231138287,14755.872535251805
call,807.0,2026-10-01,56.0,0.0006514422008160833,21705.353147358845
call,808.0,2026-10-01,60.0,0.0006082019916599787,21712.109900215906
call,809.0,2026-10-01,96.0,0.0005972591926144172,34114.343344559646
call,810.0,2026-10-01,201.0,0.0005600437511867004,66976.26939538366
call,815.0,2026-10-01,114.0,0.00034667809517207877,23514.415787223206
call,820.0,2026-10-01,153.0,0.0002859811506076062,26033.453283851482
call,830.0,2026-10-01,49.0,0.00013678569032616917,3987.8580118481686
call,840.0,2026-10-01,4.0,9.737634231822315e-05,231.74821030798773
call,870.0,2026-10-01,142.0,2.639410929738207e-05,2229.966276803702
call,880.0,2026-10-01,1.0,2.0929701994644027e-05,12.452770519165822
call,895.0,2026-10-01,5.0,1.5857379653653514e-05,47.17418095889973
call,900.0,2026-10-01,9.0,1.4680183310785796e-05,78.60984289014549
put,550.0,2026-10-01,10.0,2.88905790716973e-06,-17.189339410457293
put,555.0,2026-10-01,12.0,3.2403564784695445e-06,-23.1353980885153
put,565.0,2026-10-01,2033.0,3.5051995907481854e-06,-4239.875178339237
put,570.0,2026-10-01,2271.0,1.6735298327323942e-06,-2261.275789944012
put,575.0,2026-10-01,5.0,1.8551153923724543e-06,-5.51879006057949
put,590.0,2026-10-01,1.0,2.5241405947980043e-06,-1.5018151521304008
put,595.0,2026-10-01,160.0,2.796753011753057e-06,-266.2422883082357
put,615.0,2026-10-01,5.0,6.420170026743936e-06,-19.09938900647704
put,630.0,2026-10-01,1.0,7.273545324344937e-06,-4.32761970562207
put,635.0,2026-10-01,2.0,8.136478659891427e-06,-9.682096917734071
put,640.0,2026-10-01,28.0,9.115798822398203e-06,-151.86430385732072
put,645.0,2026-10-01,48.0,1.0231118047279252e-05,-292.1912949851681
put,650.0,2026-10-01,7.0,2.2615025207969863e-05,-94.18853813133434
put,660.0,2026-10-01,118.0,2.6743219691443573e-05,-1877.5808172460322
put,665.0,2026-10-01,9037.0,3.082479921407182e-05,-165740.0550987895
put,670.0,2026-10-01,1.0,3.172064096808638e-05,-18.873171858706534
put,675.0,2026-10-01,1.0,3.682034107155315e-05,-21.9073954286976
put,685.0,2026-10-01,27.0,6.89776816388966e-05,-1108.090669258112
put,690.0,2026-10-01,32.0,7.75534941300944e-05,-1476.570841738584
put,695.0,2026-10-01,216.0,0.00011235650132825646,-14439.59121782038
put,700.0,2026-10-01,252.0,0.00012932135458588242,-19389.81770399976
put,705.0,2026-10-01,27.0,0.00015012426372793718,-2411.6684109076455
put,710.0,2026-10-01,55.0,0.0002147142415726827,-7026.296638156004
put,715.0,2026-10-01,1054.0,0.0002491619318253944,-156251.8760832703
put,718.0,2026-10-01,27.0,0.00032898430177516,-5284.962127864307
put,719.0,2026-10-01,79.0,0.00033852422500591173,-15911.81731733267
put,720.0,2026-10-01,53.0,0.00034850154278130864,-10989.641236358606
put,721.0,2026-10-01,244.0,0.0003589459306436032,-52110.087292874094
put,722.0,2026-10-01,110.0,0.0004300189679884066,-28143.832537512146
put,723.0,2026-10-01,87.0,0.0004444511499418544,-23006.27077920554
put,724.0,2026-10-01,61.0,0.00046735183161792504,-16961.98693381724
put,725.0,2026-10-01,635.0,0.0004838012716646083,-182786.3123031173
put,726.0,2026-10-01,81.0,0.0005627980859886039,-27123.177799380992
put,727.0,2026-10-01,261.0,0.0005845427421920132,-90773.63357467848
put,728.0,2026-10-01,81.0,0.0006076482645865374,-29284.66235082343
put,729.0,2026-10-01,299.0,0.0006976067590436239,-124103.72248388837
put,730.0,2026-10-01,567.0,0.0007276371407958583,-245471.3763995857
put,731.0,2026-10-01,531.0,0.0007597616531880495,-240035.1434769991
put,732.0,2026-10-01,153.0,0.0008754582980291552,-79694.77238370117
put,733.0,2026-10-01,317.0,0.000917540716259518,-173056.35326699034
put,734.0,2026-10-01,292.0,0.001026228515275602,-178291.1842525379
put,735.0,2026-10-01,814.0,0.0010793902858249685,-522764.2142356328
put,736.0,2026-10-01,491.0,0.0012107978149295616,-353717.1041946651
put,737.0,2026-10-01,738.0,0.0013590779658059792,-596765.4527648619
put,738.0,2026-10-01,517.0,0.0015043282101406552,-462738.9780055899
put,739.0,2026-10-01,580.0,0.0016673625629299508,-575388.2380533838
put,740.0,2026-10-01,785.0,0.0018505929662688027,-864337.7955544553
put,741.0,2026-10-01,2261.0,0.002042710623283828,-2747959.641397201
put,742.0,2026-10-01,602.0,0.002243403704633424,-803538.8223264201
put,743.0,2026-10-01,668.0,0.002468753552595842,-981199.0987625149
put,744.0,2026-10-01,249.0,0.00281141960456195,-416512.4200638694
put,745.0,2026-10-01,762.0,0.003162438322536156,-1433771.6067761874
put,746.0,2026-10-01,551.0,0.0035604005017790498,-1167221.8065691586
put,747.0,2026-10-01,559.0,0.003967088313943597,-1319430.7970669777
put,748.0,2026-10-01,647.0,0.004523643760457158,-1741388.2813514308
put,749.0,2026-10-01,986.0,0.005027806756881184,-2949568.132472044
put,750.0,2026-10-01,1743.0,0.0057493337033775824,-5962355.186909841
put,751.0,2026-10-01,395.0,0.006537678945622153,-1536468.3732795657
put,752.0,2026-10-01,800.0,0.007384672382733936,-3514990.536031136
put,753.0,2026-10-01,439.0,0.008373468442041577,-2187121.1903720875
put,754.0,2026-10-01,722.0,0.00945690925687961,-4062462.4486688394
put,755.0,2026-10-01,1167.0,0.010694174894457448,-7425420.943386644
put,756.0,2026-10-01,286.0,0.012175131218930678,-2071775.1706439937
put,757.0,2026-10-01,972.0,0.013741312669404296,-7946894.1208166005
put,758.0,2026-10-01,507.0,0.015494565578588925,-4674017.175844696
put,759.0,2026-10-01,718.0,0.017454943769336536,-7456685.710785679
put,760.0,2026-10-01,2136.0,0.019577700200715226,-24880887.200004693
put,761.0,2026-10-01,1088.0,0.02186487031357406,-14153985.337074466
put,762.0,2026-10-01,256.0,0.024326327002076188,-3705266.465762008
put,763.0,2026-10-01,1020.0,0.026921854239982453,-16338345.684255766
put,764.0,2026-10-01,508.0,0.02963513446097406,-8957226.464644272
put,765.0,2026-10-01,1012.0,0.03243703828658028,-19531007.471488975
put,766.0,2026-10-01,781.0,0.035135428644892795,-16326730.735258708
put,767.0,2026-10-01,876.0,0.037767276312247265,-19684424.042422067
put,768.0,2026-10-01,514.0,0.04024538401227098,-12307848.305151477
put,769.0,2026-10-01,358.0,0.04238513231605082,-9028165.466106292
put,770.0,2026-10-01,2445.0,0.044205784536079436,-64307393.363198996
put,771.0,2026-10-01,456.0,0.045645279963580344,-12384077.410545107
put,772.0,2026-10-01,468.0,0.0463119655495985,-12895613.457488265
put,773.0,2026-10-01,473.0,0.04624313463789807,-13014016.303492429
put,774.0,2026-10-01,498.0,0.045504840521502,-13483103.852215162
put,775.0,2026-10-01,676.0,0.04414784875600025,-17756574.27033898
put,776.0,2026-10-01,179.0,0.042171118141437175,-4491289.889490729
put,777.0,2026-10-01,109.0,0.03965803777348796,-2571938.9779101335
put,778.0,2026-10-01,143.0,0.036631555843835685,-3116695.273941498
put,779.0,2026-10-01,174.0,0.033388246788067885,-3456573.5584201845
put,780.0,2026-10-01,128.0,0.02991709656905438,-2278412.4923754414
put,781.0,2026-10-01,68.0,0.026455550526453944,-1070357.0066546325
put,782.0,2026-10-01,45.0,0.023022565783361818,-616409.2916429791
put,783.0,2026-10-01,14.0,0.01991634268856085,-165897.7768547562
put,788.0,2026-10-01,0.0,0.008866265229926026,-0.0
put,789.0,2026-10-01,0.0,0.007071515655277347,-0.0
put,790.0,2026-10-01,0.0,0.006298511183435468,-0.0
put,791.0,2026-10-01,0.0,0.0055987685675708155,-0.0
put,792.0,2026-10-01,0.0,0.004814099355312091,-0.0
put,793.0,2026-10-01,0.0,0.004620396942684982,-0.0
call,500.0,2026-10-02,2.0,9.272675443418192e-05,110.34127425716828
call,505.0,2026-10-02,0.0,9.482070299478287e-05,0.0
call,510.0,2026-10-02,0.0,9.892624452542256e-05,0.0
call,515.0,2026-10-02,0.0,0.0001024917084324074,0.0
call,520.0,2026-10-02,0.0,0.00010918404015847784,0.0
call,580.0,2026-10-02,0.0,0.00021169045351700526,0.0
call,590.0,2026-10-02,0.0,0.0002306740753316029,0.0
call,595.0,2026-10-02,1.0,0.00024528715990120167,145.94114690831498
call,600.0,2026-10-02,2.0,0.0002638084273767299,313.9218903341403
call,605.0,2026-10-02,0.0,0.0002778943089009095,0.0
call,610.0,2026-10-02,1.0,0.0003027227352578052,180.1142106115187
call,615.0,2026-10-02,0.0,0.0003167212553296131,0.0
call,620.0,2026-10-02,20.0,0.0003386233856015327,4029.488154583356
call,625.0,2026-10-02,0.0,0.0003645557305482469,0.0
call,630.0,2026-10-02,0.0,0.0003913044109024193,0.0
call,635.0,2026-10-02,0.0,0.00041873737194379583,0.0
call,640.0,2026-10-02,0.0,0.00045559441564837897,0.0
call,645.0,2026-10-02,0.0,0.0004959390650949778,0.0
call,650.0,2026-10-02,21.0,0.0005286018511590354,6604.666829640406
call,655.0,2026-10-02,2.0,0.000575205144399254,684.4720165132363
call,660.0,2026-10-02,8.0,0.0006224670692042396,2962.8475629597488
call,665.0,2026-10-02,1.0,0.0006820517823348637,405.80770475268065
call,670.0,2026-10-02,1.0,0.0007547268997471434,449.0480031487182
call,675.0,2026-10-02,0.0,0.0013794477095455523,0.0
call,680.0,2026-10-02,1.0,0.0014930586273615325,888.3411939143621
call,685.0,2026-10-02,6.0,0.0016410314864623485,5858.293210539933
call,690.0,2026-10-02,8.0,0.0017983558738649025,8559.897513978696
call,695.0,2026-10-02,41.0,0.001979944455399863,48299.18514626
call,700.0,2026-10-02,507.0,0.0019692563768766128,594036.5402616996
call,705.0,2026-10-02,70.0,0.0024471987518164804,101922.53638045449
call,710.0,2026-10-02,240.0,0.0020512176879448783,292904.42636251287
call,715.0,2026-10-02,235.0,0.0029776453725803838,416335.81847447105
call,720.0,2026-10-02,101.0,0.003481458668753361,209211.50212215594
call,721.0,2026-10-02,173.0,0.0034678287064724114,356949.4200637573
call,722.0,2026-10-02,249.0,0.003683737937784201,545746.5690492861
call,723.0,2026-10-02,207.0,0.0037819160442967683,465784.646877781
call,724.0,2026-10-02,168.0,0.00323806338466486,323666.36298494297
call,725.0,2026-10-02,166.0,0.0037758672307875015,372930.3624364072
call,726.0,2026-10-02,196.0,0.0040314647060288675,470134.2308273481
call,727.0,2026-10-02,61.0,0.004343588375083834,157645.4488452392
call,728.0,2026-10-02,300.0,0.003782081206826882,675079.6934258871
call,729.0,2026-10-02,110.0,0.003992867021560399,261324.70696590396
call,730.0,2026-10-02,158.0,0.0038509505666531017,362016.1713011399
call,731.0,2026-10-02,118.0,0.004862085692349685,341356.0122187887
call,732.0,2026-10-02,126.0,0.0050158954999857215,376029.5415961145
call,733.0,2026-10-02,101.0,0.0052074533386421715,312931.8021168632
call,734.0,2026-10-02,155.0,0.005394612328944553,497502.05499137234
call,735.0,2026-10-02,106.0,0.005664501206432783,357248.5535920877
call,736.0,2026-10-02,69.0,0.0058725219958278745,241088.60447723235
call,737.0,2026-10-02,68.0,0.006090854966838126,246428.0334576052
call,738.0,2026-10-02,164.0,0.005468371798625893,533586.4877019057
call,739.0,2026-10-02,84.0,0.006575418220310128,328628.78944122005
call,740.0,2026-10-02,193.0,0.006534159134666364,750325.9321266502
call,741.0,2026-10-02,59.0,0.007123343249418686,250056.889074705
call,742.0,2026-10-02,32.0,0.007423582407930945,141340.44439579654
call,743.0,2026-10-02,181.0,0.007678729855436792,826934.1055841774
call,744.0,2026-10-02,418.0,0.008019676093755361,1994509.2277337334
call,745.0,2026-10-02,710.0,0.008384367263660559,3541861.5645716153
call,746.0,2026-10-02,391.0,0.008784634690704797,2043635.3375257435
call,747.0,2026-10-02,772.0,0.009215836247312526,4233065.513146195
call,748.0,2026-10-02,133.0,0.009669803976991,765195.2254061188
call,749.0,2026-10-02,285.0,0.010105375780994009,1713563.7577742068
call,750.0,2026-10-02,2209.0,0.00999469785718894,13136156.864178553
call,751.0,2026-10-02,222.0,0.011208804307960897,1480523.146898725
call,752.0,2026-10-02,98.0,0.011831506197063893,689872.8466067596
call,753.0,2026-10-02,90.0,0.012483671129836402,668479.000182291
call,754.0,2026-10-02,869.0,0.013189890557418349,6819678.617674865
call,755.0,2026-10-02,518.0,0.013782822961147839,4247866.678150964
call,756.0,2026-10-02,180.0,0.014876033652985166,1593171.7520591172
call,757.0,2026-10-02,514.0,0.015914792101043355,4867063.684320689
call,758.0,2026-10-02,487.0,0.016887765003307017,4893325.194114963
call,759.0,2026-10-02,342.0,0.01804893910150426,3672660.007610631
call,760.0,2026-10-02,2052.0,0.019528388430215038,23842220.57508946
call,761.0,2026-10-02,639.0,0.020861813865041164,7931509.78899499
call,762.0,2026-10-02,1665.0,0.022282957580282217,22074456.096672527
call,763.0,2026-10-02,786.0,0.023731230319935858,11098026.068139095
call,764.0,2026-10-02,820.0,0.025629440992538798,12504200.431660881
call,765.0,2026-10-02,3285.0,0.027303976315795436,53365946.030976735
call,766.0,2026-10-02,1074.0,0.02834218296924668,18110920.282779466
call,767.0,2026-10-02,1641.0,0.03030584259425363,29589517.573459346
call,768.0,2026-10-02,1698.0,0.03149899610675493,31822723.027915884
call,769.0,2026-10-02,1276.0,0.03303634188172597,25081041.480286036
call,770.0,2026-10-02,5224.0,0.0347157896017848,107902909.73197176
call,771.0,2026-10-02,2511.0,0.035936179665172506,53688535.653211184
call,772.0,2026-10-02,14097.0,0.0364918550010041,306073394.79616046
call,773.0,2026-10-02,3005.0,0.03670064853146611,65617722.90510892
call,774.0,2026-10-02,3540.0,0.03652922704935266,76939026.15469319
call,775.0,2026-10-02,8552.0,0.03605581485071451,183461925.53618282
call,776.0,2026-10-02,1837.0,0.03512588689868923,38391881.38604093
call,777.0,2026-10-02,1023.0,0.033901995016887336,20634969.42152961
call,778.0,2026-10-02,1753.0,0.032411250110009775,33804976.51205477
call,779.0,2026-10-02,2103.0,0.03062427042065459,38318452.70219023
call,780.0,2026-10-02,10222.0,0.028642915174725964,174203161.98806328
call,781.0,2026-10-02,3865.0,0.02651919758727143,60983566.22067764
call,782.0,2026-10-02,1933.0,0.024312268664121797,27961488.091573957
call,783.0,2026-10-02,2072.0,0.02207841473641439,27218273.79763466
call,784.0,2026-10-02,1758.0,0.019880417164923815,20794443.593069684
call,785.0,2026-10-02,58454.0,0.017761772810850736,617736817.3123008
call,786.0,2026-10-02,1392.0,0.01570947268069258,13010793.46381542
call,787.0,2026-10-02,1031.0,0.013879128856909631,8513807.244514016
call,788.0,2026-10-02,1368.0,0.012180617482738309,9914215.222351208
call,789.0,2026-10-02,2482.0,0.010631679112021392,15700250.349419229
call,790.0,2026-10-02,3933.0,0.009231353985557756,21601916.915678296
call,791.0,2026-10-02,2042.0,0.00799461615248349,9713064.991441762
call,792.0,2026-10-02,1820.0,0.006950261007787196,7526194.583600853
call,793.0,2026-10-02,1157.0,0.005940939998853185,4089700.130663641
call,794.0,2026-10-02,1278.0,0.00515328351606255,3918481.769373797
call,795.0,2026-10-02,6132.0,0.004526958663663486,16516256.363030339
call,796.0,2026-10-02,852.0,0.00380642641168547,1929567.4889174083
call,797.0,2026-10-02,2416.0,0.003395221868737155,4880541.721526555
call,798.0,2026-10-02,392.0,0.0028882491010418262,673633.4650408598
call,799.0,2026-10-02,1969.0,0.0025621571909379766,3001611.129490646
call,800.0,2026-10-02,6229.0,0.0022772020449920776,8439618.904093964
call,801.0,2026-10-02,993.0,0.001990242126315868,1175866.7315736238
call,802.0,2026-10-02,161.0,0.0018786142862619918,179956.04379365832
call,803.0,2026-10-02,334.0,0.0016173582545267922,321407.2259357678
call,804.0,2026-10-02,445.0,0.0013912127902165178,368346.47061988676
call,805.0,2026-10-02,776.0,0.0013265581040693046,612478.6275468548
call,806.0,2026-10-02,674.0,0.0011207605058782119,449444.0706803338
call,807.0,2026-10-02,291.0,0.0010752476838800419,186167.7478569126
call,808.0,2026-10-02,174.0,0.00101226366298923,104796.27258801066
call,809.0,2026-10-02,122.0,0.0008406854654907763,61023.38716310998
call,810.0,2026-10-02,839.0,0.0007956555504405489,397182.40187902376
call,811.0,2026-10-02,536.0,0.0007544892613780646,240613.94450656185
call,812.0,2026-10-02,234.0,0.0007321395068161979,101932.49157980981
call,813.0,2026-10-02,235.0,0.0006965897223322646,97397.5124300262
call,814.0,2026-10-02,228.0,0.0005712167162701448,77488.75719604612
call,815.0,2026-10-02,793.0,0.0005461526184582614,257685.5986616172
call,816.0,2026-10-02,187.0,0.0005229674775307639,58186.09724210867
call,817.0,2026-10-02,108.0,0.0005014783598449437,32223.95871685508
call,818.0,2026-10-02,319.0,0.0004815238459825963,91392.6820202573
call,819.0,2026-10-02,81.0,0.0004629611016584453,22311.689728691745
call,820.0,2026-10-02,324.0,0.00044566339787384114,85912.21526971029
call,821.0,2026-10-02,86.0,0.00042951800416035727,21977.726492636615
call,822.0,2026-10-02,55.0,0.0003203396027839675,10482.774955322673
call,823.0,2026-10-02,201.0,0.00031042759167041557,37124.38887751605
call,824.0,2026-10-02,115.0,0.00030111459531667535,20603.100798430118
call,825.0,2026-10-02,420.0,0.0002923524318541667,73056.51332844059
call,830.0,2026-10-02,779.0,0.00024512322945340455,113612.17331318252
call,835.0,2026-10-02,545.0,0.00014340211177286936,46500.2180503534
call,840.0,2026-10-02,919.0,0.00012780219492732054,69880.62237209943
call,845.0,2026-10-02,154.0,0.00011554270829039283,10586.836454154605
call,850.0,2026-10-02,1127.0,9.775798192971417e-05,65550.96415576247
call,855.0,2026-10-02,70.0,9.074056920876587e-05,3779.2226559034902
call,860.0,2026-10-02,176.0,7.90069412571501e-05,8273.339697340009
call,865.0,2026-10-02,332.0,3.715820353329656e-05,7339.9944776490165
call,870.0,2026-10-02,79.0,3.380186126855354e-05,1588.8051777731835
call,875.0,2026-10-02,25.0,3.104029447782024e-05,461.70946924918195
call,880.0,2026-10-02,14.0,2.874430324580545e-05,239.43231346671794
call,890.0,2026-10-02,13.0,2.518855838286962e-05,194.82720706199285
call,895.0,2026-10-02,1.0,2.0623918549225494e-05,12.270835244820715
call,900.0,2026-10-02,7.0,1.968493905985891e-05,81.98512343904454
call,905.0,2026-10-02,3.0,1.8876496940277333e-05,33.69345889346583
call,910.0,2026-10-02,0.0,3.31188555805448e-08,0.0
call,915.0,2026-10-02,450.0,1.7572037695008482e-05,4704.761150528137
call,920.0,2026-10-02,659.0,1.5023816265899086e-05,5890.723233467996
call,925.0,2026-10-02,320.0,1.4676695018928851e-05,2794.352486773491
call,930.0,2026-10-02,10.0,1.437652081894657e-05,85.53753640074054
put,500.0,2026-10-02,1075.0,1.216674487991288e-06,-778.1902873871772
put,505.0,2026-10-02,19.0,1.0008417578871317e-06,-11.314150677490332
put,510.0,2026-10-02,273.0,1.471867011776858e-06,-239.07499702682253
put,515.0,2026-10-02,228.0,1.2010045934801718e-06,-162.92302148158475
put,520.0,2026-10-02,262.0,1.3134300056331422e-06,-204.74399128178158
put,525.0,2026-10-02,395.0,1.4348395709176935e-06,-337.21227973749336
put,530.0,2026-10-02,87.0,1.5658402709644896e-06,-81.05310398118331
put,535.0,2026-10-02,198.0,1.7070735459723087e-06,-201.10383971490893
put,540.0,2026-10-02,351.0,1.8592167460654014e-06,-388.27558180301173
put,545.0,2026-10-02,105.0,2.0229845299181833e-06,-126.38187694888033
put,550.0,2026-10-02,340.0,2.1991301697264674e-06,-444.8696660760479
put,555.0,2026-10-02,5124.0,2.38844670888606e-06,-7281.613394241771
put,560.0,2026-10-02,10443.0,1.8050722172193618e-06,-11215.60743990405
put,565.0,2026-10-02,227.0,1.943918949901703e-06,-262.5469339008982
put,570.0,2026-10-02,485.0,2.090766055111369e-06,-603.3233297640678
put,575.0,2026-10-02,1360.0,2.2457821578659045e-06,-1817.2282339678309
put,580.0,2026-10-02,1106.0,2.4090895896904997e-06,-1585.2983883857416
put,585.0,2026-10-02,48.0,2.5807520630076506e-06,-73.70389861999288
put,590.0,2026-10-02,227.0,2.760759825139783e-06,-372.86998378398533
put,595.0,2026-10-02,311.0,2.9490117860412584e-06,-545.6822629016675
put,600.0,2026-10-02,6368.0,3.1452940130355597e-06,-11917.008338656797
put,605.0,2026-10-02,325.0,7.77378602846632e-06,-1503.2073265193847
put,610.0,2026-10-02,701.0,8.451092475070369e-06,-3524.794581113352
put,615.0,2026-10-02,321.0,1.343557248393284e-05,-2566.044295050675
put,620.0,2026-10-02,504.0,1.7646212195980815e-05,-5291.57521960441
put,625.0,2026-10-02,453.0,1.9448369013188025e-05,-5241.846854242536
put,630.0,2026-10-02,1253.0,2.145837335836891e-05,-15997.451737060474
put,635.0,2026-10-02,855.0,2.3706404688434327e-05,-12059.651253434278
put,640.0,2026-10-02,426.0,2.379146065849468e-05,-6030.22678430835
put,645.0,2026-10-02,689.0,2.6299404571671296e-05,-10781.22421684796
put,650.0,2026-10-02,2569.0,2.912173277911152e-05,-44512.7326900863
put,655.0,2026-10-02,307.0,3.231035941095855e-05,-5901.781201208493
put,660.0,2026-10-02,497.0,4.928755467862483e-05,-14574.598538782171
put,665.0,2026-10-02,548.0,5.547576520293268e-05,-18087.843847273525
put,670.0,2026-10-02,1828.0,6.267368305603829e-05,-68165.45667961956
put,675.0,2026-10-02,2502.0,8.774291659025753e-05,-130617.78414052472
put,680.0,2026-10-02,5477.0,9.551551409518948e-05,-311257.3378748288
put,685.0,2026-10-02,503.0,0.00011007863501584552,-32943.8203456915
put,690.0,2026-10-02,1327.0,0.00012065639629581714,-95262.99098152398
put,695.0,2026-10-02,3815.0,0.00016740599818598022,-379986.7885934809
put,700.0,2026-10-02,10522.0,0.00022182754527995597,-1388726.4621783225
put,705.0,2026-10-02,1994.0,0.0002519120311680609,-298866.3391201377
put,710.0,2026-10-02,6700.0,0.00033423989465092903,-1332404.3094484634
put,715.0,2026-10-02,4022.0,0.0004384057698318084,-1049110.5822436379
put,720.0,2026-10-02,2824.0,0.000619906661241472,-1041583.1263701218
put,721.0,2026-10-02,1549.0,0.0006372975061802102,-587349.4643517666
put,722.0,2026-10-02,845.0,0.0006647600040988446,-334213.9174767741
put,723.0,2026-10-02,2223.0,0.0007336132163336221,-970307.8605312905
put,724.0,2026-10-02,1414.0,0.0007669050768289867,-645199.411292545
put,725.0,2026-10-02,3077.0,0.0007913593319513829,-1448785.7461599205
put,726.0,2026-10-02,333.0,0.0008819479555857173,-174739.11490415753
put,727.0,2026-10-02,813.0,0.000918698013554702,-444392.0317526757
put,728.0,2026-10-02,466.0,0.0010115338417558137,-280458.93076031946
put,729.0,2026-10-02,1500.0,0.001056369292733745,-942779.1463017362
put,730.0,2026-10-02,7635.0,0.0012194152742229767,-5539411.295421672
put,731.0,2026-10-02,575.0,0.0012692990148893976,-434244.9013408231
put,732.0,2026-10-02,1998.0,0.0013925254508919227,-1655394.7195813966
put,733.0,2026-10-02,1040.0,0.001453599649897778,-899458.4149554999
put,734.0,2026-10-02,750.0,0.0015785862408918428,-704421.3604033595
put,735.0,2026-10-02,3271.0,0.0017802452549874784,-3464681.532894054
put,736.0,2026-10-02,542.0,0.0019363139739794104,-624421.727496981
put,737.0,2026-10-02,678.0,0.0020962035045398735,-845602.1466768249
put,738.0,2026-10-02,1100.0,0.002272324078903599,-1487188.0802556502
put,739.0,2026-10-02,1135.0,0.0025219747226671537,-1703097.5773071996
put,740.0,2026-10-02,7038.0,0.0027844202957460307,-11659689.719911478
put,741.0,2026-10-02,3628.0,0.0029971552010408208,-6469630.106756813
put,742.0,2026-10-02,5294.0,0.0032985787781208737,-10389956.702389523
put,743.0,2026-10-02,1192.0,0.0036859960653152168,-2614171.423559511
put,744.0,2026-10-02,15467.0,0.004032602669205004,-37110299.47004956
put,745.0,2026-10-02,6402.0,0.004476128293113356,-17049872.499786485
put,746.0,2026-10-02,6655.0,0.0049375239391895535,-19550605.58478527
put,747.0,2026-10-02,13661.0,0.005439027843916005,-44208595.092730895
put,748.0,2026-10-02,2398.0,0.006040666968353787,-8618605.695492337
put,749.0,2026-10-02,2248.0,0.00667257582469565,-8924682.293578345
put,750.0,2026-10-02,15741.0,0.007420458467243674,-69496990.42049208
put,751.0,2026-10-02,1447.0,0.008210153078983505,-7068426.167745489
put,752.0,2026-10-02,1592.0,0.009106899354249423,-8626140.759346526
put,753.0,2026-10-02,3029.0,0.010116896751105655,-18232638.923149183
put,754.0,2026-10-02,1262.0,0.011182526989007381,-8396576.519680154
put,755.0,2026-10-02,5467.0,0.012404256826645128,-40348069.82391756
put,756.0,2026-10-02,1394.0,0.013693645743835565,-11357553.792163348
put,757.0,2026-10-02,2052.0,0.015093798435805455,-18428027.121050622
put,758.0,2026-10-02,3308.0,0.016626073058852636,-32723377.743081324
put,759.0,2026-10-02,1837.0,0.018255517605911913,-19952910.18810135
put,760.0,2026-10-02,9026.0,0.01998152935516853,-107306738.43819962
put,761.0,2026-10-02,1186.0,0.021809599856465144,-15389883.3077277
put,762.0,2026-10-02,2160.0,0.02370939205541445,-30470326.617150046
put,763.0,2026-10-02,3047.0,0.02568281195501782,-46560535.4832573
put,764.0,2026-10-02,1914.0,0.027675945613432132,-31517179.28191358
put,765.0,2026-10-02,13629.0,0.02967117495608323,-240603353.47840405
put,766.0,2026-10-02,1589.0,0.031658112156246865,-29930353.814872593
put,767.0,2026-10-02,2555.0,0.03354425052468173,-50993161.40752798
put,768.0,2026-10-02,2615.0,0.03529887061838977,-54920621.581524976
put,769.0,2026-10-02,789.0,0.0369367663334843,-17339589.649486367
put,770.0,2026-10-02,3340.0,0.038215338263852594,-75942889.12307522
put,771.0,2026-10-02,769.0,0.03912800882099397,-17902637.902601838
put,772.0,2026-10-02,1077.0,0.0398109284612043,-25510616.24540455
put,773.0,2026-10-02,1272.0,0.03988130553434425,-30182792.514183585
put,774.0,2026-10-02,1383.0,0.03958869383256569,-32575890.27184697
put,775.0,2026-10-02,1362.0,0.038363263869066425,-31088201.399848934
put,776.0,2026-10-02,794.0,0.03698501234256343,-17472265.10658606
put,777.0,2026-10-02,386.0,0.03538425537697593,-8126439.485527633
put,778.0,2026-10-02,332.0,0.0336772068019578,-6652380.590130327
put,779.0,2026-10-02,249.0,0.0314611693667136,-4660979.019178069
put,780.0,2026-10-02,470.0,0.02955898411897691,-8265902.957935882
put,781.0,2026-10-02,79.0,0.026804613762457394,-1259910.18055631
put,782.0,2026-10-02,83.0,0.024326367973598433,-1201318.8852595582
put,783.0,2026-10-02,61.0,0.021897918913800312,-794759.2998786574
put,784.0,2026-10-02,9.0,0.019524727097214912,-104551.53706816175
put,785.0,2026-10-02,43.0,0.01731653755126848,-443029.30542483623
put,786.0,2026-10-02,0.0,0.01751119838385043,-0.0
put,787.0,2026-10-02,0.0,0.016302084283483374,-0.0
put,788.0,2026-10-02,0.0,0.014875178442926303,-0.0
put,789.0,2026-10-02,0.0,0.013800243334924642,-0.0
put,790.0,2026-10-02,0.0,0.012922329088948251,-0.0
put,792.0,2026-10-02,0.0,0.011213699343233569,-0.0
put,794.0,2026-10-02,0.0,0.01007737799472717,-0.0
put,795.0,2026-10-02,2.0,0.009423717322288187,-11213.861456983304
put,796.0,2026-10-02,0.0,0.009005849203917358,-0.0
put,797.0,2026-10-02,0.0,0.008669088820190466,-0.0
put,799.0,2026-10-02,1.0,0.007809370622804479,-4646.425462234741
put,800.0,2026-10-02,2.0,0.007369296644294602,-8769.179802229692
put,801.0,2026-10-02,0.0,0.007063264861474461,-0.0
put,802.0,2026-10-02,0.0,0.00673974236557376,-0.0
put,803.0,2026-10-02,0.0,0.0064765892429267564,-0.0
put,805.0,2026-10-02,0.0,0.005968296164657551,-0.0
put,806.0,2026-10-02,0.0,0.005699761143659326,-0.0
put,810.0,2026-10-02,1.0,0.00493019808770834,-2933.373127623757
put,811.0,2026-10-02,0.0,0.004762945763306387,-0.0
put,813.0,2026-10-02,0.0,0.004396440743760442,-0.0
put,816.0,2026-10-02,0.0,0.004041910847826587,-0.0
put,822.0,2026-10-02,0.0,0.0033900597500036767,-0.0
put,830.0,2026-10-02,0.0,0.0027565791328212456,-0.0
put,835.0,2026-10-02,0.0,0.0024168105397507533,-0.0
put,855.0,2026-10-02,0.0,0.0016464667628897985,-0.0
call,700.0,2026-10-05,2.0,0.002360018268008366,2808.331042655843
call,710.0,2026-10-05,2.0,0.00292542916612097,3481.148282484054
call,720.0,2026-10-05,1.0,0.0037371859354106045,2223.553820930256
call,745.0,2026-10-05,9.0,0.008538752182586169,45723.54127606981
call,750.0,2026-10-05,4.0,0.010594111940226051,25213.17214736261
call,760.0,2026-10-05,101.0,0.018303143875911518,1099891.9097346505
call,762.0,2026-10-05,89.0,0.02027804858448578,1073789.3842956196
call,764.0,2026-10-05,87.0,0.02273079157262711,1176621.4262556368
call,765.0,2026-10-05,501.0,0.024003126873542707,7154981.032140126
call,766.0,2026-10-05,198.0,0.025033451690356163,2949095.7013107897
call,767.0,2026-10-05,135.0,0.026362083328944293,2117465.958912104
call,768.0,2026-10-05,93.0,0.027496732532800227,1521482.5577606582
call,769.0,2026-10-05,585.0,0.0285485489948164,9936715.280823065
call,770.0,2026-10-05,339.0,0.02959669952817722,5969609.4871927
call,771.0,2026-10-05,144.0,0.030955800391308668,2652207.323336724
call,772.0,2026-10-05,227.0,0.031490457433392315,4253121.276837169
call,773.0,2026-10-05,215.0,0.0317767435037244,4064908.6347192274
call,774.0,2026-10-05,192.0,0.03179500220872036,3632143.7506599077
call,775.0,2026-10-05,1225.0,0.03159981033057494,23031567.940180425
call,776.0,2026-10-05,237.0,0.031236465581152038,4404667.943256597
call,777.0,2026-10-05,153.0,0.030541862466742505,2780288.659026783
call,778.0,2026-10-05,265.0,0.02963354637941759,4672318.530812818
call,779.0,2026-10-05,126.0,0.028520460096541023,2138109.842249131
call,780.0,2026-10-05,942.0,0.027235896757335478,15264954.78515595
call,781.0,2026-10-05,283.0,0.025786465194808587,4341913.717833326
call,782.0,2026-10-05,215.0,0.024211509718845385,3097157.356737579
call,783.0,2026-10-05,191.0,0.022560120603541574,2563762.1081756237
call,784.0,2026-10-05,308.0,0.020852134479666547,3821238.7561738268
call,785.0,2026-10-05,614.0,0.01913323051169762,6989717.366871952
call,786.0,2026-10-05,172.0,0.017431666634356312,1783899.1515599978
call,787.0,2026-10-05,328.0,0.015785473214208152,3080593.4633772965
call,788.0,2026-10-05,460.0,0.014225208641909326,3893313.8690235578
call,789.0,2026-10-05,203.0,0.012742308072462143,1539029.9768889544
call,790.0,2026-10-05,516.0,0.011350759057482574,3484797.502775241
call,791.0,2026-10-05,496.0,0.010127499227520197,2988731.0496548526
call,792.0,2026-10-05,106.0,0.008935614445779701,563551.0029702459
call,793.0,2026-10-05,221.0,0.007880143943569359,1036166.064425329
call,794.0,2026-10-05,80.0,0.006959021649450035,331238.7330146771
call,795.0,2026-10-05,142.0,0.00618270878544122,522360.1954319177
call,796.0,2026-10-05,136.0,0.005454585151788804,441370.77622130513
call,797.0,2026-10-05,94.0,0.0048684051011284755,272281.10386928177
call,798.0,2026-10-05,36.0,0.0043161176138439405,92448.2536319229
call,799.0,2026-10-05,19.0,0.0038105470360531553,43076.843057173464
call,800.0,2026-10-05,1213.0,0.003334856427361969,2406804.8747904426
call,801.0,2026-10-05,175.0,0.00301372325746039,313793.80007562554
call,802.0,2026-10-05,130.0,0.002704555287099849,209190.5955557827
call,803.0,2026-10-05,272.0,0.002429689271873439,393208.21292951
call,804.0,2026-10-05,35.0,0.0021450227295853174,44668.655749922604
call,805.0,2026-10-05,875.0,0.0020424341838341615,1063307.956965096
call,806.0,2026-10-05,89.0,0.0018082769649515372,95754.21425495621
call,807.0,2026-10-05,197.0,0.0017302534998319278,202805.11430330682
call,809.0,2026-10-05,58.0,0.001419968416118369,49001.527514572575
call,810.0,2026-10-05,157.0,0.0012366638899962731,115519.22654026953
call,815.0,2026-10-05,72.0,0.000880535331384182,37720.915383107764
call,820.0,2026-10-05,32.0,0.0006250012562857354,11899.639615636459
call,825.0,2026-10-05,72.0,0.0005106894785606553,21877.230726844133
call,830.0,2026-10-05,57.0,0.00034712834169114016,11772.47751116662
call,840.0,2026-10-05,3.0,0.0001874518557109372,334.59075668981393
put,585.0,2026-10-05,48.0,1.4309860527049642e-05,-408.6764182696221
put,595.0,2026-10-05,25.0,1.9866344904627573e-05,-295.50233707966134
put,610.0,2026-10-05,1.0,2.4404892226822256e-05,-14.520441930963107
put,660.0,2026-10-05,5.0,9.380435329903575e-05,-279.0589387346686
put,665.0,2026-10-05,50.0,9.953960089843452e-05,-2961.2074932427613
put,675.0,2026-10-05,2.0,0.00014601930358675008,-173.75735969862595
put,680.0,2026-10-05,2.0,0.0001611530015012507,-191.7658786239199
put,685.0,2026-10-05,14.0,0.00020906369577856185,-1741.4443451318564
put,690.0,2026-10-05,3.0,0.0002310203942900687,-412.35808652377733
put,695.0,2026-10-05,6.0,0.00029354892673019267,-1047.935824882924
put,700.0,2026-10-05,184.0,0.00036219616870905764,-39651.95597308017
put,705.0,2026-10-05,98.0,0.00045204729451054905,-26358.026498964824
put,710.0,2026-10-05,172.0,0.0005567864199932405,-56979.68203846088
put,715.0,2026-10-05,74.0,0.0007332358735230257,-32283.332906922486
put,720.0,2026-10-05,189.0,0.0009564080298881883,-107549.39164663285
put,725.0,2026-10-05,43.0,0.0012944580719444067,-33117.6402220832
put,727.0,2026-10-05,9.0,0.0014430234583186908,-7727.14106791046
put,729.0,2026-10-05,11.0,0.0016626353764800257,-10881.597113143824
put,730.0,2026-10-05,387.0,0.0017763429443306963,-409016.3987135756
put,731.0,2026-10-05,272.0,0.001899455757829497,-307397.992295086
put,734.0,2026-10-05,18.0,0.002372002749905066,-25403.3290399082
put,735.0,2026-10-05,81.0,0.0025185556265617717,-121377.86847101957
put,736.0,2026-10-05,28.0,0.0027462044553922525,-45750.28870133605
put,737.0,2026-10-05,691.0,0.0029728387436218015,-1222228.3128507147
put,738.0,2026-10-05,168.0,0.0031593363577277905,-315797.0635147671
put,740.0,2026-10-05,150.0,0.0037412895559598117,-333899.3094457941
put,741.0,2026-10-05,21.0,0.00402511686509234,-50292.21102047052
put,742.0,2026-10-05,63.0,0.0043800451915368,-164180.6917178136
put,743.0,2026-10-05,31.0,0.004758025892854493,-87758.95338008075
put,744.0,2026-10-05,95.0,0.0051609804933045135,-291715.00132102164
put,745.0,2026-10-05,314.0,0.005630638328318737,-1051938.1860779277
put,746.0,2026-10-05,70.0,0.006122079382173706,-254976.3716945631
put,747.0,2026-10-05,1175.0,0.006698718883729466,-4683090.597136939
put,748.0,2026-10-05,179.0,0.007293484504393474,-776767.4810963256
put,749.0,2026-10-05,986.0,0.00792481853517298,-4649103.145219071
put,750.0,2026-10-05,1322.0,0.00866723247946998,-6817338.227119146
put,751.0,2026-10-05,1029.0,0.009413578054105273,-5763324.10245428
put,752.0,2026-10-05,710.0,0.010265567612745559,-4336548.987266154
put,753.0,2026-10-05,1216.0,0.011163205175393149,-8076541.373079294
put,754.0,2026-10-05,396.0,0.012128604046261423,-2857649.3963482915
put,755.0,2026-10-05,1171.0,0.013170618939999101,-9176266.541825239
put,756.0,2026-10-05,665.0,0.014281580333046712,-5650681.807048302
put,757.0,2026-10-05,415.0,0.0154614278959837,-3817689.7892613425
put,758.0,2026-10-05,78.0,0.01670815891412218,-775400.6133038998
put,759.0,2026-10-05,337.0,0.018021012241510762,-3613366.5743593103
put,760.0,2026-10-05,848.0,0.019391062702070097,-9783638.630085938
put,761.0,2026-10-05,340.0,0.020818549387107727,-4211456.530189068
put,762.0,2026-10-05,226.0,0.022289599936419508,-2997185.70803255
put,763.0,2026-10-05,398.0,0.02376145377028158,-5626768.148412445
put,764.0,2026-10-05,243.0,0.025293353066275993,-3656921.351219807
put,765.0,2026-10-05,1140.0,0.026792490533590452,-18172759.43175392
put,766.0,2026-10-05,666.0,0.028276519043754042,-11204774.33840123
put,767.0,2026-10-05,540.0,0.02963900312730335,-9522704.16492421
put,768.0,2026-10-05,140.0,0.03092215670739082,-2575732.4693237697
put,769.0,2026-10-05,117.0,0.03225043915673421,-2245041.817292797
put,770.0,2026-10-05,747.0,0.033375941340504534,-14833958.698750654
put,771.0,2026-10-05,194.0,0.03404878162158372,-3930123.9375151903
put,772.0,2026-10-05,148.0,0.03464447619399229,-3050694.050149966
put,773.0,2026-10-05,210.0,0.0349252716273568,-4363771.759928726
put,774.0,2026-10-05,117.0,0.03495712551495165,-2433461.7030178336
put,775.0,2026-10-05,219.0,0.03410729693100149,-4444207.798967731
put,776.0,2026-10-05,100.0,0.03360837897877195,-1999633.9701869786
put,777.0,2026-10-05,177.0,0.03236188127311261,-3408081.4608027833
put,778.0,2026-10-05,71.0,0.03125240236502905,-1320215.1009889827
put,779.0,2026-10-05,6.0,0.030041372030296713,-107244.23464889404
put,780.0,2026-10-05,88.0,0.02826931252066497,-1480133.4020291686
put,781.0,2026-10-05,1.0,0.026552987310549985,-15798.517229782701
put,784.0,2026-10-05,1.0,0.020847296097647204,-12403.740593895503
put,785.0,2026-10-05,4.0,0.019235961561996556,-45780.11002896017
put,788.0,2026-10-05,0.0,0.01552543025977772,-0.0
put,790.0,2026-10-05,0.0,0.013536553749881573,-0.0
put,794.0,2026-10-05,0.0,0.01067633761090686,-0.0
