tipo,strike,vencimiento,oi,gamma,gex_contrib
call,570.0,2026-09-24,0.0,0.0,0.0
call,575.0,2026-09-24,0.0,0.0,0.0
call,580.0,2026-09-24,0.0,0.0,0.0
call,585.0,2026-09-24,0.0,0.0,0.0
call,590.0,2026-09-24,0.0,0.0,0.0
call,595.0,2026-09-24,0.0,0.0,0.0
call,600.0,2026-09-24,0.0,0.0,0.0
call,605.0,2026-09-24,0.0,0.0,0.0
call,610.0,2026-09-24,0.0,0.0,0.0
call,615.0,2026-09-24,0.0,0.0,0.0
call,620.0,2026-09-24,0.0,0.0,0.0
call,625.0,2026-09-24,0.0,0.0,0.0
call,630.0,2026-09-24,0.0,0.0,0.0
call,635.0,2026-09-24,0.0,0.0,0.0
call,640.0,2026-09-24,0.0,0.0,0.0
call,645.0,2026-09-24,0.0,0.0,0.0
call,650.0,2026-09-24,0.0,0.0,0.0
call,655.0,2026-09-24,0.0,0.0,0.0
call,660.0,2026-09-24,0.0,0.0,0.0
call,675.0,2026-09-24,0.0,0.0,0.0
call,680.0,2026-09-24,0.0,0.0,0.0
call,685.0,2026-09-24,0.0,0.0,0.0
call,690.0,2026-09-24,0.0,0.0,0.0
call,695.0,2026-09-24,8.0,0.0,0.0
call,700.0,2026-09-24,11.0,0.0,0.0
call,705.0,2026-09-24,26.0,0.0,0.0
call,710.0,2026-09-24,15.0,0.0,0.0
call,715.0,2026-09-24,7.0,0.0,0.0
call,718.0,2026-09-24,6.0,0.0,0.0
call,719.0,2026-09-24,14.0,0.0,0.0
call,720.0,2026-09-24,16.0,0.0,0.0
call,721.0,2026-09-24,12.0,0.0,0.0
call,722.0,2026-09-24,6.0,0.0,0.0
call,723.0,2026-09-24,10.0,0.0,0.0
call,724.0,2026-09-24,13.0,0.0,0.0
call,725.0,2026-09-24,7.0,0.0,0.0
call,726.0,2026-09-24,6.0,0.0,0.0
call,727.0,2026-09-24,5.0,0.0,0.0
call,728.0,2026-09-24,9.0,0.0,0.0
call,729.0,2026-09-24,7.0,0.0,0.0
call,730.0,2026-09-24,28.0,0.0,0.0
call,731.0,2026-09-24,21.0,0.0,0.0
call,732.0,2026-09-24,11.0,0.0,0.0
call,733.0,2026-09-24,36.0,0.0,0.0
call,734.0,2026-09-24,16.0,0.0,0.0
call,735.0,2026-09-24,33.0,0.0,0.0
call,736.0,2026-09-24,13.0,0.0,0.0
call,737.0,2026-09-24,11.0,0.0,0.0
call,738.0,2026-09-24,44.0,0.0,0.0
call,739.0,2026-09-24,30.0,0.0,0.0
call,740.0,2026-09-24,27.0,0.0,0.0
call,741.0,2026-09-24,10.0,0.0,0.0
call,742.0,2026-09-24,50.0,0.0,0.0
call,743.0,2026-09-24,19.0,0.0,0.0
call,744.0,2026-09-24,31.0,0.0,0.0
call,745.0,2026-09-24,29.0,0.0,0.0
call,746.0,2026-09-24,139.0,0.0,0.0
call,747.0,2026-09-24,25.0,0.0,0.0
call,748.0,2026-09-24,78.0,0.0,0.0
call,749.0,2026-09-24,191.0,0.0,0.0
call,750.0,2026-09-24,255.0,0.0,0.0
call,751.0,2026-09-24,902.0,0.0,0.0
call,752.0,2026-09-24,322.0,0.0,0.0
call,753.0,2026-09-24,629.0,0.0,0.0
call,754.0,2026-09-24,302.0,0.0,0.0
call,755.0,2026-09-24,1419.0,0.0,0.0
call,756.0,2026-09-24,244.0,0.0,0.0
call,757.0,2026-09-24,367.0,0.0,0.0
call,758.0,2026-09-24,798.0,0.0,0.0
call,759.0,2026-09-24,1823.0,0.0,0.0
call,760.0,2026-09-24,2131.0,0.0,0.0
call,761.0,2026-09-24,1219.0,0.0,0.0
call,762.0,2026-09-24,506.0,0.0,0.0
call,763.0,2026-09-24,710.0,0.0,0.0
call,764.0,2026-09-24,503.0,0.0,0.0
call,765.0,2026-09-24,1484.0,0.0,0.0
call,766.0,2026-09-24,698.0,0.0,0.0
call,767.0,2026-09-24,843.0,0.0,0.0
call,768.0,2026-09-24,839.0,0.0,0.0
call,769.0,2026-09-24,859.0,0.0,0.0
call,770.0,2026-09-24,1826.0,0.0,0.0
call,771.0,2026-09-24,5837.0,0.0,0.0
call,772.0,2026-09-24,1307.0,0.0,0.0
call,773.0,2026-09-24,2522.0,0.0,0.0
call,774.0,2026-09-24,1735.0,0.0,0.0
call,775.0,2026-09-24,3239.0,0.0,0.0
call,776.0,2026-09-24,3953.0,0.0,0.0
call,777.0,2026-09-24,2482.0,0.0,0.0
call,778.0,2026-09-24,5324.0,0.0,0.0
call,779.0,2026-09-24,1364.0,0.0,0.0
call,780.0,2026-09-24,4037.0,0.0,0.0
call,781.0,2026-09-24,1756.0,0.0,0.0
call,782.0,2026-09-24,1734.0,0.0,0.0
call,783.0,2026-09-24,880.0,0.0,0.0
call,784.0,2026-09-24,3614.0,0.0,0.0
call,785.0,2026-09-24,1009.0,0.0,0.0
call,786.0,2026-09-24,1077.0,0.0,0.0
call,787.0,2026-09-24,660.0,0.0,0.0
call,788.0,2026-09-24,893.0,0.0,0.0
call,789.0,2026-09-24,1562.0,0.0,0.0
call,790.0,2026-09-24,2712.0,0.0,0.0
call,791.0,2026-09-24,872.0,0.0,0.0
call,792.0,2026-09-24,324.0,0.0,0.0
call,793.0,2026-09-24,263.0,0.0,0.0
call,794.0,2026-09-24,753.0,0.0,0.0
call,795.0,2026-09-24,1493.0,0.0,0.0
call,796.0,2026-09-24,1393.0,0.0,0.0
call,797.0,2026-09-24,157.0,0.0,0.0
call,798.0,2026-09-24,309.0,0.0,0.0
call,799.0,2026-09-24,41.0,0.0,0.0
call,800.0,2026-09-24,224.0,0.0,0.0
call,801.0,2026-09-24,1255.0,0.0,0.0
call,802.0,2026-09-24,53.0,0.0,0.0
call,803.0,2026-09-24,226.0,0.0,0.0
call,804.0,2026-09-24,2682.0,0.0,0.0
call,805.0,2026-09-24,2462.0,0.0,0.0
call,806.0,2026-09-24,147.0,0.0,0.0
call,807.0,2026-09-24,31.0,0.0,0.0
call,808.0,2026-09-24,125.0,0.0,0.0
call,809.0,2026-09-24,89.0,0.0,0.0
call,810.0,2026-09-24,102.0,0.0,0.0
call,815.0,2026-09-24,121.0,0.0,0.0
call,820.0,2026-09-24,10.0,0.0,0.0
call,825.0,2026-09-24,7.0,0.0,0.0
call,830.0,2026-09-24,243.0,0.0,0.0
call,835.0,2026-09-24,6.0,0.0,0.0
call,840.0,2026-09-24,236.0,0.0,0.0
call,845.0,2026-09-24,1.0,0.0,0.0
call,850.0,2026-09-24,1.0,0.0,0.0
call,870.0,2026-09-24,3.0,0.0,0.0
call,875.0,2026-09-24,192.0,0.0,0.0
put,550.0,2026-09-24,16.0,0.0,-0.0
put,565.0,2026-09-24,7.0,0.0,-0.0
put,570.0,2026-09-24,152.0,0.0,-0.0
put,575.0,2026-09-24,500.0,0.0,-0.0
put,580.0,2026-09-24,536.0,0.0,-0.0
put,585.0,2026-09-24,5.0,0.0,-0.0
put,600.0,2026-09-24,119.0,0.0,-0.0
put,605.0,2026-09-24,457.0,0.0,-0.0
put,610.0,2026-09-24,2.0,0.0,-0.0
put,615.0,2026-09-24,190.0,0.0,-0.0
put,620.0,2026-09-24,16.0,0.0,-0.0
put,625.0,2026-09-24,197.0,0.0,-0.0
put,630.0,2026-09-24,15.0,0.0,-0.0
put,635.0,2026-09-24,24.0,0.0,-0.0
put,640.0,2026-09-24,116.0,0.0,-0.0
put,645.0,2026-09-24,45.0,0.0,-0.0
put,650.0,2026-09-24,173.0,0.0,-0.0
put,655.0,2026-09-24,169.0,0.0,-0.0
put,660.0,2026-09-24,186.0,0.0,-0.0
put,665.0,2026-09-24,7891.0,0.0,-0.0
put,670.0,2026-09-24,291.0,0.0,-0.0
put,675.0,2026-09-24,139.0,0.0,-0.0
put,680.0,2026-09-24,365.0,0.0,-0.0
put,685.0,2026-09-24,261.0,0.0,-0.0
put,690.0,2026-09-24,307.0,0.0,-0.0
put,695.0,2026-09-24,108.0,0.0,-0.0
put,700.0,2026-09-24,658.0,0.0,-0.0
put,705.0,2026-09-24,243.0,0.0,-0.0
put,710.0,2026-09-24,1256.0,0.0,-0.0
put,715.0,2026-09-24,410.0,0.0,-0.0
put,718.0,2026-09-24,165.0,0.0,-0.0
put,719.0,2026-09-24,236.0,0.0,-0.0
put,720.0,2026-09-24,413.0,0.0,-0.0
put,721.0,2026-09-24,162.0,0.0,-0.0
put,722.0,2026-09-24,568.0,0.0,-0.0
put,723.0,2026-09-24,570.0,0.0,-0.0
put,724.0,2026-09-24,939.0,0.0,-0.0
put,725.0,2026-09-24,412.0,0.0,-0.0
put,726.0,2026-09-24,629.0,0.0,-0.0
put,727.0,2026-09-24,3292.0,0.0,-0.0
put,728.0,2026-09-24,480.0,0.0,-0.0
put,729.0,2026-09-24,1181.0,0.0,-0.0
put,730.0,2026-09-24,553.0,0.0,-0.0
put,731.0,2026-09-24,763.0,0.0,-0.0
put,732.0,2026-09-24,340.0,0.0,-0.0
put,733.0,2026-09-24,799.0,0.0,-0.0
put,734.0,2026-09-24,769.0,0.0,-0.0
put,735.0,2026-09-24,2357.0,0.0,-0.0
put,736.0,2026-09-24,523.0,0.0,-0.0
put,737.0,2026-09-24,11152.0,0.0,-0.0
put,738.0,2026-09-24,10798.0,0.0,-0.0
put,739.0,2026-09-24,2073.0,0.0,-0.0
put,740.0,2026-09-24,1156.0,0.0,-0.0
put,741.0,2026-09-24,320.0,0.0,-0.0
put,742.0,2026-09-24,1032.0,0.0,-0.0
put,743.0,2026-09-24,766.0,0.0,-0.0
put,744.0,2026-09-24,441.0,0.0,-0.0
put,745.0,2026-09-24,1098.0,0.0,-0.0
put,746.0,2026-09-24,343.0,0.0,-0.0
put,747.0,2026-09-24,436.0,0.0,-0.0
put,748.0,2026-09-24,827.0,0.0,-0.0
put,749.0,2026-09-24,655.0,0.0,-0.0
put,750.0,2026-09-24,2016.0,0.0,-0.0
put,751.0,2026-09-24,631.0,0.0,-0.0
put,752.0,2026-09-24,3159.0,0.0,-0.0
put,753.0,2026-09-24,408.0,0.0,-0.0
put,754.0,2026-09-24,720.0,0.0,-0.0
put,755.0,2026-09-24,729.0,0.0,-0.0
put,756.0,2026-09-24,530.0,0.0,-0.0
put,757.0,2026-09-24,329.0,0.0,-0.0
put,758.0,2026-09-24,1913.0,0.0,-0.0
put,759.0,2026-09-24,1486.0,0.0,-0.0
put,760.0,2026-09-24,2071.0,0.0,-0.0
put,761.0,2026-09-24,2636.0,0.0,-0.0
put,762.0,2026-09-24,1090.0,0.0,-0.0
put,763.0,2026-09-24,1963.0,0.0,-0.0
put,764.0,2026-09-24,1259.0,0.0,-0.0
put,765.0,2026-09-24,1543.0,0.0,-0.0
put,766.0,2026-09-24,854.0,0.0,-0.0
put,767.0,2026-09-24,1844.0,0.0,-0.0
put,768.0,2026-09-24,1223.0,0.0,-0.0
put,769.0,2026-09-24,1477.0,0.0,-0.0
put,770.0,2026-09-24,2230.0,0.0,-0.0
put,771.0,2026-09-24,2269.0,0.0,-0.0
put,772.0,2026-09-24,1539.0,0.0,-0.0
put,773.0,2026-09-24,2262.0,0.0,-0.0
put,774.0,2026-09-24,2423.0,0.0,-0.0
put,775.0,2026-09-24,1897.0,0.0,-0.0
put,776.0,2026-09-24,528.0,0.0,-0.0
put,777.0,2026-09-24,151.0,0.0,-0.0
put,778.0,2026-09-24,350.0,0.0,-0.0
put,779.0,2026-09-24,153.0,0.0,-0.0
put,780.0,2026-09-24,178.0,0.0,-0.0
put,781.0,2026-09-24,201.0,0.0,-0.0
put,782.0,2026-09-24,233.0,0.0,-0.0
put,783.0,2026-09-24,192.0,0.0,-0.0
put,784.0,2026-09-24,166.0,0.0,-0.0
put,785.0,2026-09-24,0.0,0.0,-0.0
put,786.0,2026-09-24,0.0,0.0,-0.0
put,787.0,2026-09-24,0.0,0.0,-0.0
put,788.0,2026-09-24,0.0,0.0,-0.0
put,789.0,2026-09-24,0.0,0.0,-0.0
put,790.0,2026-09-24,0.0,0.0,-0.0
put,791.0,2026-09-24,0.0,0.0,-0.0
put,792.0,2026-09-24,1.0,0.0,-0.0
put,793.0,2026-09-24,0.0,0.0,-0.0
put,794.0,2026-09-24,0.0,0.0,-0.0
put,795.0,2026-09-24,0.0,0.0,-0.0
put,796.0,2026-09-24,0.0,0.0,-0.0
put,797.0,2026-09-24,0.0,0.0,-0.0
put,798.0,2026-09-24,0.0,0.0,-0.0
put,799.0,2026-09-24,0.0,0.0,-0.0
put,800.0,2026-09-24,5.0,0.0,-0.0
put,801.0,2026-09-24,0.0,0.0,-0.0
put,802.0,2026-09-24,0.0,0.0,-0.0
put,803.0,2026-09-24,0.0,0.0,-0.0
put,804.0,2026-09-24,0.0,0.0,-0.0
put,805.0,2026-09-24,0.0,0.0,-0.0
put,806.0,2026-09-24,0.0,0.0,-0.0
put,807.0,2026-09-24,0.0,0.0,-0.0
put,808.0,2026-09-24,0.0,0.0,-0.0
put,809.0,2026-09-24,0.0,0.0,-0.0
put,810.0,2026-09-24,0.0,0.0,-0.0
put,815.0,2026-09-24,0.0,0.0,-0.0
put,820.0,2026-09-24,0.0,0.0,-0.0
put,825.0,2026-09-24,0.0,0.0,-0.0
put,830.0,2026-09-24,0.0,0.0,-0.0
put,835.0,2026-09-24,0.0,0.0,-0.0
put,840.0,2026-09-24,0.0,0.0,-0.0
put,845.0,2026-09-24,0.0,0.0,-0.0
put,865.0,2026-09-24,0.0,0.0,-0.0
put,870.0,2026-09-24,0.0,0.0,-0.0
put,880.0,2026-09-24,0.0,0.0,-0.0
put,905.0,2026-09-24,0.0,0.0,-0.0
call,500.0,2026-09-25,0.0,1.534132286926158e-05,0.0
call,520.0,2026-09-25,0.0,1.9678950179607176e-05,0.0
call,550.0,2026-09-25,0.0,2.9559051643489492e-05,0.0
call,555.0,2026-09-25,0.0,3.165123070234067e-05,0.0
call,565.0,2026-09-25,0.0,3.676008818738937e-05,0.0
call,570.0,2026-09-25,0.0,3.944150476771976e-05,0.0
call,575.0,2026-09-25,0.0,4.329683585040612e-05,0.0
call,580.0,2026-09-25,0.0,4.6261452178474876e-05,0.0
call,585.0,2026-09-25,36.0,4.9895666796547044e-05,1058.9436660736717
call,590.0,2026-09-25,0.0,5.493475965365727e-05,0.0
call,595.0,2026-09-25,1.0,5.896010937225215e-05,34.75888253947429
call,600.0,2026-09-25,9.0,6.400420322238303e-05,339.59284420829204
call,605.0,2026-09-25,2.0,7.145598218418765e-05,84.25120366726594
call,610.0,2026-09-25,0.0,7.783205291495909e-05,0.0
call,615.0,2026-09-25,0.0,8.347267666419201e-05,0.0
call,620.0,2026-09-25,24.0,9.61694236124996e-05,1360.6793073456477
call,625.0,2026-09-25,0.0,0.00010103235559832771,0.0
call,630.0,2026-09-25,0.0,0.00011301177855092533,0.0
call,635.0,2026-09-25,0.0,0.00012350062402008636,0.0
call,640.0,2026-09-25,0.0,0.0001365223878971508,0.0
call,645.0,2026-09-25,0.0,0.00015277317473543333,0.0
call,650.0,2026-09-25,8.0,0.0001700192030682976,801.8543482128885
call,655.0,2026-09-25,0.0,0.00019007071981743762,0.0
call,660.0,2026-09-25,6.0,0.0002151185840051244,760.9159826638091
call,665.0,2026-09-25,9.0,0.00024231881575126568,1285.6926842795176
call,670.0,2026-09-25,22.0,0.00027624023273200334,3582.755220396626
call,675.0,2026-09-25,10.0,0.00031414510159190703,1851.9865045778186
call,680.0,2026-09-25,15.0,0.00036264456993316795,3206.859725352898
call,685.0,2026-09-25,16.0,0.00041744710802427344,3937.576140545672
call,690.0,2026-09-25,24.0,0.00048715083851825683,6892.586444094258
call,695.0,2026-09-25,37.0,0.0005529587467110365,12061.518342442612
call,700.0,2026-09-25,37.0,0.0006751703205653649,14727.281653847596
call,705.0,2026-09-25,83.0,0.0008092210642350644,39596.13505188902
call,710.0,2026-09-25,66.0,0.0009733336827987167,37871.56163401577
call,715.0,2026-09-25,65.0,0.0011943185565288993,45765.80040473204
call,720.0,2026-09-25,84.0,0.001486381737573221,73606.67029144148
call,721.0,2026-09-25,75.0,0.0015536322517915638,68693.71706293419
call,722.0,2026-09-25,86.0,0.0016253251214341092,82403.6074624996
call,723.0,2026-09-25,68.0,0.0017121412837428046,68636.64351412107
call,724.0,2026-09-25,35.0,0.0017944361226216784,37025.72514909997
call,725.0,2026-09-25,30.0,0.0018290652684965194,32348.785730690743
call,726.0,2026-09-25,74.0,0.002009217436344107,87652.87865166625
call,727.0,2026-09-25,70.0,0.0020978487129847097,86572.45456905136
call,728.0,2026-09-25,91.0,0.0022058483147664987,118338.09196280829
call,729.0,2026-09-25,49.0,0.002310156966841494,66733.68316550493
call,730.0,2026-09-25,44.0,0.0024201199121414727,62776.49829250347
call,731.0,2026-09-25,54.0,0.002566994706743822,81719.60492987525
call,732.0,2026-09-25,31.0,0.0026262559892188866,47996.135980967905
call,733.0,2026-09-25,65.0,0.00019123355934822027,7327.99206708579
call,734.0,2026-09-25,24.0,0.00020756724922611216,2936.8218119165117
call,735.0,2026-09-25,453.0,0.0002397303519828878,64021.928269821736
call,736.0,2026-09-25,114.0,0.00025962815819002345,17448.74393149297
call,737.0,2026-09-25,61.0,0.0002819800265859087,10140.414499614182
call,738.0,2026-09-25,57.0,0.00030719269806090874,10322.699131436515
call,739.0,2026-09-25,39.0,0.00036020894070334984,8281.835894172797
call,740.0,2026-09-25,422.0,0.0003920270552542988,97529.5042635668
call,741.0,2026-09-25,267.0,0.000432017305942587,68001.72523806858
call,742.0,2026-09-25,331.0,0.0005044856829304424,98442.89227098842
call,743.0,2026-09-25,227.0,0.0005560833958761571,74417.19741468609
call,744.0,2026-09-25,576.0,0.0006560222172309464,222765.820390124
call,745.0,2026-09-25,168.0,0.0007642973656751076,75697.08746787347
call,746.0,2026-09-25,247.0,0.0009035553244545836,131570.71298000793
call,747.0,2026-09-25,126.0,0.0010559823685400672,78439.48570197825
call,748.0,2026-09-25,120.0,0.0012532020561681133,88656.35467577739
call,749.0,2026-09-25,280.0,0.0015362810561573958,253592.39894902715
call,750.0,2026-09-25,719.0,0.0018179787517188949,770593.2823875869
call,751.0,2026-09-25,352.0,0.0022414971651085382,465145.02773897874
call,752.0,2026-09-25,542.0,0.0028384768076510666,906968.4128006734
call,753.0,2026-09-25,455.0,0.003587946203625136,962420.4551144433
call,754.0,2026-09-25,815.0,0.004611432886004468,2215649.333419785
call,755.0,2026-09-25,1238.0,0.0059165893942172195,4318168.657014648
call,756.0,2026-09-25,843.0,0.007676030309817622,3814800.061694418
call,757.0,2026-09-25,1043.0,0.010149913701995408,6241000.014617206
call,758.0,2026-09-25,1635.0,0.013252891385279282,12774264.995331204
call,759.0,2026-09-25,1586.0,0.017473554301391987,16337739.321883686
call,760.0,2026-09-25,5188.0,0.022822993655678622,69803966.65255626
call,761.0,2026-09-25,3229.0,0.029822843611909892,56770748.6702613
call,762.0,2026-09-25,2087.0,0.03838696854230522,47229548.21875585
call,763.0,2026-09-25,4932.0,0.04879760071250098,141882575.2035231
call,764.0,2026-09-25,3384.0,0.06064281401390957,120981015.4686937
call,765.0,2026-09-25,7958.0,0.07321480748092538,343487063.32364357
call,766.0,2026-09-25,2883.0,0.08518601915083486,144783973.5094855
call,767.0,2026-09-25,4066.0,0.0944376105080585,226370531.0159661
call,768.0,2026-09-25,2978.0,0.09901805805951279,173838763.22776464
call,769.0,2026-09-25,4021.0,0.09716149271929059,230322187.64368108
call,770.0,2026-09-25,10356.0,0.0888141350961862,542227647.6219634
call,771.0,2026-09-25,2916.0,0.07524860414763784,129358059.85925382
call,772.0,2026-09-25,29517.0,0.059118129330704206,1028727676.2511282
call,773.0,2026-09-25,4520.0,0.04324144849651512,115224861.21526289
call,774.0,2026-09-25,9678.0,0.029685155011149506,169368430.98649293
call,775.0,2026-09-25,7999.0,0.01949172098541708,91916485.0447989
call,776.0,2026-09-25,3907.0,0.012309833177733046,28353266.76948349
call,777.0,2026-09-25,4254.0,0.007671837772582696,19239971.382448897
call,778.0,2026-09-25,4002.0,0.004753819450250106,11215723.469390802
call,779.0,2026-09-25,2732.0,0.0026222463604426744,4223395.100205421
call,780.0,2026-09-25,15160.0,0.0016703984462561369,14928865.457113808
call,781.0,2026-09-25,3570.0,0.000976665583880695,2055519.6162062197
call,782.0,2026-09-25,5599.0,0.0006133095026739061,2024406.3302299273
call,783.0,2026-09-25,5156.0,0.000439206931734623,1335025.6803625356
call,784.0,2026-09-25,2923.0,0.0002353928992057779,405629.65551905765
call,785.0,2026-09-25,32758.0,0.00019880520881150263,3839305.4287616154
call,786.0,2026-09-25,9688.0,0.00012985258964197974,741638.5066023433
call,787.0,2026-09-25,3883.0,8.140223492516926e-05,186342.21122273026
call,788.0,2026-09-25,4609.0,6.913131582245608e-05,187840.42263941004
call,789.0,2026-09-25,2068.0,4.2123752397237934e-05,51355.281152436466
call,790.0,2026-09-25,22638.0,3.504628922832294e-05,467721.81012681365
call,791.0,2026-09-25,6324.0,3.250963805292827e-05,121202.48409808415
call,792.0,2026-09-25,1541.0,2.7576792611046673e-05,25052.664196241698
call,793.0,2026-09-25,1820.0,1.4400547224637226e-05,15451.04684103608
call,794.0,2026-09-25,4442.0,1.2538467789354827e-05,32834.510657143655
call,795.0,2026-09-25,3667.0,1.1002014785930097e-05,23784.315636396885
call,796.0,2026-09-25,2153.0,9.72304346813539e-06,12341.097475396711
call,797.0,2026-09-25,2165.0,9.51715644170747e-06,12147.100770887502
call,798.0,2026-09-25,1583.0,7.742052113404139e-06,7225.111116889366
call,799.0,2026-09-25,603.0,7.641776860281963e-06,2716.559299936865
call,800.0,2026-09-25,6699.0,2.8874256786179553e-06,11403.24138640169
call,801.0,2026-09-25,920.0,2.9512250910962114e-06,1600.6548222290148
call,802.0,2026-09-25,449.0,2.4730864118757313e-06,654.6258603656088
call,803.0,2026-09-25,600.0,2.0857877931247642e-06,737.7834302757873
call,804.0,2026-09-25,678.0,2.15078346267123e-06,859.6742290340278
call,805.0,2026-09-25,1782.0,1.8338307469971861e-06,1926.524228527823
call,806.0,2026-09-25,771.0,1.8955044335460995e-06,861.5623418102077
call,807.0,2026-09-25,652.0,1.6320102986158e-06,627.3039412520367
call,808.0,2026-09-25,469.0,1.412191980540426e-06,390.4578054906378
call,809.0,2026-09-25,2729.0,1.4679745315981452e-06,2361.7263876805514
call,810.0,2026-09-25,760.0,1.2808665640511688e-06,573.885175946705
call,811.0,2026-09-25,199.0,1.1224950646335363e-06,131.6876482949445
call,812.0,2026-09-25,302.0,1.1718310494501057e-06,208.6313025494572
call,813.0,2026-09-25,609.0,2.855298187088931e-07,102.51237318305519
call,814.0,2026-09-25,196.0,2.554910240904838e-07,29.521555977377133
call,815.0,2026-09-25,1341.0,2.2947397687842846e-07,181.4135598433555
call,816.0,2026-09-25,1070.0,2.0684974680604275e-07,130.48070565232675
call,817.0,2026-09-25,577.0,1.8710020254987975e-07,63.64401892935368
call,818.0,2026-09-25,367.0,1.6979650980693503e-07,36.73688668556668
call,819.0,2026-09-25,1715.0,1.5458215596814488e-07,156.28993478019046
call,820.0,2026-09-25,3587.0,1.4115947917749032e-07,298.50317128623755
call,821.0,2026-09-25,4230.0,1.2927892505941774e-07,322.38559272666083
call,822.0,2026-09-25,110.0,1.1873043761744775e-07,7.699495670613894
call,823.0,2026-09-25,522.0,1.0933652834674329e-07,33.64676450187395
call,824.0,2026-09-25,236.0,1.0094667143178061e-07,14.044669754650709
call,825.0,2026-09-25,3392.0,1.3286802071199235e-07,265.6952770441264
call,830.0,2026-09-25,501.0,9.193089308036215e-08,27.152306692164757
call,835.0,2026-09-25,283.0,6.69106636676362e-08,11.163215238949311
call,840.0,2026-09-25,224.0,5.081873516830491e-08,6.7108787998049255
call,845.0,2026-09-25,517.0,4.001647169250033e-08,12.196546114393763
call,850.0,2026-09-25,158.0,4.269368253886551e-08,3.976749442134161
call,855.0,2026-09-25,203.0,2.7103445215463613e-08,3.243605756061512
call,860.0,2026-09-25,94.0,2.975556916527556e-08,1.6489353969175293
call,865.0,2026-09-25,59.0,2.0139631056705936e-08,0.7005046901499223
call,870.0,2026-09-25,242.0,1.7846208305142163e-08,2.5460612623621945
call,875.0,2026-09-25,12.0,1.6060222272177902e-08,0.11361621654912282
call,880.0,2026-09-25,27.0,1.1733646622562153e-08,0.1867687852770934
call,885.0,2026-09-25,0.0,1.225978752747891e-27,0.0
call,890.0,2026-09-25,6.0,2.67455855380319e-09,0.009460430206767128
call,895.0,2026-09-25,2755.0,2.1129138867324662e-09,3.431712732488275
call,900.0,2026-09-25,2688.0,1.7000363944911762e-09,2.693983979153375
call,910.0,2026-09-25,0.0,1.5715780667677477e-11,0.0
call,915.0,2026-09-25,32.0,9.750545567746591e-10,0.01839443361654806
call,920.0,2026-09-25,0.0,9.64565242672468e-13,0.0
call,925.0,2026-09-25,2.0,7.210872126788125e-10,0.0008502082507335202
call,930.0,2026-09-25,2.0,6.312131890742554e-10,0.0007442409903915329
put,500.0,2026-09-25,2482.0,1.115971515424767e-10,-0.16329106148102632
put,505.0,2026-09-25,759.0,1.1671793432096251e-10,-0.05222601559754364
put,510.0,2026-09-25,210.0,1.2119624423129953e-10,-0.015004308388939066
put,515.0,2026-09-25,78.0,1.2489680471836264e-10,-0.005743193594052879
put,520.0,2026-09-25,645.0,1.2768704746452585e-10,-0.0485527781421434
put,525.0,2026-09-25,99.0,1.294419251148794e-10,-0.0075547080076148465
put,530.0,2026-09-25,18140.0,1.3004935736037756e-10,-1.3907626492390566
put,535.0,2026-09-25,109.0,1.2941618583401627e-10,-0.008316155845886073
put,540.0,2026-09-25,506.0,1.2747444426541486e-10,-0.03802604602983213
put,545.0,2026-09-25,81.0,1.241876708624161e-10,-0.005930223019184524
put,550.0,2026-09-25,237.0,1.1955690276145786e-10,-0.0167043863899688
put,555.0,2026-09-25,247.0,1.9130893470764968e-10,-0.027857345596546738
put,560.0,2026-09-25,1150.0,3.0583872900283215e-10,-0.20734704287709005
put,565.0,2026-09-25,24.0,1.7211844178404353e-10,-0.002435264695895345
put,570.0,2026-09-25,76.0,2.781984069000119e-10,-0.012464525671350762
put,575.0,2026-09-25,157.0,2.598072255177638e-10,-0.02404686154995157
put,580.0,2026-09-25,196.0,2.387823068944935e-10,-0.02759089194811207
put,585.0,2026-09-25,52.0,2.156034175505783e-10,-0.006609468082201135
put,590.0,2026-09-25,362.0,3.5594530824225623e-10,-0.07596252088888045
put,595.0,2026-09-25,2157.0,5.88627491193159e-10,-0.7485110430139561
put,600.0,2026-09-25,599.0,5.299234539996205e-10,-0.1871317544331288
put,605.0,2026-09-25,1016.0,4.671878118972868e-10,-0.2798290110672394
put,610.0,2026-09-25,864.0,4.022293387629121e-10,-0.20487785233717173
put,615.0,2026-09-25,995.0,6.868010011177079e-10,-0.40286684339824563
put,620.0,2026-09-25,4758.0,5.822051469629953e-10,-1.6330820436771682
put,625.0,2026-09-25,1181.0,1.0109939187590793e-09,-0.7038918978891845
put,630.0,2026-09-25,900.0,8.426898361072005e-10,-0.44711350789690973
put,635.0,2026-09-25,1271.0,6.788550452639383e-10,-0.5086629738692541
put,640.0,2026-09-25,12171.0,1.2218573504506798e-09,-8.767066356091691
put,645.0,2026-09-25,1435.0,9.616488508822536e-10,-0.8135344409019443
put,650.0,2026-09-25,1080.0,1.7786048505821279e-09,-1.1324284022408504
put,655.0,2026-09-25,1454.0,1.3632678778921679e-09,-1.1685656973855432
put,660.0,2026-09-25,1490.0,2.6063857074101267e-09,-2.2894569375004075
put,665.0,2026-09-25,2654.0,1.2080185609522956e-08,-18.900881145154276
put,670.0,2026-09-25,8467.0,1.5454757132704957e-08,-77.14348772869995
put,675.0,2026-09-25,9098.0,1.993776563739317e-08,-106.93747974042803
put,680.0,2026-09-25,3309.0,2.5973770465887723e-08,-50.66864505765344
put,685.0,2026-09-25,1644.0,1.2782420539920954e-07,-123.88605976917657
put,690.0,2026-09-25,1797.0,1.4479916040293188e-07,-153.39868836979662
put,695.0,2026-09-25,3818.0,2.0524873111037905e-07,-461.98080404895927
put,700.0,2026-09-25,2180.0,2.3595657988279032e-07,-303.24671964668346
put,705.0,2026-09-25,1923.0,2.7175753141538965e-07,-308.08347094357583
put,710.0,2026-09-25,3263.0,4.1062988693481433e-07,-789.9055308282212
put,715.0,2026-09-25,4200.0,1.2408395701884422e-06,-3072.362463109696
put,720.0,2026-09-25,5417.0,1.609976393511259e-06,-5141.452989178934
put,721.0,2026-09-25,533.0,1.8960679343571916e-06,-595.7837149381455
put,722.0,2026-09-25,1435.0,1.9552396271646384e-06,-1654.0910702023743
put,723.0,2026-09-25,1103.0,2.01671675837405e-06,-1311.378155462366
put,724.0,2026-09-25,742.0,2.0806140948164827e-06,-910.1290296550245
put,725.0,2026-09-25,4619.0,2.4814413011802015e-06,-6757.086741263575
put,726.0,2026-09-25,570.0,2.569896861983814e-06,-863.57105076182
put,727.0,2026-09-25,16185.0,2.6626331806944508e-06,-25405.723598699584
put,728.0,2026-09-25,1752.0,2.7599393620170947e-06,-2850.632076185419
put,729.0,2026-09-25,636.0,5.972391805811432e-06,-2239.303361370152
put,730.0,2026-09-25,135514.0,6.305455532527498e-06,-503741.9944996652
put,731.0,2026-09-25,5429.0,6.66650618139227e-06,-21336.62150408954
put,732.0,2026-09-25,2405.0,7.058882914110367e-06,-10008.260121369096
put,733.0,2026-09-25,777.0,8.068023415701245e-06,-3695.6913565170503
put,734.0,2026-09-25,2552.0,8.587035168425571e-06,-12919.075522360208
put,735.0,2026-09-25,4034.0,1.4320799487014384e-05,-34057.336729995644
put,736.0,2026-09-25,2309.0,1.546836173235593e-05,-21055.995444389246
put,737.0,2026-09-25,894.0,1.8041363344962528e-05,-9508.552250265351
put,738.0,2026-09-25,1351.0,1.9635745941610964e-05,-15639.046781448458
put,739.0,2026-09-25,1739.0,2.1443583699140354e-05,-21983.886580515795
put,740.0,2026-09-25,23329.0,3.428304270057837e-05,-471501.423405354
put,741.0,2026-09-25,2275.0,3.8063360934153806e-05,-51050.0368099457
put,742.0,2026-09-25,1017.0,4.246307383646424e-05,-25458.91594598718
put,743.0,2026-09-25,2770.0,6.189463581507847e-05,-101074.19856070653
put,744.0,2026-09-25,2039.0,6.764779519383345e-05,-81316.44758397913
put,745.0,2026-09-25,151460.0,9.993152832982819e-05,-8922940.712542012
put,746.0,2026-09-25,3506.0,0.00013782010120270743,-284860.3487606783
put,747.0,2026-09-25,2115.0,0.00019108120173447072,-238251.61932533566
put,748.0,2026-09-25,2943.0,0.00024951528032041793,-432907.32515381277
put,749.0,2026-09-25,2193.0,0.00038461797265124364,-497251.0758598024
put,750.0,2026-09-25,18721.0,0.0005564046999019283,-6140834.012146988
put,751.0,2026-09-25,2592.0,0.000773457347327399,-1181894.990670343
put,752.0,2026-09-25,4159.0,0.0010668987864684433,-2615891.1401290656
put,753.0,2026-09-25,1615.0,0.0016510437120255755,-1571949.6220365071
put,754.0,2026-09-25,3769.0,0.002290313910704117,-5088955.74039763
put,755.0,2026-09-25,21383.0,0.0034234448969732143,-43155832.94922801
put,756.0,2026-09-25,2216.0,0.0048699056000389975,-6362060.9328516405
put,757.0,2026-09-25,4224.0,0.006965815684998605,-17346162.629831724
put,758.0,2026-09-25,4241.0,0.010032137365095123,-25082410.311530005
put,759.0,2026-09-25,4112.0,0.014187316035313638,-34392272.61039356
put,760.0,2026-09-25,25561.0,0.019840134025637432,-298971621.8313208
put,761.0,2026-09-25,4766.0,0.02706789762539382,-76052954.24225809
put,762.0,2026-09-25,5303.0,0.03659515308081484,-114407032.4357735
put,763.0,2026-09-25,2499.0,0.048070634937984684,-70819627.81992535
put,764.0,2026-09-25,2640.0,0.06137059786051467,-95515049.79085442
put,765.0,2026-09-25,6802.0,0.07566031399943929,-303397705.7267055
put,766.0,2026-09-25,3880.0,0.08914700671194897,-203913517.5966624
put,767.0,2026-09-25,3443.0,0.09944376146673163,-201846903.46922055
put,768.0,2026-09-25,5854.0,0.10421919393481698,-359673096.1093608
put,769.0,2026-09-25,3951.0,0.1016945253554774,-236871128.3039442
put,770.0,2026-09-25,8735.0,0.09181933389729201,-472829508.8126936
put,771.0,2026-09-25,2562.0,0.07640790465831267,-115405083.87725098
put,772.0,2026-09-25,6860.0,0.058700120729764466,-237394490.53446376
put,773.0,2026-09-25,4974.0,0.04212865291423193,-123535244.44164596
put,774.0,2026-09-25,2817.0,0.028882941505577627,-47966252.921579555
put,775.0,2026-09-25,2896.0,0.018905556995597938,-32277178.20551486
put,776.0,2026-09-25,1322.0,0.01265947774342589,-9866310.301227724
put,777.0,2026-09-25,1750.0,0.008501153742621326,-8770481.65594973
put,778.0,2026-09-25,840.0,0.006391861626873537,-3165294.8863994004
put,779.0,2026-09-25,680.0,0.00523206976107264,-2097442.0186091405
put,780.0,2026-09-25,1596.0,0.0043239664878906145,-4068391.43943992
put,781.0,2026-09-25,1166.0,0.0036339663408910773,-2497968.607758245
put,782.0,2026-09-25,1442.0,0.00307013631433153,-2609939.52515826
put,783.0,2026-09-25,678.0,0.002627997707263065,-1050418.1114023724
put,784.0,2026-09-25,364.0,0.002275817404082754,-488367.01499742636
put,785.0,2026-09-25,744.0,0.001973456273414387,-865581.5065107584
put,786.0,2026-09-25,993.0,0.001805446891994839,-1056918.48096001
put,787.0,2026-09-25,26.0,0.0015255142444840259,-23382.83368234416
put,788.0,2026-09-25,1.0,0.001357563448908689,-800.3273562906262
put,789.0,2026-09-25,2.0,0.001206341604321565,-1422.3544214396552
put,790.0,2026-09-25,0.0,0.0010791654663404896,-0.0
put,791.0,2026-09-25,0.0,0.0009713485570773237,-0.0
put,792.0,2026-09-25,0.0,0.000915761469040919,-0.0
put,793.0,2026-09-25,1.0,0.0008328008167668315,-490.9628913001935
put,794.0,2026-09-25,0.0,0.0007550605762340856,-0.0
put,795.0,2026-09-25,5.0,0.0006931326429348552,-2043.1200328968896
put,796.0,2026-09-25,4.0,0.0006340572484647189,-1495.1886390536108
put,797.0,2026-09-25,0.0,0.0005823729760750922,-0.0
put,798.0,2026-09-25,0.0,0.0005329283997460779,-0.0
put,799.0,2026-09-25,0.0,0.004620440722341695,-0.0
put,800.0,2026-09-25,10.0,0.004373471061284764,-25783.01982942546
put,801.0,2026-09-25,0.0,0.004146328419917555,-0.0
put,802.0,2026-09-25,0.0,0.003934279704770991,-0.0
put,803.0,2026-09-25,0.0,0.0035821774026133894,-0.0
put,804.0,2026-09-25,0.0,0.0034055782579617572,-0.0
put,805.0,2026-09-25,0.0,0.0032397570274024052,-0.0
put,806.0,2026-09-25,0.0,0.003086127808785749,-0.0
put,807.0,2026-09-25,0.0,0.0029413352426519743,-0.0
put,808.0,2026-09-25,0.0,0.00273388330870164,-0.0
put,809.0,2026-09-25,0.0,0.002609741745001768,-0.0
put,810.0,2026-09-25,0.0,0.002505969464450905,-0.0
put,811.0,2026-09-25,0.0,0.002397687328868082,-0.0
put,812.0,2026-09-25,0.0,0.002294766643795709,-0.0
put,813.0,2026-09-25,0.0,0.0022089912597682716,-0.0
put,818.0,2026-09-25,0.0,0.0018193957198513145,-0.0
put,819.0,2026-09-25,0.0,0.0017515761782122049,-0.0
put,820.0,2026-09-25,0.0,0.0016850556945049147,-0.0
put,821.0,2026-09-25,0.0,0.001623650494531236,-0.0
put,823.0,2026-09-25,0.0,0.00150983175146486,-0.0
put,824.0,2026-09-25,0.0,0.0014570272540460661,-0.0
put,825.0,2026-09-25,1.0,0.0014059911261103597,-828.87703100179
put,830.0,2026-09-25,0.0,0.0011876156148075514,-0.0
put,835.0,2026-09-25,0.0,0.0010149758583283177,-0.0
put,850.0,2026-09-25,0.0,4.393167203288497e-05,-0.0
put,855.0,2026-09-25,0.0,3.6553229384806445e-05,-0.0
put,865.0,2026-09-25,0.0,0.0,-0.0
put,870.0,2026-09-25,0.0,0.0,-0.0
call,605.0,2026-09-28,0.0,5.518669057568164e-06,0.0
call,610.0,2026-09-28,0.0,7.651133837380187e-06,0.0
call,615.0,2026-09-28,0.0,8.966332905037448e-06,0.0
call,620.0,2026-09-28,0.0,1.145726004428601e-05,0.0
call,645.0,2026-09-28,0.0,3.44668600548739e-05,0.0
call,650.0,2026-09-28,1.0,0.0008453353697015319,498.3524137719261
call,665.0,2026-09-28,0.0,0.0010725802922882624,0.0
call,670.0,2026-09-28,0.0,0.001170631492870446,0.0
call,675.0,2026-09-28,0.0,0.0012781827197205174,0.0
call,680.0,2026-09-28,0.0,0.0014045612406427366,0.0
call,685.0,2026-09-28,3.0,0.0015453214244282294,2733.050181690098
call,690.0,2026-09-28,3.0,0.0017218882726543797,3045.325705083865
call,695.0,2026-09-28,12.0,0.0019089159396164684,13504.408786748734
call,700.0,2026-09-28,17.0,0.002138700740787364,21434.159920481776
call,705.0,2026-09-28,11.0,0.0024173361711880975,15676.072419146883
call,710.0,2026-09-28,12.0,0.0027328856058466567,19333.488511908876
call,715.0,2026-09-28,25.0,0.0031448993608547667,46350.48537319355
call,718.0,2026-09-28,20.0,0.003403098659631048,40124.72427197591
call,719.0,2026-09-28,20.0,0.0035188666209623213,41489.70307292837
call,720.0,2026-09-28,9.0,0.0013171488712245551,6988.514955350056
call,721.0,2026-09-28,13.0,0.0013668091405025478,10475.113858634804
call,722.0,2026-09-28,6.0,0.001452261184284608,5136.928319024758
call,723.0,2026-09-28,10.0,0.001509765049578295,8900.550996126995
call,724.0,2026-09-28,12.0,0.0015709029226782059,11113.174127723554
call,725.0,2026-09-28,28.0,0.0016359978595103053,27005.25533435899
call,726.0,2026-09-28,13.0,0.0017387933900097437,13325.970830350698
call,727.0,2026-09-28,21.0,0.0018146910827333744,22466.195061313185
call,728.0,2026-09-28,32.0,0.001888476257863031,35626.161552021396
call,729.0,2026-09-28,44.0,0.0020142033755421026,52247.26020025489
call,730.0,2026-09-28,51.0,0.0021011112564393764,63172.30899447781
call,731.0,2026-09-28,42.0,0.0022466803335105872,55628.596066100814
call,732.0,2026-09-28,41.0,0.0023497938829788057,56796.44471561708
call,733.0,2026-09-28,30.0,0.0025097185051093985,44386.7955750251
call,734.0,2026-09-28,88.0,0.002632434674999897,136567.63869524963
call,735.0,2026-09-28,172.0,0.0028146526786002124,285404.47866331425
call,736.0,2026-09-28,82.0,0.0029616363302643004,143170.3566156033
call,737.0,2026-09-28,49.0,0.0031710721910189967,91603.00790284997
call,738.0,2026-09-28,230.0,0.003394637167822612,460287.01510995405
call,739.0,2026-09-28,217.0,0.0036477105011614858,466646.08083203743
call,740.0,2026-09-28,263.0,0.003912183785505285,606572.2286785033
call,741.0,2026-09-28,78.0,0.004204519343407423,193338.56149146718
call,742.0,2026-09-28,98.0,0.004579184148498233,264558.4940837924
call,743.0,2026-09-28,117.0,0.004924687764278541,339681.65099531336
call,744.0,2026-09-28,39.0,0.005376281435470224,123610.14827258582
call,745.0,2026-09-28,52.0,0.005861206373963681,179679.2318601301
call,746.0,2026-09-28,64.0,0.006404874646672243,241656.3066998759
call,747.0,2026-09-28,55.0,0.006993352671308902,226754.35927099746
call,748.0,2026-09-28,67.0,0.007716650710677097,304797.3387418115
call,749.0,2026-09-28,59.0,0.008508033107026214,295929.80520058697
call,750.0,2026-09-28,104.0,0.009455682009590207,579740.6103098419
call,751.0,2026-09-28,169.0,0.01048741120618636,1044870.6419592157
call,752.0,2026-09-28,187.0,0.011712484924162915,1291213.853145944
call,753.0,2026-09-28,163.0,0.013058141088331109,1254805.7106445457
call,754.0,2026-09-28,169.0,0.014651623534384612,1459755.0326897295
call,755.0,2026-09-28,165.0,0.016422169187296807,1597430.571683915
call,756.0,2026-09-28,231.0,0.018420014767662397,2508473.280185906
call,757.0,2026-09-28,134.0,0.020698356002107416,1635114.5237256372
call,758.0,2026-09-28,346.0,0.023209763108102435,4734284.275056598
call,759.0,2026-09-28,206.0,0.026023596702340876,3160400.091458203
call,760.0,2026-09-28,1058.0,0.029100511722793623,18150718.405991796
call,761.0,2026-09-28,543.0,0.03243770000417305,10383826.140267039
call,762.0,2026-09-28,284.0,0.036007958195954475,6028709.552605014
call,763.0,2026-09-28,291.0,0.03966172761137882,6804122.782267991
call,764.0,2026-09-28,317.0,0.04340239892795561,8111114.311672052
call,765.0,2026-09-28,1027.0,0.046868572009206126,28376556.37318611
call,766.0,2026-09-28,449.0,0.05009136376683851,13259181.703191144
call,767.0,2026-09-28,615.0,0.05267570922844111,19098226.202225972
call,768.0,2026-09-28,554.0,0.05452736253168099,17808682.109334312
call,769.0,2026-09-28,627.0,0.055216324439243986,20409979.101742715
call,770.0,2026-09-28,2441.0,0.05460386951758016,78577593.67331254
call,771.0,2026-09-28,355.0,0.05277540779713572,11045044.660605181
call,772.0,2026-09-28,964.0,0.04981291824929092,28309131.422397543
call,773.0,2026-09-28,1766.0,0.04575067470822242,47631661.16297324
call,774.0,2026-09-28,1424.0,0.0409836648519154,34405534.261992894
call,775.0,2026-09-28,1702.0,0.035856454573439195,35977785.33538802
call,776.0,2026-09-28,2121.0,0.030719888652538448,38412080.57225374
call,777.0,2026-09-28,2152.0,0.025846632537252293,32790932.024725758
call,778.0,2026-09-28,792.0,0.02133763759160144,9962745.621021362
call,779.0,2026-09-28,677.0,0.01743881991452064,6960064.863421192
call,780.0,2026-09-28,11329.0,0.014176539902737942,94682419.40438555
call,781.0,2026-09-28,766.0,0.01131901385028649,5111459.056613991
call,782.0,2026-09-28,668.0,0.008935801931570047,3518985.8592922725
call,783.0,2026-09-28,1146.0,0.007280930774527003,4919025.17181413
call,784.0,2026-09-28,461.0,0.005774026604775248,1569232.2735456442
call,785.0,2026-09-28,705.0,0.004700105551478763,1953458.7886810494
call,786.0,2026-09-28,1167.0,0.003748957061143299,2579222.731457946
call,787.0,2026-09-28,630.0,0.0031292001405220627,1162201.4580624858
call,788.0,2026-09-28,486.0,0.0026235665535094543,751684.9938455321
call,789.0,2026-09-28,256.0,0.002155020484857323,325236.2114557688
call,790.0,2026-09-28,818.0,0.0017745973321505299,855777.0852139782
call,791.0,2026-09-28,506.0,0.0016299514862800834,486219.8898049694
call,792.0,2026-09-28,604.0,0.001283298175950588,456953.53461329045
call,793.0,2026-09-28,263.0,0.0011934993435759682,185048.45284657396
call,794.0,2026-09-28,958.0,0.0010850692682492361,612816.5674519183
call,795.0,2026-09-28,908.0,0.0010173483025357095,544581.6942619616
call,796.0,2026-09-28,130.0,0.00077114732730967,59100.102684275655
call,797.0,2026-09-28,314.0,0.0007313587548787648,135384.09246983903
call,798.0,2026-09-28,1407.0,0.0006954231817375223,576833.9145885205
call,799.0,2026-09-28,256.0,0.0006454905667384233,97417.59205149327
call,800.0,2026-09-28,819.0,0.000601062780103359,290209.25810730417
call,801.0,2026-09-28,38.0,0.00043863079598329574,9826.305041969263
call,802.0,2026-09-28,26.0,0.0004241121930051811,6500.722564572709
call,803.0,2026-09-28,528.0,0.0003885406339347181,120942.20779922351
call,804.0,2026-09-28,514.0,0.0003772563045147543,114316.03444729924
call,805.0,2026-09-28,67.0,0.00034756353704905356,13728.292896510686
call,806.0,2026-09-28,54.0,0.00033869858524991495,10782.380853461158
call,807.0,2026-09-28,41.0,0.0003136207326092392,7580.470240534984
call,808.0,2026-09-28,49.0,0.0003065930316207284,8856.576642453381
call,809.0,2026-09-28,33.0,0.00028518925697015824,5548.232180586134
call,810.0,2026-09-28,129.0,0.0001925303055752457,14641.862895030154
call,815.0,2026-09-28,7.0,0.00014932652694234948,616.2295636313122
call,820.0,2026-09-28,6.0,0.00012045608045884865,426.0764231694288
call,825.0,2026-09-28,1.0,4.745721198427712e-05,27.97755422395361
call,830.0,2026-09-28,123.0,4.2455674266259416e-05,3078.565367534748
call,835.0,2026-09-28,16.0,3.860246146563454e-05,364.1182998076438
call,840.0,2026-09-28,240.0,2.9147800834695244e-05,4124.056062788662
call,850.0,2026-09-28,90.0,2.1743900803394596e-05,1153.6856559797684
call,855.0,2026-09-28,1284.0,2.104585343728073e-05,15930.85522194092
call,860.0,2026-09-28,366.0,1.72533276482603e-05,3722.729499020965
call,865.0,2026-09-28,120.0,1.701169717749689e-05,1203.4731759191798
put,550.0,2026-09-28,76.0,6.537437004582838e-07,-29.290624729475304
put,555.0,2026-09-28,460.0,1.0654007872992754e-06,-288.92050845971534
put,560.0,2026-09-28,150.0,8.666088254866662e-07,-76.63407011997252
put,565.0,2026-09-28,90.0,9.98050380830224e-07,-52.954454617876834
put,570.0,2026-09-28,3.0,1.149837708121754e-06,-2.0335990347503516
put,585.0,2026-09-28,320.0,1.1911487108848966e-06,-224.7105635020654
put,590.0,2026-09-28,144.0,1.3704418469841083e-06,-116.34042046204745
put,595.0,2026-09-28,136.0,1.5781846487757142e-06,-126.53312920611633
put,600.0,2026-09-28,34.0,1.8194293264101985e-06,-36.46881342728999
put,610.0,2026-09-28,1.0,1.5403902641501973e-06,-0.9081096495004906
put,615.0,2026-09-28,10.0,1.7714461852286119e-06,-10.443245532095112
put,620.0,2026-09-28,29.0,2.0404420272407395e-06,-34.88428158884194
put,625.0,2026-09-28,28.0,4.73652980812746e-06,-78.18543045378522
put,630.0,2026-09-28,304.0,5.540878578377707e-06,-993.0239939418357
put,635.0,2026-09-28,102.0,5.808930610396208e-06,-349.3042629920516
put,640.0,2026-09-28,183.0,6.071014217905159e-06,-654.9676728665764
put,645.0,2026-09-28,62.0,7.148796935357812e-06,-261.29564765833123
put,650.0,2026-09-28,16.0,8.452851278032115e-06,-79.73164712887382
put,655.0,2026-09-28,4198.0,1.7981724050840744e-05,-44502.180237750625
put,660.0,2026-09-28,3808.0,1.9389588374798905e-05,-43528.43515718062
put,665.0,2026-09-28,148.0,2.0900653162185125e-05,-1823.5979662798634
put,670.0,2026-09-28,182.0,2.5440881874794995e-05,-2729.675833791975
put,675.0,2026-09-28,2656.0,2.7573248299151217e-05,-43174.12333321325
put,680.0,2026-09-28,131.0,2.988868652769856e-05,-2308.2649192664535
put,685.0,2026-09-28,127.0,3.474254588465672e-05,-2601.1948538907664
put,690.0,2026-09-28,88.0,6.103362316618855e-05,-3166.3531391609486
put,695.0,2026-09-28,254.0,6.852294804280288e-05,-10260.706881649661
put,700.0,2026-09-28,180.0,7.731972656766947e-05,-8204.844224774242
put,705.0,2026-09-28,218.0,0.00012560586940651015,-16142.617376813405
put,710.0,2026-09-28,217.0,0.00014716482270317626,-18826.57292263518
put,715.0,2026-09-28,1342.0,0.0002176063918449168,-172159.77610674567
put,718.0,2026-09-28,300.0,0.00024510161765447483,-43348.58820138042
put,719.0,2026-09-28,103.0,0.00030517554653624034,-18530.813327144442
put,720.0,2026-09-28,354.0,0.0003189977115326625,-66573.03476311188
put,721.0,2026-09-28,166.0,0.00032793621256004224,-32092.60642073574
put,722.0,2026-09-28,178.0,0.0003372729161278599,-35392.31701644971
put,723.0,2026-09-28,156.0,0.00035345495133358104,-32506.199287688334
put,724.0,2026-09-28,160.0,0.00037081843074816427,-34977.50439089535
put,725.0,2026-09-28,1479.0,0.0004502094220424057,-392545.7494910875
put,726.0,2026-09-28,304.0,0.00047426974600161387,-84997.57407031892
put,727.0,2026-09-28,42.0,0.0004913492821571023,-12165.98121984551
put,728.0,2026-09-28,141.0,0.0005774353597361384,-47998.75943283311
put,729.0,2026-09-28,95.0,0.0006114276153582334,-34243.34494187372
put,730.0,2026-09-28,511.0,0.0006369871561081978,-191892.9861009626
put,731.0,2026-09-28,145.0,0.0007517866607079248,-64264.35354876228
put,732.0,2026-09-28,347.0,0.000786910155677057,-160976.3776330483
put,733.0,2026-09-28,126.0,0.0008994824825043661,-66814.5088663988
put,734.0,2026-09-28,514.0,0.0009620462837411058,-291518.82896563585
put,735.0,2026-09-28,9007.0,0.0010848795603663342,-5760619.830914897
put,736.0,2026-09-28,195.0,0.0011461701138830347,-131762.3151086927
put,737.0,2026-09-28,282.0,0.0013198456649858984,-219421.80538120936
put,738.0,2026-09-28,361.0,0.0014845796617367867,-315949.90847588645
put,739.0,2026-09-28,502.0,0.0016729597047601508,-495104.3284359303
put,740.0,2026-09-28,620.0,0.0018743133194343714,-685080.1850223877
put,741.0,2026-09-28,770.0,0.0021046238414711782,-955372.500649132
put,742.0,2026-09-28,449.0,0.0023512420966983706,-622373.6756984578
put,743.0,2026-09-28,804.0,0.0026337888835509518,-1248373.4811062734
put,744.0,2026-09-28,411.0,0.003042481496544931,-737186.3633934039
put,745.0,2026-09-28,935.0,0.0034940032912937537,-1925938.638071909
put,746.0,2026-09-28,318.0,0.003992415794118986,-748463.1282109328
put,747.0,2026-09-28,456.0,0.00465286792028647,-1250815.0341491979
put,748.0,2026-09-28,1098.0,0.005375407908194891,-3479535.657770716
put,749.0,2026-09-28,1765.0,0.006181538602579856,-6432041.2479086
put,750.0,2026-09-28,1027.0,0.00716805759789193,-4339897.329768694
put,751.0,2026-09-28,468.0,0.00825569649088487,-2277755.4625746426
put,752.0,2026-09-28,324.0,0.009572235768821187,-1828377.728871772
put,753.0,2026-09-28,1065.0,0.01101207498918151,-6913950.93690082
put,754.0,2026-09-28,498.0,0.012793979454532728,-3756146.4528482556
put,755.0,2026-09-28,1696.0,0.014760266264711124,-14758002.013698727
put,756.0,2026-09-28,428.0,0.017077165717403822,-4308906.668255066
put,757.0,2026-09-28,470.0,0.01959775859857811,-5430149.508138479
put,758.0,2026-09-28,480.0,0.022451582962015312,-6353246.8441659
put,759.0,2026-09-28,726.0,0.02571213102011522,-11004801.63243985
put,760.0,2026-09-28,7769.0,0.02924267289376962,-133933652.6689682
put,761.0,2026-09-28,500.0,0.03308619713002983,-9752689.16531073
put,762.0,2026-09-28,1282.0,0.03717502074056625,-28096147.23463861
put,763.0,2026-09-28,719.0,0.041396752202954294,-17546992.30125692
put,764.0,2026-09-28,516.0,0.045653514938686086,-13887735.843169989
put,765.0,2026-09-28,1748.0,0.04967571823984807,-51190940.52079197
put,766.0,2026-09-28,784.0,0.05341947178306939,-24690118.678569116
put,767.0,2026-09-28,766.0,0.056427358984416635,-25481560.402402464
put,768.0,2026-09-28,1399.0,0.058424519461452086,-48185945.928177856
put,769.0,2026-09-28,1496.0,0.05922812877136973,-52235665.350729264
put,770.0,2026-09-28,3966.0,0.05849528082954665,-136766919.65941605
put,771.0,2026-09-28,940.0,0.056152151503301856,-31117290.922105208
put,772.0,2026-09-28,823.0,0.05232269109123174,-25386184.579111785
put,773.0,2026-09-28,1282.0,0.04731888914462037,-35762682.84192343
put,774.0,2026-09-28,1130.0,0.04163523229088758,-27736200.04178042
put,775.0,2026-09-28,473.0,0.03570908721550932,-9957433.511733584
put,776.0,2026-09-28,373.0,0.029933767377094272,-6582300.976163618
put,777.0,2026-09-28,211.0,0.02480390970700821,-3085390.389642319
put,778.0,2026-09-28,244.0,0.020324264229235646,-2923561.1639513224
put,779.0,2026-09-28,87.0,0.016751119896752386,-859153.2260247143
put,780.0,2026-09-28,195.0,0.014176539902737942,-1629717.696518244
put,781.0,2026-09-28,131.0,0.012590556365236354,-972352.5168959589
put,782.0,2026-09-28,229.0,0.011256133557093538,-1519610.358367578
put,783.0,2026-09-28,204.0,0.010144610929113519,-1220037.2432038449
put,784.0,2026-09-28,189.0,0.009185425062923752,-1023454.613478893
put,785.0,2026-09-28,442.0,0.008349540588892115,-2175666.75207374
put,786.0,2026-09-28,157.0,0.007633991357673095,-706575.9348518976
put,787.0,2026-09-28,262.0,0.007016656466175961,-1083774.7558032433
put,788.0,2026-09-28,71.0,0.006480229712462465,-271241.5860821189
put,789.0,2026-09-28,0.0,0.00599628186922909,-0.0
put,790.0,2026-09-28,4.0,0.005570958916200253,-13137.038493457932
put,791.0,2026-09-28,0.0,0.005182522913218672,-0.0
put,792.0,2026-09-28,0.0,0.004930915455526029,-0.0
put,793.0,2026-09-28,0.0,0.004617197320456975,-0.0
put,794.0,2026-09-28,0.0,0.004336304433349047,-0.0
put,795.0,2026-09-28,0.0,0.0040744172067425696,-0.0
put,796.0,2026-09-28,0.0,0.0038383840839928025,-0.0
put,797.0,2026-09-28,0.0,0.0036249020442074976,-0.0
put,798.0,2026-09-28,0.0,0.0034311740154347316,-0.0
put,799.0,2026-09-28,0.0,0.0032548198444307254,-0.0
put,800.0,2026-09-28,65.0,0.003093804775502137,-118553.3382804904
put,801.0,2026-09-28,0.0,0.002933532035273572,-0.0
put,802.0,2026-09-28,0.0,0.006686946271637279,-0.0
put,803.0,2026-09-28,0.0,0.006453533484243758,-0.0
put,804.0,2026-09-28,0.0,0.006240407197258599,-0.0
put,805.0,2026-09-28,0.0,0.006031494554802845,-0.0
put,806.0,2026-09-28,0.0,0.005834479452855151,-0.0
put,807.0,2026-09-28,0.0,0.00564645534831377,-0.0
put,808.0,2026-09-28,0.0,0.005476632009589568,-0.0
put,809.0,2026-09-28,0.0,0.005308286412410072,-0.0
put,810.0,2026-09-28,0.0,0.005148812733050384,-0.0
put,815.0,2026-09-28,0.0,0.004433529253730876,-0.0
put,820.0,2026-09-28,0.0,0.0038837144315051046,-0.0
put,825.0,2026-09-28,0.0,0.0034379375693267718,-0.0
put,830.0,2026-09-28,0.0,0.0030700632511432018,-0.0
put,835.0,2026-09-28,0.0,0.0027629811360796717,-0.0
put,840.0,2026-09-28,0.0,0.002503251107895253,-0.0
call,640.0,2026-09-29,3.0,0.00010755630026204655,190.22370448391692
call,680.0,2026-09-29,0.0,0.0015475263521970613,0.0
call,685.0,2026-09-29,5.0,0.0016961108625776391,4999.559776428094
call,690.0,2026-09-29,3.0,0.0018419230017932694,3257.6187161663634
call,695.0,2026-09-29,15.0,0.002071891825237194,18321.70395069072
call,700.0,2026-09-29,7.0,0.002306563780560048,9518.555216455667
call,705.0,2026-09-29,6.0,0.002588322121667825,9155.395289383425
call,710.0,2026-09-29,40.0,0.002936441356165919,69245.06841641702
call,715.0,2026-09-29,49.0,0.0033104191936106876,95628.33555568506
call,718.0,2026-09-29,270.0,0.0035670668045425565,567783.1926569317
call,719.0,2026-09-29,187.0,0.003055629497603562,336860.2959093313
call,720.0,2026-09-29,107.0,0.0026561264141282217,167548.30700479742
call,721.0,2026-09-29,68.0,0.003962370497707582,158844.25771657276
call,722.0,2026-09-29,83.0,0.00375305582545212,183641.41998991938
call,723.0,2026-09-29,75.0,0.002918055368777467,129021.56842175811
call,724.0,2026-09-29,57.0,0.00424430406231254,142622.77109496642
call,725.0,2026-09-29,70.0,0.0044579278471913834,183966.43839678913
call,726.0,2026-09-29,52.0,0.0039146986637581885,120007.72605320784
call,727.0,2026-09-29,82.0,0.003440228227588935,166306.2737142402
call,728.0,2026-09-29,18.0,0.0044718262497281825,47453.13959066429
call,729.0,2026-09-29,85.0,0.004676121819475455,234321.5695745068
call,730.0,2026-09-29,75.0,0.0038970770172450674,172308.92683026742
call,731.0,2026-09-29,117.0,0.005490750383598164,378725.9710214358
call,732.0,2026-09-29,51.0,0.004265100504982973,128235.11661628271
call,733.0,2026-09-29,57.0,0.005911096777492457,198632.56501871705
call,734.0,2026-09-29,95.0,0.004826674142776172,270320.5799696653
call,735.0,2026-09-29,111.0,0.006152987941291508,402639.6762297629
call,736.0,2026-09-29,49.0,0.0068617766094856,198216.6721926057
call,737.0,2026-09-29,101.0,0.006187431210627211,368416.6785487831
call,738.0,2026-09-29,90.0,0.007108805892724391,377178.29306415044
call,739.0,2026-09-29,79.0,0.006773974330594234,315484.599105486
call,740.0,2026-09-29,196.0,0.006605065769862137,763204.1851700633
call,741.0,2026-09-29,70.0,0.007691336923577976,317400.35030665953
call,742.0,2026-09-29,143.0,0.007233728314926386,609825.7468688436
call,743.0,2026-09-29,221.0,0.009114258589892404,1187465.8954417123
call,744.0,2026-09-29,68.0,0.008307740144524015,333042.2577400478
call,745.0,2026-09-29,132.0,0.008838800970660579,687820.0182462892
call,746.0,2026-09-29,87.0,0.009409841627671296,482624.1971059391
call,747.0,2026-09-29,86.0,0.010797158675177334,547413.4457446793
call,748.0,2026-09-29,266.0,0.010689529176883239,1676284.5378453508
call,749.0,2026-09-29,152.0,0.01211919561711182,1085987.7061762242
call,750.0,2026-09-29,472.0,0.01222465248549244,3401621.957196272
call,751.0,2026-09-29,83.0,0.013039631796955893,638044.4658187869
call,752.0,2026-09-29,146.0,0.014553310274295144,1252628.1571474008
call,753.0,2026-09-29,192.0,0.015115475630609084,1710923.4214924793
call,754.0,2026-09-29,86.0,0.016412777107081552,832124.0004634219
call,755.0,2026-09-29,281.0,0.017830942910354353,2953848.0772407474
call,756.0,2026-09-29,210.0,0.019392882545666245,2400872.9982616394
call,757.0,2026-09-29,154.0,0.02109945901082888,1915576.7905231628
call,758.0,2026-09-29,124.0,0.02294600484415122,1677398.659141967
call,759.0,2026-09-29,126.0,0.024952542633519096,1853501.2225970316
call,760.0,2026-09-29,355.0,0.027104651609341023,5672567.963587834
call,761.0,2026-09-29,125.0,0.02930916934927619,2159837.357807926
call,762.0,2026-09-29,208.0,0.031814035092067136,3901122.7539139837
call,763.0,2026-09-29,285.0,0.03425167700809942,5754852.877910004
call,764.0,2026-09-29,226.0,0.03666557902431387,4885111.856040507
call,765.0,2026-09-29,396.0,0.03892911079220398,9088185.756513668
call,766.0,2026-09-29,212.0,0.04111175827344545,5138181.4571052855
call,767.0,2026-09-29,291.0,0.043780932048016384,7510788.236349321
call,768.0,2026-09-29,131.0,0.045421769366045556,3507864.9810018195
call,769.0,2026-09-29,345.0,0.04621335091679987,9399269.038243007
call,770.0,2026-09-29,559.0,0.04614225006804034,15206109.090022663
call,771.0,2026-09-29,1088.0,0.04538424863938781,29109957.451252762
call,772.0,2026-09-29,954.0,0.04384488186541838,24658962.740331102
call,773.0,2026-09-29,314.0,0.041556224711327645,7692601.929607591
call,774.0,2026-09-29,1054.0,0.03862746890380321,24001831.79492902
call,775.0,2026-09-29,1063.0,0.035274900492932935,22105817.85618083
call,776.0,2026-09-29,711.0,0.031624053715505,13255455.777444795
call,777.0,2026-09-29,432.0,0.02792929967797062,7112975.588631392
call,778.0,2026-09-29,748.0,0.024271240421573772,10702890.827451518
call,779.0,2026-09-29,790.0,0.02078851149797249,9681842.43969863
call,780.0,2026-09-29,1202.0,0.017646734514424188,12504788.339520179
call,781.0,2026-09-29,428.0,0.014900535479821923,3759699.8092103023
call,782.0,2026-09-29,343.0,0.012396277916571587,2506645.679721709
call,783.0,2026-09-29,755.0,0.010209494248917251,4544213.273155573
call,784.0,2026-09-29,296.0,0.008522169666290274,1487131.636618585
call,785.0,2026-09-29,549.0,0.006938353701005584,2245620.1948943376
call,786.0,2026-09-29,547.0,0.005914588243818168,1907301.5753044381
call,787.0,2026-09-29,160.0,0.004753653188724114,448389.05376392085
call,788.0,2026-09-29,228.0,0.004176884669957903,561429.0186824162
call,789.0,2026-09-29,877.0,0.003410119339901281,1763098.9895627738
call,790.0,2026-09-29,481.0,0.002897909632983011,821745.7002194939
call,791.0,2026-09-29,721.0,0.0024685350873561046,1049257.530301792
call,792.0,2026-09-29,433.0,0.002059547733041371,525735.475904777
call,793.0,2026-09-29,287.0,0.0019358583527442443,327538.9849881868
call,794.0,2026-09-29,178.0,0.0015876356037557249,166601.28906829725
call,795.0,2026-09-29,218.0,0.0015072506184161986,193708.86200638808
call,796.0,2026-09-29,230.0,0.0014018121410038884,190075.07849253915
call,797.0,2026-09-29,621.0,0.0011329625249919854,414777.0042313901
call,798.0,2026-09-29,462.0,0.0010628547285030847,289483.2301491778
call,799.0,2026-09-29,370.0,0.0009999579216403679,218117.73274722963
call,800.0,2026-09-29,720.0,0.0009433114472911909,400400.9752257377
call,801.0,2026-09-29,45.0,0.0007330969669893712,19448.291796977686
call,802.0,2026-09-29,12.0,0.0007151139003710645,5058.991985596519
call,803.0,2026-09-29,44.0,0.0006647686120709156,17243.70988033101
call,804.0,2026-09-29,44.0,0.0006349546559633476,16470.353256434064
call,805.0,2026-09-29,41.0,0.0006076042872568686,14686.293789482947
call,806.0,2026-09-29,84.0,0.0005688607612998326,28170.385467126678
call,807.0,2026-09-29,79.0,0.0005337837010489742,24859.931366126926
call,808.0,2026-09-29,671.0,0.00041292506269341976,163343.28633330463
call,809.0,2026-09-29,707.0,0.00038975809050090146,162450.88369671197
call,810.0,2026-09-29,44.0,0.0003686123307851861,9561.588761796549
call,815.0,2026-09-29,71.0,0.0003001317927603121,12562.552118394282
call,820.0,2026-09-29,3.0,0.00017355318810840503,306.94557442512297
call,825.0,2026-09-29,1.0,0.00013963169780475048,82.31738092851678
call,835.0,2026-09-29,2.0,4.939104486453757e-05,58.23522192298773
call,845.0,2026-09-29,25.0,3.9995139469933174e-05,589.4605563772707
call,850.0,2026-09-29,72.0,3.3428798848003554e-05,1418.9294212215627
call,855.0,2026-09-29,1085.0,3.402415222495141e-05,21763.291363652177
call,860.0,2026-09-29,358.0,2.925568021367757e-05,6174.485175641144
call,865.0,2026-09-29,183.0,2.550668758671214e-05,2751.7734618266422
call,890.0,2026-09-29,1.0,1.744596732271021e-05,10.284959363439995
put,550.0,2026-09-29,6.0,1.3974262860314376e-06,-4.942966692317568
put,560.0,2026-09-29,110.0,3.3499259032514396e-06,-217.23780781526813
put,565.0,2026-09-29,20.0,1.9346743029911027e-06,-22.811055666546956
put,570.0,2026-09-29,41.0,1.4791448730926963e-06,-35.75214431339786
put,575.0,2026-09-29,30.0,1.638418379471811e-06,-28.97701137714213
put,580.0,2026-09-29,48.0,1.8142855445666373e-06,-51.33982726267039
put,595.0,2026-09-29,5.0,2.46075414295312e-06,-7.253468923658906
put,600.0,2026-09-29,15.0,2.7236046163309424e-06,-24.08478900844032
put,605.0,2026-09-29,0.0,3.0148102629614854e-06,-0.0
put,610.0,2026-09-29,135.0,6.294730594381957e-06,-500.97775422120117
put,615.0,2026-09-29,149.0,7.062473274613871e-06,-620.3697475974398
put,620.0,2026-09-29,95.0,7.93382804820945e-06,-444.33846908463886
put,625.0,2026-09-29,41.0,7.209113232460215e-06,-174.25017748237252
put,635.0,2026-09-29,21.0,9.085940837600293e-06,-112.48554705278785
put,640.0,2026-09-29,1.0,1.954040895748139e-05,-11.519700132137713
put,645.0,2026-09-29,26.0,2.2362239338201893e-05,-342.7647595560843
put,650.0,2026-09-29,245.0,2.3132571231786253e-05,-3341.1618810822924
put,655.0,2026-09-29,55.0,2.660594270854269e-05,-862.6782853991696
put,660.0,2026-09-29,8.0,2.7459078100171213e-05,-129.50408409863428
put,665.0,2026-09-29,1123.0,3.177912646709971e-05,-21039.200723095728
put,670.0,2026-09-29,6776.0,5.2032315734125245e-05,-207851.9377372468
put,675.0,2026-09-29,8081.0,5.8067544377857284e-05,-276634.34155816655
put,680.0,2026-09-29,36.0,6.503995868781739e-05,-1380.3533796831393
put,685.0,2026-09-29,20.0,9.784899495088297e-05,-1153.702650254578
put,690.0,2026-09-29,259.0,0.00010887170259894943,-16623.493741197446
put,695.0,2026-09-29,48.0,0.00012166126896700949,-3442.7152616792155
put,700.0,2026-09-29,1493.0,0.00017525383470493822,-154253.44164552342
put,705.0,2026-09-29,962.0,0.00024109932149777655,-136734.65073698296
put,710.0,2026-09-29,677.0,0.0003183263342067295,-127048.27188272685
put,715.0,2026-09-29,2509.0,0.0004288069584170429,-634263.9252839494
put,718.0,2026-09-29,194.0,0.0005183543258722196,-59283.79305633114
put,719.0,2026-09-29,14.0,0.000537475119665491,-4436.0243988266375
put,720.0,2026-09-29,3022.0,0.0005577109644406653,-993599.0511809941
put,721.0,2026-09-29,1.0,0.0006413870914597866,-378.118338173873
put,722.0,2026-09-29,8.0,0.0006579276037783555,-3102.956021309172
put,723.0,2026-09-29,44.0,0.0007465698042229312,-19365.58507076809
put,724.0,2026-09-29,501.0,0.0007790430128946966,-230094.73859906878
put,725.0,2026-09-29,1127.0,0.0008137416736575697,-540652.2308142501
put,726.0,2026-09-29,53.0,0.0009006770856346756,-28141.841255406096
put,727.0,2026-09-29,74.0,0.0009434680778807705,-41159.15552309631
put,728.0,2026-09-29,79.0,0.0010466442509876395,-48745.407911802795
put,729.0,2026-09-29,56.0,0.0011616515437383225,-38350.534954361996
put,730.0,2026-09-29,349.0,0.0012145935348471023,-249898.65430537265
put,731.0,2026-09-29,156.0,0.0013425402055531285,-123469.42462904417
put,732.0,2026-09-29,187.0,0.001475501296012733,-162662.98109088908
put,733.0,2026-09-29,422.0,0.0016234039023097023,-403874.6195950693
put,734.0,2026-09-29,68.0,0.0017769143230734038,-71233.27736208354
put,735.0,2026-09-29,687.0,0.0019355967406315293,-783933.3573381174
put,736.0,2026-09-29,844.0,0.002111845655886754,-1050780.8435119158
put,737.0,2026-09-29,185.0,0.002307950806435771,-251713.0902698918
put,738.0,2026-09-29,57.0,0.0025861489012075,-86903.22779406361
put,739.0,2026-09-29,663.0,0.0028186446266227736,-1101694.99772469
put,740.0,2026-09-29,2554.0,0.003146786324944387,-4738006.721925195
put,741.0,2026-09-29,10127.0,0.0034142927531866075,-20383985.028638333
put,742.0,2026-09-29,301.0,0.003870984602502375,-686903.0818202429
put,743.0,2026-09-29,655.0,0.004280516372084058,-1652893.941804834
put,744.0,2026-09-29,1131.0,0.004808034609521,-3205809.529386808
put,745.0,2026-09-29,1863.0,0.005295378349407327,-5815905.962258914
put,746.0,2026-09-29,327.0,0.005969847878110605,-1150849.524979994
put,747.0,2026-09-29,302.0,0.006636928997166644,-1181630.357257483
put,748.0,2026-09-29,2204.0,0.007444320972050707,-9672621.766530363
put,749.0,2026-09-29,263.0,0.008380946914927167,-1299440.3962969782
put,750.0,2026-09-29,1107.0,0.009403002210499391,-6136513.366174812
put,751.0,2026-09-29,218.0,0.010564407355634365,-1357716.693977676
put,752.0,2026-09-29,220.0,0.011835427197086208,-1535020.3754397663
put,753.0,2026-09-29,430.0,0.013265607404509487,-3362816.1249002875
put,754.0,2026-09-29,607.0,0.014874559338693008,-5322802.167356549
put,755.0,2026-09-29,863.0,0.016660424248028344,-8476262.101192879
put,756.0,2026-09-29,603.0,0.018660823045700027,-6633697.020486164
put,757.0,2026-09-29,261.0,0.020815411842267144,-3202823.7536734547
put,758.0,2026-09-29,665.0,0.02317803835336083,-9086692.843625715
put,759.0,2026-09-29,590.0,0.02572858536850337,-8949019.309645258
put,760.0,2026-09-29,1737.0,0.028437812348071863,-29120815.17747051
put,761.0,2026-09-29,442.0,0.03131143752959075,-8158922.38231561
put,762.0,2026-09-29,684.0,0.03427652016682084,-13821664.662792966
put,763.0,2026-09-29,340.0,0.03731864438349399,-7480184.36124839
put,764.0,2026-09-29,227.0,0.040245584242790525,-5385817.325018848
put,765.0,2026-09-29,750.0,0.043125871938878756,-19068067.373379413
put,766.0,2026-09-29,811.0,0.04570738977155158,-21853187.91361421
put,767.0,2026-09-29,187.0,0.047857331893465624,-5275912.866958283
put,768.0,2026-09-29,427.0,0.04933303475921491,-12418616.982466757
put,769.0,2026-09-29,465.0,0.05013048437196729,-13742393.475270208
put,770.0,2026-09-29,450.0,0.05004652225853881,-13276816.193977153
put,771.0,2026-09-29,309.0,0.04898895961788467,-8924095.748237489
put,772.0,2026-09-29,436.0,0.04686298054148243,-12045474.747201486
put,773.0,2026-09-29,522.0,0.04307480292335468,-13255659.127299488
put,774.0,2026-09-29,499.0,0.039744507498914776,-11691902.653231815
put,775.0,2026-09-29,589.0,0.035940182773222654,-12479670.004092898
put,776.0,2026-09-29,147.0,0.03169159103160785,-2746432.331573059
put,777.0,2026-09-29,102.0,0.02771047032364103,-1666293.860739085
put,778.0,2026-09-29,162.0,0.024006035141456,-2292677.5453085476
put,779.0,2026-09-29,108.0,0.02289023181998176,-1457409.08321152
put,780.0,2026-09-29,781.0,0.01621454065762509,-7465574.081147172
put,781.0,2026-09-29,170.0,0.0193544312271045,-1939710.246413429
put,782.0,2026-09-29,106.0,0.01773961039212715,-1108555.5690277342
put,783.0,2026-09-29,217.0,0.016762932450881632,-2144456.565005731
put,784.0,2026-09-29,118.0,0.015717919191069286,-1093413.884468884
put,785.0,2026-09-29,78.0,0.014599942898781653,-671356.6349347343
put,786.0,2026-09-29,23.0,0.013927817995043697,-188850.6327775047
put,787.0,2026-09-29,151.0,0.01321391007161757,-1176293.8314813552
put,788.0,2026-09-29,72.0,0.012504275267577003,-530760.442482299
put,789.0,2026-09-29,51.0,0.011523423073412604,-346464.8722606661
put,790.0,2026-09-29,0.0,0.010921099427187357,-0.0
put,791.0,2026-09-29,0.0,0.010294653574807815,-0.0
put,792.0,2026-09-29,0.0,0.010268377101450647,-0.0
put,793.0,2026-09-29,0.0,0.009785924379183377,-0.0
put,794.0,2026-09-29,0.0,0.009362627450728913,-0.0
put,795.0,2026-09-29,0.0,0.008997126219356305,-0.0
put,796.0,2026-09-29,0.0,0.008594504602907005,-0.0
put,797.0,2026-09-29,0.0,0.008289382933553736,-0.0
put,798.0,2026-09-29,0.0,0.00796989431617641,-0.0
put,799.0,2026-09-29,0.0,0.007670215042573423,-0.0
put,800.0,2026-09-29,0.0,0.007359110961745174,-0.0
put,801.0,2026-09-29,0.0,0.007094105812612421,-0.0
put,802.0,2026-09-29,0.0,0.006845297810995438,-0.0
put,803.0,2026-09-29,0.0,0.006537706981349985,-0.0
put,804.0,2026-09-29,0.0,0.006342235507836224,-0.0
put,805.0,2026-09-29,0.0,0.006232909396319719,-0.0
put,806.0,2026-09-29,0.0,0.006042279791468456,-0.0
put,807.0,2026-09-29,0.0,0.005854512269114762,-0.0
put,808.0,2026-09-29,0.0,0.005683470382578283,-0.0
put,809.0,2026-09-29,0.0,0.005514086110380783,-0.0
put,810.0,2026-09-29,0.0,0.005332069246406055,-0.0
put,815.0,2026-09-29,0.0,0.0046330539896545725,-0.0
put,820.0,2026-09-29,0.0,0.004074998863811665,-0.0
put,825.0,2026-09-29,0.0,0.0036217733905987777,-0.0
put,830.0,2026-09-29,0.0,0.0032460293622468606,-0.0
put,835.0,2026-09-29,0.0,0.0029321933828447963,-0.0
call,375.0,2026-09-30,0.0,8.345545158610009e-05,0.0
call,380.0,2026-09-30,7.0,8.558975863752309e-05,353.20542636656023
call,410.0,2026-09-30,1.0,0.0,0.0
call,415.0,2026-09-30,73.0,0.0,0.0
call,420.0,2026-09-30,0.0,0.00011461414720511314,0.0
call,425.0,2026-09-30,3.0,0.00011913103761259516,210.69474534238216
call,440.0,2026-09-30,0.0,0.0,0.0
call,450.0,2026-09-30,0.0,0.0,0.0
call,460.0,2026-09-30,0.0,0.0,0.0
call,470.0,2026-09-30,0.0,0.0,0.0
call,475.0,2026-09-30,0.0,6.653372149629469e-06,0.0
call,480.0,2026-09-30,0.0,6.834202774986808e-06,0.0
call,485.0,2026-09-30,0.0,9.320187703030501e-06,0.0
call,490.0,2026-09-30,1.0,9.589728734557874e-06,5.653453804934592
call,495.0,2026-09-30,0.0,1.1108350347234416e-05,0.0
call,500.0,2026-09-30,0.0,1.2853952364931236e-05,0.0
call,505.0,2026-09-30,0.0,1.3211611900366435e-05,0.0
call,510.0,2026-09-30,1.0,1.4112345708158282e-05,8.319682104544757
call,515.0,2026-09-30,0.0,1.8359132594617142e-05,0.0
call,520.0,2026-09-30,0.0,1.8148413179544157e-05,0.0
call,525.0,2026-09-30,0.0,2.398861048098738e-05,0.0
call,530.0,2026-09-30,0.0,2.5182733868195793e-05,0.0
call,535.0,2026-09-30,0.0,2.7977840374261915e-05,0.0
call,540.0,2026-09-30,27.0,2.76689228112879e-05,440.41645957303314
call,545.0,2026-09-30,0.0,4.002769855329582e-05,0.0
call,550.0,2026-09-30,0.0,2.72411385176904e-05,0.0
call,555.0,2026-09-30,0.0,4.431494854162703e-05,0.0
call,560.0,2026-09-30,0.0,4.312009577458772e-05,0.0
call,565.0,2026-09-30,0.0,4.705096700126152e-05,0.0
call,570.0,2026-09-30,0.0,5.136158917076625e-05,0.0
call,575.0,2026-09-30,0.0,5.665844022527078e-05,0.0
call,580.0,2026-09-30,0.0,6.192121825892964e-05,0.0
call,585.0,2026-09-30,0.0,6.568003871919593e-05,0.0
call,590.0,2026-09-30,0.0,7.411786978971995e-05,0.0
call,594.0,2026-09-30,4.0,8.004808116108107e-05,188.7636831215085
call,595.0,2026-09-30,0.0,8.119338688320499e-05,0.0
call,596.0,2026-09-30,0.0,8.15085303119897e-05,0.0
call,597.0,2026-09-30,0.0,8.267478917020744e-05,0.0
call,598.0,2026-09-30,0.0,8.385936362183102e-05,0.0
call,599.0,2026-09-30,0.0,8.506261547950468e-05,0.0
call,600.0,2026-09-30,6.0,9.08920676413061e-05,321.502799423328
call,601.0,2026-09-30,0.0,8.938711206271345e-05,0.0
call,602.0,2026-09-30,0.0,9.068261094028504e-05,0.0
call,603.0,2026-09-30,0.0,9.493417538865569e-05,0.0
call,604.0,2026-09-30,0.0,0.00010038985010774798,0.0
call,605.0,2026-09-30,0.0,0.00010718066814732513,0.0
call,606.0,2026-09-30,0.0,9.813965552619316e-05,0.0
call,607.0,2026-09-30,0.0,9.958259225903936e-05,0.0
call,608.0,2026-09-30,0.0,0.00010650229673004706,0.0
call,609.0,2026-09-30,0.0,0.00010254118217724126,0.0
call,610.0,2026-09-30,0.0,0.00011202462086666737,0.0
call,611.0,2026-09-30,0.0,0.00011020011256807987,0.0
call,612.0,2026-09-30,0.0,0.00011185572114532032,0.0
call,613.0,2026-09-30,0.0,0.00011354009853050532,0.0
call,614.0,2026-09-30,0.0,0.00011525389477645217,0.0
call,615.0,2026-09-30,0.0,0.00011574730368636002,0.0
call,616.0,2026-09-30,0.0,0.00012394111331382146,0.0
call,617.0,2026-09-30,0.0,0.00011927949854830763,0.0
call,618.0,2026-09-30,0.0,0.00012109270850940311,0.0
call,619.0,2026-09-30,0.0,0.0001256458459226734,0.0
call,620.0,2026-09-30,1.0,0.00012757745167470762,75.21101478033492
call,621.0,2026-09-30,0.0,0.00013239013396617019,0.0
call,622.0,2026-09-30,0.0,0.00013444902222765632,0.0
call,623.0,2026-09-30,2.0,0.0001425620619178881,168.08984981704256
call,624.0,2026-09-30,0.0,0.00014481806340092742,0.0
call,625.0,2026-09-30,0.0,0.00014949839188411972,0.0
call,626.0,2026-09-30,0.0,0.00014465960017183573,0.0
call,627.0,2026-09-30,0.0,0.0001534987322195058,0.0
call,628.0,2026-09-30,0.0,0.00014928702066641008,0.0
call,629.0,2026-09-30,0.0,0.00015166792194871604,0.0
call,630.0,2026-09-30,0.0,0.00015409515920949615,0.0
call,631.0,2026-09-30,1.0,0.00016010004109921915,94.38412822469631
call,632.0,2026-09-30,0.0,0.00016542412953493365,0.0
call,633.0,2026-09-30,3.0,0.00016719847321144436,295.706647410212
call,634.0,2026-09-30,0.0,0.00016993876585034962,0.0
call,635.0,2026-09-30,1.0,0.0001727348330369777,101.83274481566093
call,636.0,2026-09-30,0.0,0.0001755882015058177,0.0
call,637.0,2026-09-30,0.0,0.00017850045265514023,0.0
call,638.0,2026-09-30,0.0,0.00018044323648454703,0.0
call,639.0,2026-09-30,0.0,0.00019843748770616637,0.0
call,640.0,2026-09-30,2.0,0.00019411506069472187,228.87415459938558
call,641.0,2026-09-30,0.0,0.00019742051213581663,0.0
call,642.0,2026-09-30,0.0,0.0002007974833505006,0.0
call,643.0,2026-09-30,0.0,0.00020308353951104088,0.0
call,644.0,2026-09-30,3.0,0.00020658432235251157,365.3643253854207
call,645.0,2026-09-30,0.0,0.0002089491851519081,0.0
call,646.0,2026-09-30,0.0,0.00037641298785883115,0.0
call,647.0,2026-09-30,0.0,0.0002213838882466807,0.0
call,648.0,2026-09-30,0.0,0.00022791771477432925,0.0
call,649.0,2026-09-30,10.0,0.00023197722083131517,1367.5803957216056
call,650.0,2026-09-30,8.0,0.0010186933808436923,4804.420337137284
call,651.0,2026-09-30,0.0,0.0010330859495591724,0.0
call,652.0,2026-09-30,0.0,0.001055254600019932,0.0
call,653.0,2026-09-30,0.0,0.0010651632461053232,0.0
call,654.0,2026-09-30,0.0,0.0010809056661170613,0.0
call,655.0,2026-09-30,0.0,0.0010965669725155982,0.0
call,656.0,2026-09-30,3.0,0.0011125574042327873,1967.6652169008375
call,657.0,2026-09-30,0.0,0.001128886823343419,0.0
call,658.0,2026-09-30,0.0,0.0011481757022591926,0.0
call,659.0,2026-09-30,0.0,0.001165258730456782,0.0
call,660.0,2026-09-30,1.0,0.0011827137282585264,697.2478171437884
call,661.0,2026-09-30,10.0,0.0012005522436508427,7077.641962313064
call,662.0,2026-09-30,0.0,0.0012187862917241083,0.0
call,663.0,2026-09-30,0.0,0.001237901628398781,0.0
call,664.0,2026-09-30,0.0,0.0012598585930450712,0.0
call,665.0,2026-09-30,1.0,0.001285268517752927,757.7071670305103
call,666.0,2026-09-30,1.0,0.0012994226416126276,766.0514787003261
call,667.0,2026-09-30,1.0,0.001322928915954579,779.9091841471392
call,668.0,2026-09-30,0.0,0.0013413621490426283,0.0
call,669.0,2026-09-30,0.0,0.001365962582831956,0.0
call,670.0,2026-09-30,21.0,0.0013879904690226189,17183.566347467036
call,671.0,2026-09-30,1.0,0.001410550540509672,831.564952568453
call,672.0,2026-09-30,0.0,0.001433661111917276,0.0
call,673.0,2026-09-30,0.0,0.001460710062307074,0.0
call,674.0,2026-09-30,1.0,0.0014850418722397827,875.4799906744455
call,675.0,2026-09-30,21.0,0.0015099857187390758,18693.889014923614
call,676.0,2026-09-30,0.0,0.0015355635143624521,0.0
call,677.0,2026-09-30,0.0,0.0015654138867755892,0.0
call,678.0,2026-09-30,1.0,0.0015887137479311361,936.5978988359019
call,679.0,2026-09-30,0.0,0.0016200883922952633,0.0
call,680.0,2026-09-30,12.0,0.0016485135711727667,11662.22183680486
call,681.0,2026-09-30,0.0,0.0016848148032650423,0.0
call,682.0,2026-09-30,0.0,0.001711637967527709,0.0
call,683.0,2026-09-30,0.0,0.0017425130338719716,0.0
call,684.0,2026-09-30,1.0,0.001766690718372753,1041.5210524083245
call,685.0,2026-09-30,1.0,0.001813821237983326,1069.306010960984
call,686.0,2026-09-30,0.0,0.0018439571560718235,0.0
call,687.0,2026-09-30,0.0,0.0018785307612101422,0.0
call,688.0,2026-09-30,0.0,0.001906709132226803,0.0
call,689.0,2026-09-30,1.0,0.001958223862875908,1154.4360069951365
call,690.0,2026-09-30,17.0,0.0019922598397392726,19966.522287921423
call,691.0,2026-09-30,5.0,0.0020233499254437306,5964.149587199644
call,692.0,2026-09-30,0.0,0.002074447583790018,0.0
call,693.0,2026-09-30,0.0,0.0021158404258410117,0.0
call,694.0,2026-09-30,0.0,0.0021585216137212826,0.0
call,695.0,2026-09-30,15.0,0.0021940961820330297,19402.354986340986
call,696.0,2026-09-30,0.0,0.002251411632892152,0.0
call,697.0,2026-09-30,0.0,0.002277215997007828,0.0
call,698.0,2026-09-30,0.0,0.0023548895133739265,0.0
call,699.0,2026-09-30,0.0,0.0024006373758556987,0.0
call,700.0,2026-09-30,37.0,0.0024515828822278055,53475.620157721285
call,701.0,2026-09-30,0.0,0.002513682233177613,0.0
call,702.0,2026-09-30,0.0,0.0025597015540629172,0.0
call,703.0,2026-09-30,0.0,0.0026170869126702656,0.0
call,704.0,2026-09-30,0.0,0.0026709588932180488,0.0
call,705.0,2026-09-30,15.0,0.0027411366653100505,24239.824617506176
call,706.0,2026-09-30,0.0,0.002809170787447583,0.0
call,707.0,2026-09-30,0.0,0.002850768159985502,0.0
call,708.0,2026-09-30,0.0,0.0029561329517122756,0.0
call,709.0,2026-09-30,0.0,0.003016772010196831,0.0
call,710.0,2026-09-30,32.0,0.0030948909273170303,58385.21067098255
call,711.0,2026-09-30,0.0,0.003161099939390472,0.0
call,712.0,2026-09-30,1.0,0.0034312391549548744,2022.8259415008918
call,713.0,2026-09-30,1.0,0.0035187617071343884,2074.4233035674292
call,714.0,2026-09-30,0.0,0.003605736155781342,0.0
call,715.0,2026-09-30,1.0,0.003700277463145674,2181.4326851549986
call,716.0,2026-09-30,0.0,0.0037945387172796602,0.0
call,717.0,2026-09-30,0.0,0.003709554031319342,0.0
call,718.0,2026-09-30,16.0,0.0038050249646524844,35890.95534978544
call,719.0,2026-09-30,0.0,0.003909439683027652,0.0
call,720.0,2026-09-30,30.0,0.004034927234198974,71361.5849506136
call,721.0,2026-09-30,0.0,0.004340597586624944,0.0
call,722.0,2026-09-30,5.0,0.004465688990620829,13163.337104990494
call,723.0,2026-09-30,12.0,0.004611788182304926,32625.571173267872
call,724.0,2026-09-30,110.0,0.004712776454283523,305616.67786689574
call,725.0,2026-09-30,87.0,0.004875192981631,250045.2389737458
call,726.0,2026-09-30,602.0,0.0048495370173501804,1721092.8302147093
call,727.0,2026-09-30,581.0,0.004958205697816587,1698275.7094683517
call,728.0,2026-09-30,643.0,0.005266406743999147,1996332.5896457827
call,729.0,2026-09-30,562.0,0.00538851830747532,1785308.2163669185
call,730.0,2026-09-30,5756.0,0.0035864478396640774,12170063.090345137
call,731.0,2026-09-30,1134.0,0.00586251889021306,3919266.858328202
call,732.0,2026-09-30,878.0,0.0060065486489077335,3109045.230651804
call,733.0,2026-09-30,961.0,0.0062178375764889516,3522656.4168416806
call,734.0,2026-09-30,729.0,0.006496708529082326,2792083.7213946437
call,735.0,2026-09-30,1769.0,0.006675954285324732,6962235.549609985
call,736.0,2026-09-30,721.0,0.006936363665603977,2948320.178362045
call,737.0,2026-09-30,588.0,0.006873985951630998,2382832.3728536465
call,738.0,2026-09-30,362.0,0.007530417687897525,1607071.3608889247
call,739.0,2026-09-30,307.0,0.007799800176574629,1411657.622484525
call,740.0,2026-09-30,2394.0,0.008116220181912472,11454746.747405019
call,741.0,2026-09-30,582.0,0.008195049836776347,2811784.9954793258
call,742.0,2026-09-30,1492.0,0.008793256985067544,7734390.837921471
call,743.0,2026-09-30,855.0,0.009193592483885541,4634030.516378176
call,744.0,2026-09-30,640.0,0.009602108146384592,3622881.194706439
call,745.0,2026-09-30,3977.0,0.010009089760322946,23467006.8648753
call,746.0,2026-09-30,911.0,0.010404757881836917,5588019.08943848
call,747.0,2026-09-30,932.0,0.010953889501214016,6018548.898935914
call,748.0,2026-09-30,380.0,0.011543079081912915,2585906.352703297
call,749.0,2026-09-30,513.0,0.012176934490190914,3682670.476577445
call,750.0,2026-09-30,5619.0,0.012207236803551683,40437465.444362186
call,751.0,2026-09-30,1099.0,0.01341076758283181,8688781.056422932
call,752.0,2026-09-30,780.0,0.01436340716318684,6604798.913343195
call,753.0,2026-09-30,521.0,0.015403786406437772,4731215.572730886
call,754.0,2026-09-30,619.0,0.016525414600047306,6030461.353279156
call,755.0,2026-09-30,3601.0,0.017734631719500606,37648945.88159872
call,756.0,2026-09-30,1184.0,0.019029050251830996,13282393.452568395
call,757.0,2026-09-30,1389.0,0.020426713999214148,16726623.420723643
call,758.0,2026-09-30,983.0,0.021873263205212858,12675777.93344697
call,759.0,2026-09-30,1657.0,0.023442397207381876,22899819.237125427
call,760.0,2026-09-30,5123.0,0.02556079980990814,77198048.21596354
call,761.0,2026-09-30,6078.0,0.02733560089722456,97948287.26166601
call,762.0,2026-09-30,2291.0,0.028532909422348592,38537068.26777433
call,763.0,2026-09-30,1205.0,0.03035726279697487,21565383.347020995
call,764.0,2026-09-30,1621.0,0.03193188543622041,30515121.44635127
call,765.0,2026-09-30,4799.0,0.03351230551542833,94811841.5350326
call,766.0,2026-09-30,1624.0,0.034964795482777734,33475304.998567566
call,767.0,2026-09-30,1715.0,0.03703782482638594,37447007.96972231
call,768.0,2026-09-30,2338.0,0.03823037450456617,52693929.327820785
call,769.0,2026-09-30,3240.0,0.03890514486134562,74312106.51404002
call,770.0,2026-09-30,6586.0,0.039087840784847734,151764757.54961476
call,771.0,2026-09-30,2529.0,0.03882792354206145,57889596.2412796
call,772.0,2026-09-30,2653.0,0.038103419453099044,59594849.453787796
call,773.0,2026-09-30,3091.0,0.036841952134855305,67135026.46758954
call,774.0,2026-09-30,2172.0,0.03521868791403255,45096259.246566884
call,775.0,2026-09-30,18897.0,0.033136324034232355,369151567.56798476
call,776.0,2026-09-30,1245.0,0.03074804619770324,22568069.0413723
call,777.0,2026-09-30,3378.0,0.02816944653137466,56097755.43868106
call,778.0,2026-09-30,1947.0,0.025473356131769796,29238806.70899079
call,779.0,2026-09-30,4275.0,0.022762355286857383,57366828.69554329
call,780.0,2026-09-30,15856.0,0.020120727035223104,188080959.58212373
call,781.0,2026-09-30,2236.0,0.017593026270933548,23191021.357213303
call,782.0,2026-09-30,2246.0,0.015258763596773656,20203965.671060547
call,783.0,2026-09-30,1591.0,0.01315797749534262,12341468.649696007
call,784.0,2026-09-30,3576.0,0.011237865393484108,23691298.31980874
call,785.0,2026-09-30,7056.0,0.009497400132016996,39506707.14503566
call,786.0,2026-09-30,21495.0,0.008144559327436707,103207810.79519296
call,787.0,2026-09-30,2791.0,0.006879950654288898,11320163.127437174
call,788.0,2026-09-30,1175.0,0.005846783038172593,4050068.5166655756
call,789.0,2026-09-30,2699.0,0.004880018053358392,7764827.974871187
call,790.0,2026-09-30,12052.0,0.00414182434175192,29427835.831100695
call,791.0,2026-09-30,1418.0,0.0036737051372748636,3071058.235065236
call,792.0,2026-09-30,1570.0,0.003033520042494012,2807721.6222713995
call,793.0,2026-09-30,1892.0,0.0026510324055479023,2956948.0459001283
call,794.0,2026-09-30,3688.0,0.0022982079818475395,4996751.671982627
call,795.0,2026-09-30,5480.0,0.0021489037232677315,6942326.618747452
call,796.0,2026-09-30,1545.0,0.0018145664030700436,1652756.5035919
call,797.0,2026-09-30,2033.0,0.0015304231979649,1834241.199764923
call,798.0,2026-09-30,1014.0,0.001449278271274012,866357.743343001
call,799.0,2026-09-30,6012.0,0.0013758263997044249,4876296.849716744
call,800.0,2026-09-30,56681.0,0.001116638961549433,37312797.07659566
call,801.0,2026-09-30,2654.0,0.0010682842694888998,1671457.2656011544
call,802.0,2026-09-30,2310.0,0.0010007488815156362,1362839.2056802257
call,803.0,2026-09-30,3182.0,0.0009613843890655308,1803452.742210431
call,804.0,2026-09-30,744.0,0.0007497018331378037,328828.1837826337
call,805.0,2026-09-30,4708.0,0.0007259034091650628,2014757.6601543531
call,806.0,2026-09-30,2148.0,0.0006872692996904738,870299.5257573616
call,807.0,2026-09-30,2526.0,0.0006674219440176446,993896.9394684763
call,808.0,2026-09-30,671.0,0.0006341777405698251,250865.5579983905
call,809.0,2026-09-30,7927.0,0.0006036684621272903,2821076.5500371517
call,810.0,2026-09-30,11471.0,0.00045393936127255825,3069775.724583481
call,811.0,2026-09-30,1839.0,0.0004348577231222908,471450.87081947795
call,812.0,2026-09-30,1161.0,0.00041720025854412394,285551.41334298276
call,813.0,2026-09-30,839.0,0.0004008276673063851,198256.3824946528
call,814.0,2026-09-30,5464.0,0.0003856172105362703,1242151.662103047
call,815.0,2026-09-30,5617.0,0.00037146042165661945,1230054.9037093946
call,816.0,2026-09-30,2264.0,0.0003582611748678575,478171.506613608
call,817.0,2026-09-30,1094.0,0.0003459340492961679,223109.54878850174
call,818.0,2026-09-30,566.0,0.00033440293862295754,111581.97440480145
call,819.0,2026-09-30,2419.0,0.00023213184944777466,331038.210250882
call,820.0,2026-09-30,2852.0,0.0002148221384692046,361190.30296571914
call,821.0,2026-09-30,759.0,0.00019909554181065414,89086.28251945644
call,822.0,2026-09-30,448.0,0.00020433320961045918,53966.530254226534
call,823.0,2026-09-30,337.0,0.00018996607772005326,37741.006857195476
call,824.0,2026-09-30,4214.0,0.0001949511135275337,484314.8403114225
call,825.0,2026-09-30,42116.0,0.00018177060727642429,4513134.750185521
call,826.0,2026-09-30,13914.0,0.00016969491889583604,1391965.1528338487
call,827.0,2026-09-30,298.0,0.0001743821133317144,30635.553134611593
call,828.0,2026-09-30,1830.0,0.00016322620976431945,176095.60268342972
call,829.0,2026-09-30,1714.0,0.00015296130757671915,154561.00411097327
call,830.0,2026-09-30,2421.0,0.00015735377086984693,224584.3398212347
call,831.0,2026-09-30,1526.0,0.00014781156074321979,132975.14169959788
call,832.0,2026-09-30,1668.0,0.0001389967434688924,136681.0155846352
call,833.0,2026-09-30,831.0,0.00014310763459274276,70108.60933536415
call,834.0,2026-09-30,990.0,0.00013486768733881276,78713.75496020826
call,835.0,2026-09-30,1152.0,0.00013879817267631566,94263.541669061
call,836.0,2026-09-30,663.0,0.00013107546150727378,51232.134375180605
call,837.0,2026-09-30,915.0,0.0001238984063711041,66833.52071011999
call,838.0,2026-09-30,976.0,0.00012758361356814693,73409.49587692604
call,839.0,2026-09-30,717.0,0.00012082545449740085,51072.264973543046
call,840.0,2026-09-30,1446.0,5.9789713458646396e-05,50968.55139677766
call,841.0,2026-09-30,889.0,6.278588401053021e-05,32905.712566133436
call,842.0,2026-09-30,1972.0,5.389385940206178e-05,62654.709552648885
call,843.0,2026-09-30,1304.0,5.668191836952433e-05,43574.22354636677
call,844.0,2026-09-30,323.0,5.9474148847430915e-05,11325.001890708727
call,845.0,2026-09-30,2226.0,5.135306770396362e-05,67390.56194369329
call,846.0,2026-09-30,1107.0,5.395838344455834e-05,35213.89592517521
call,847.0,2026-09-30,913.0,5.65700777267446e-05,30448.44221460735
call,848.0,2026-09-30,935.0,4.911553827658086e-05,27073.10354637386
call,849.0,2026-09-30,861.0,5.155870741584802e-05,26170.54084099227
call,850.0,2026-09-30,5856.0,4.4848942595083876e-05,154832.02777101533
call,851.0,2026-09-30,63.0,4.713545205926174e-05,1750.6355825667633
call,852.0,2026-09-30,736.0,4.943409665136396e-05,21449.241652563964
call,853.0,2026-09-30,1464.0,4.3218838490668945e-05,37301.10463157155
call,854.0,2026-09-30,1707.0,4.5375499322319865e-05,45662.79213382048
call,855.0,2026-09-30,605.0,3.974017975721375e-05,14174.009754497558
call,856.0,2026-09-30,534.0,4.1764904532512214e-05,13148.017561090452
call,857.0,2026-09-30,1726.0,4.380504036195428e-05,44573.055035522135
call,858.0,2026-09-30,1216.0,3.854364647300411e-05,27630.82801421793
call,859.0,2026-09-30,950.0,4.0463556499486164e-05,22661.840714784823
call,860.0,2026-09-30,881.0,3.566179393656328e-05,18521.94627064106
call,865.0,2026-09-30,3789.0,3.8243167048218865e-05,85425.19546780488
call,870.0,2026-09-30,1586.0,2.9652591595940926e-05,27725.115529252613
call,875.0,2026-09-30,726.0,2.740937944961327e-05,11731.224591041915
call,880.0,2026-09-30,1034.0,2.553280929139645e-05,15564.19508174188
call,885.0,2026-09-30,624.0,2.394990686666381e-05,8810.406447463829
call,890.0,2026-09-30,773.0,2.260504714910323e-05,10301.309522097346
call,895.0,2026-09-30,4579.0,2.1455260871369324e-05,57917.788196655245
call,900.0,2026-09-30,6857.0,2.0466948093912705e-05,82736.0462201422
put,375.0,2026-09-30,15485.0,5.205647997097565e-07,-4752.187122706518
put,380.0,2026-09-30,11608.0,4.988538326405011e-07,-3413.801289131876
put,385.0,2026-09-30,9275.0,4.744482637631576e-07,-2594.2409202411504
put,390.0,2026-09-30,1739.0,4.475986100796467e-07,-458.87652062476553
put,395.0,2026-09-30,3683.0,4.1861056843347404e-07,-908.9069678499123
put,400.0,2026-09-30,10009.0,5.817352832284576e-07,-3432.6033339876108
put,405.0,2026-09-30,9932.0,5.42281191018609e-07,-3175.1831231987203
put,410.0,2026-09-30,2305.0,5.006790158855748e-07,-680.3585471574899
put,415.0,2026-09-30,3557.0,6.973631888832735e-07,-1462.346902452776
put,420.0,2026-09-30,894.0,6.417138642661116e-07,-338.21001724893114
put,425.0,2026-09-30,3338.0,5.842172232863182e-07,-1149.65680419263
put,430.0,2026-09-30,655.0,6.585742242107075e-07,-254.30421257721116
put,435.0,2026-09-30,150725.0,7.412461143195317e-07,-65865.08365092364
put,440.0,2026-09-30,1015.0,6.643459826506232e-07,-397.52814378602665
put,445.0,2026-09-30,592.0,7.451753322241116e-07,-260.0684695968116
put,450.0,2026-09-30,11301.0,8.34664534895657e-07,-5560.788290034161
put,455.0,2026-09-30,1210.0,7.348667734381038e-07,-524.2054202372896
put,460.0,2026-09-30,1325.0,8.201098617352647e-07,-640.6125433035639
put,465.0,2026-09-30,251.0,9.141301720193089e-07,-135.26620026557313
put,470.0,2026-09-30,1829.0,7.883598277420513e-07,-850.0524371290032
put,475.0,2026-09-30,1816.0,1.1316133089453854e-06,-1211.4944144475664
put,480.0,2026-09-30,1472.0,9.706910094643148e-07,-842.3572975879136
put,485.0,2026-09-30,710.0,1.0752015519448927e-06,-450.04480897740666
put,490.0,2026-09-30,1323.0,1.1896418738742038e-06,-927.8624768091861
put,495.0,2026-09-30,815.0,9.9448293100174e-07,-477.81795759376115
put,500.0,2026-09-30,3165.0,1.4518131831313607e-06,-2708.8937766475724
put,505.0,2026-09-30,909.0,1.2051783405558233e-06,-645.8367092170903
put,510.0,2026-09-30,637.0,1.3245832855793759e-06,-497.4234190464659
put,515.0,2026-09-30,1380.0,1.4543392082817699e-06,-1183.1840989947648
put,520.0,2026-09-30,1366.0,1.5952494263532997e-06,-1284.6559180138718
put,525.0,2026-09-30,935.0,1.7481776585398138e-06,-963.6175521601252
put,530.0,2026-09-30,976.0,1.389371811089086e-06,-799.4215039471617
put,535.0,2026-09-30,301233.0,1.5132976261452937e-06,-268741.3059099502
put,540.0,2026-09-30,1861.0,1.6465074863342484e-06,-1806.4153219101117
put,545.0,2026-09-30,969.0,1.7895575255878552e-06,-1022.2967164845746
put,550.0,2026-09-30,1528.0,1.9430249293770126e-06,-1750.286940511633
put,555.0,2026-09-30,1100.0,2.107506797433998e-06,-1366.687412954322
put,560.0,2026-09-30,1337.0,2.283618442551137e-06,-1799.9584267256546
put,565.0,2026-09-30,622.0,2.471990975794842e-06,-906.4519573667302
put,570.0,2026-09-30,1772.0,2.673267990683718e-06,-2792.6321996206952
put,575.0,2026-09-30,1398.0,2.888101111243538e-06,-2380.2747546198902
put,580.0,2026-09-30,2538.0,3.117144108664974e-06,-4663.9729590472925
put,585.0,2026-09-30,1344.0,3.361045215061586e-06,-2663.0612120795454
put,590.0,2026-09-30,8605.0,3.620437166046179e-06,-18366.2044553035
put,594.0,2026-09-30,261.0,3.526645412166958e-06,-542.6375313860524
put,595.0,2026-09-30,528.0,3.89592438066628e-06,-1212.6960602421045
put,596.0,2026-09-30,318.0,3.4731683396893185e-06,-651.1191655328784
put,597.0,2026-09-30,20623.0,3.08016075348873e-06,-37448.35542922976
put,598.0,2026-09-30,7024.0,3.415254501302192e-06,-14142.138974489526
put,599.0,2026-09-30,1150.0,3.78357685180148e-06,-2565.12140982636
put,600.0,2026-09-30,29390.0,4.188066530088887e-06,-72563.91126949647
put,601.0,2026-09-30,691.0,6.962189598044741e-06,-2836.164514033015
put,602.0,2026-09-30,231.0,7.648168317185619e-06,-1041.5423716003484
put,603.0,2026-09-30,461.0,8.395128054321158e-06,-2281.580391835067
put,604.0,2026-09-30,10320.0,7.6127036149384835e-06,-46315.47735091158
put,605.0,2026-09-30,9851.0,8.3666721868776e-06,-48589.29500316012
put,606.0,2026-09-30,851.0,7.568975636384081e-06,-3797.2937354537944
put,607.0,2026-09-30,74.0,8.329449546073299e-06,-363.37542024600435
put,608.0,2026-09-30,479.0,7.516698017287079e-06,-2122.6096859967683
put,609.0,2026-09-30,252.0,8.283125287225097e-06,-1230.558590543995
put,610.0,2026-09-30,1303.0,9.120074071176224e-06,-7005.680171843132
put,611.0,2026-09-30,469.0,8.227370075609208e-06,-2274.7904739215114
put,612.0,2026-09-30,381.0,9.07127972604076e-06,-2037.5161526664276
put,613.0,2026-09-30,444.0,8.161862566599007e-06,-2136.386245254013
put,614.0,2026-09-30,151.0,9.012077702312086e-06,-802.2493987476242
put,615.0,2026-09-30,823.0,9.942194027263242e-06,-4823.803352495068
put,616.0,2026-09-30,1192.0,8.942096191946866e-06,-6283.8110581235715
put,617.0,2026-09-30,27462.0,9.879654775679616e-06,-159948.9736058558
put,618.0,2026-09-30,24856.0,8.860974023819638e-06,-129843.50462593704
put,619.0,2026-09-30,3099.0,9.805194478143039e-06,-17913.700693296192
put,620.0,2026-09-30,3482.0,1.922042656860431e-05,-39454.75166135025
put,621.0,2026-09-30,1157.0,1.9263747359549716e-05,-13139.585290331586
put,622.0,2026-09-30,929.0,1.9303400862860316e-05,-10571.997918144565
put,623.0,2026-09-30,610.0,1.9339262935410616e-05,-6954.682026825832
put,624.0,2026-09-30,353.0,1.937120696002216e-05,-4031.242387991771
put,625.0,2026-09-30,3082.0,2.1253090421019913e-05,-38615.5522116003
put,626.0,2026-09-30,511.0,2.1298183687309373e-05,-6416.098075281126
put,627.0,2026-09-30,524.0,2.1339036371755515e-05,-6591.945620926142
put,628.0,2026-09-30,144.0,2.1375501947808477e-05,-1814.6226997286003
put,629.0,2026-09-30,328.0,2.1407430841030577e-05,-4139.4812407108675
put,630.0,2026-09-30,3629.0,2.143467044270719e-05,-45857.59814976554
put,631.0,2026-09-30,147.0,2.145706513147528e-05,-1859.4957053111648
put,632.0,2026-09-30,232.0,2.3621222985628348e-05,-3230.709358472805
put,633.0,2026-09-30,477.0,2.3658306251788668e-05,-6652.877913469004
put,634.0,2026-09-30,236.0,2.3690124208696685e-05,-3295.997443389224
put,635.0,2026-09-30,151046.0,2.3716495430331916e-05,-2111870.4247616865
put,636.0,2026-09-30,692.0,2.373723473676333e-05,-9683.753912021177
put,637.0,2026-09-30,511.0,2.3752153227847398e-05,-7155.35873135417
put,638.0,2026-09-30,25239.0,2.622576419696428e-05,-390218.469388755
put,639.0,2026-09-30,24368.0,2.625741835523067e-05,-377206.732176735
put,640.0,2026-09-30,3776.0,2.628272861779038e-05,-58507.2872164874
put,641.0,2026-09-30,379.0,2.6301473289800822e-05,-5876.60921481575
put,642.0,2026-09-30,87.0,2.6313425987680216e-05,-1349.5972188379465
put,643.0,2026-09-30,277.0,2.6318355690972855e-05,-4297.798466491096
put,644.0,2026-09-30,433.0,2.7710193966878093e-05,-7073.510256097419
put,645.0,2026-09-30,648.0,2.9179307565334908e-05,-11146.987471857488
put,646.0,2026-09-30,452.0,2.9195732193921657e-05,-7779.744451423084
put,647.0,2026-09-30,303.0,2.9204205233259807e-05,-5216.696198520118
put,648.0,2026-09-30,29206.0,4.345291690524422e-05,-748166.9876821896
put,649.0,2026-09-30,26465.0,4.364145599784214e-05,-680892.6641294393
put,650.0,2026-09-30,4717.0,4.382281119035454e-05,-121863.49667859578
put,651.0,2026-09-30,444.0,4.615218499892991e-05,-12080.440269066909
put,652.0,2026-09-30,219.0,4.6351364906479074e-05,-5984.3111680186075
put,653.0,2026-09-30,2466.0,4.654264050762324e-05,-67663.0571541777
put,654.0,2026-09-30,2156.0,4.9057722682857935e-05,-62353.906271513326
put,655.0,2026-09-30,786.0,4.9268664355337585e-05,-22829.734477320882
put,656.0,2026-09-30,198.0,4.947090074180544e-05,-5774.6083372345565
put,657.0,2026-09-30,882.0,4.966396497852401e-05,-25823.642428382744
put,658.0,2026-09-30,2314.0,5.2414606068921005e-05,-71502.82590892716
put,659.0,2026-09-30,1717.0,5.2629022359286616e-05,-53272.505535542456
put,660.0,2026-09-30,7841.0,5.283331554598464e-05,-244223.1592294056
put,661.0,2026-09-30,415.0,5.581332956357686e-05,-13655.05813410843
put,662.0,2026-09-30,225.0,5.6041362125966435e-05,-7433.5920922019795
put,663.0,2026-09-30,313.0,5.625820888282146e-05,-10380.965893993392
put,664.0,2026-09-30,1018.0,5.646325130318625e-05,-33886.06860593329
put,665.0,2026-09-30,1595.0,5.973570948422325e-05,-56169.717419326225
put,666.0,2026-09-30,313.0,7.731612447660562e-05,-14266.64778679918
put,667.0,2026-09-30,480.0,7.977824005910334e-05,-22575.283566692062
put,668.0,2026-09-30,424.0,8.2337970768635e-05,-20581.334994487035
put,669.0,2026-09-30,570.0,8.29312375246225e-05,-27867.66153519175
put,670.0,2026-09-30,3292.0,8.351664449670757e-05,-162084.0907379688
put,671.0,2026-09-30,362.0,8.624540677441526e-05,-18405.688632402525
put,672.0,2026-09-30,709.0,8.908613026059278e-05,-37236.0714515366
put,673.0,2026-09-30,1743.0,8.973218805362024e-05,-92204.72361363495
put,674.0,2026-09-30,921.0,9.036906777347421e-05,-49066.712148234554
put,675.0,2026-09-30,9819.0,0.00011410021437581156,-660482.3946221387
put,676.0,2026-09-30,1412.0,0.00011804218818845438,-98260.61402960811
put,677.0,2026-09-30,1337.0,0.00011921984048033713,-93969.61966454505
put,678.0,2026-09-30,1522.0,0.00012039907209923885,-108030.23423401956
put,679.0,2026-09-30,922.0,0.00012465192423709377,-67754.3890465077
put,680.0,2026-09-30,8801.0,0.00012909535621521612,-669807.7475409186
put,681.0,2026-09-30,694.0,0.0001304232000488113,-53360.740490390344
put,682.0,2026-09-30,752.0,0.0001317535988773159,-58410.086973194106
put,683.0,2026-09-30,365.0,0.00013656344290683195,-29385.61925052722
put,684.0,2026-09-30,389.0,0.00014159786024888865,-32472.357327059042
put,685.0,2026-09-30,2228.0,0.0001431059033316144,-187966.41627880695
put,686.0,2026-09-30,222.0,0.00017288268195490402,-22626.219245748973
put,687.0,2026-09-30,1689.0,0.00017512634846430857,-174376.78543094549
put,688.0,2026-09-30,905.0,0.00018190422118314478,-97050.7468523486
put,689.0,2026-09-30,766.0,0.00018432168982474343,-83236.29454355987
put,690.0,2026-09-30,7304.0,0.0001867690962532902,-804217.1074556169
put,691.0,2026-09-30,2050.0,0.00019420570504926339,-234705.55588273727
put,692.0,2026-09-30,332.0,0.00022346775261903023,-43738.156128248906
put,693.0,2026-09-30,451.0,0.00023262407938473513,-61849.86196449791
put,694.0,2026-09-30,1134.0,0.00023630400191304544,-157976.1976945143
put,695.0,2026-09-30,4421.0,0.0002461949527807532,-641663.2779931405
put,696.0,2026-09-30,266.0,0.00025020736145891294,-39236.40829529491
put,697.0,2026-09-30,3682.0,0.0002543025996049335,-552003.853299674
put,698.0,2026-09-30,282.0,0.00029351813049388815,-48796.82512407574
put,699.0,2026-09-30,4451.0,0.0003026587865703981,-794179.0131139575
put,700.0,2026-09-30,24249.0,0.0003122102161001109,-4463221.791444319
put,701.0,2026-09-30,2507.0,0.00031814306665351816,-470201.8379706982
put,702.0,2026-09-30,1091.0,0.0003284290307119046,-211238.85977944173
put,703.0,2026-09-30,1926.0,0.0003705417712714704,-420727.57914516237
put,704.0,2026-09-30,660.0,0.00038313671182608013,-149075.14095735006
put,705.0,2026-09-30,3553.0,0.00039140084680012327,-819831.2977203125
put,706.0,2026-09-30,1311.0,0.0004050694476608549,-313068.7396689208
put,707.0,2026-09-30,21187.0,0.00045226375389429113,-5648963.585357629
put,708.0,2026-09-30,1273.0,0.0004688263025430472,-351842.176015787
put,709.0,2026-09-30,1432.0,0.00048627367252761255,-410517.14544276445
put,710.0,2026-09-30,12567.0,0.0005368522341621174,-3977350.874372548
put,711.0,2026-09-30,1095.0,0.0005509449323057556,-355655.75231849594
put,712.0,2026-09-30,1208.0,0.0005727118307423164,-407859.52988470014
put,713.0,2026-09-30,960.0,0.0006334201412515089,-358484.7019691869
put,714.0,2026-09-30,1736.0,0.0006516352025290913,-666901.6377161879
put,715.0,2026-09-30,6154.0,0.0007212411849157579,-2616649.39587441
put,716.0,2026-09-30,900.0,0.0007434511233517739,-394459.53358979814
put,717.0,2026-09-30,3249.0,0.0007667669686778182,-1468657.8554053882
put,718.0,2026-09-30,930.0,0.0008405980263399836,-460870.4255392883
put,719.0,2026-09-30,830.0,0.0008687008747151493,-425065.5188694322
put,720.0,2026-09-30,15822.0,0.0009535921385758205,-8894705.38400816
put,721.0,2026-09-30,1897.0,0.0010347372537380232,-1157190.7184712645
put,722.0,2026-09-30,1956.0,0.0010730506437175316,-1237361.489454989
put,723.0,2026-09-30,1097.0,0.001166396503638453,-754328.2318706561
put,724.0,2026-09-30,1388.0,0.001254282385289165,-1026342.5040642213
put,725.0,2026-09-30,16712.0,0.001305276438609938,-12859925.45374379
put,726.0,2026-09-30,859.0,0.0014144933162342768,-716310.9480295962
put,727.0,2026-09-30,1160.0,0.00152548852706061,-1043216.5310865056
put,728.0,2026-09-30,1078.0,0.001646605214944988,-1046443.4713226225
put,729.0,2026-09-30,1784.0,0.0017694772511643079,-1861004.224898074
put,730.0,2026-09-30,26748.0,0.001903520371113953,-30016245.506854434
put,731.0,2026-09-30,1832.0,0.002039353874940073,-2202549.041918935
put,732.0,2026-09-30,1792.0,0.0021987894526577854,-2322892.8424458457
put,733.0,2026-09-30,955.0,0.0024089492590933124,-1356246.2467665295
put,734.0,2026-09-30,1818.0,0.0025898235737002156,-2775693.9832157856
put,735.0,2026-09-30,13709.0,0.002827878869125771,-22854625.253699288
put,736.0,2026-09-30,8739.0,0.003089761198912684,-15918208.16693568
put,737.0,2026-09-30,10176.0,0.0033631437999100625,-20175767.326133315
put,738.0,2026-09-30,1283.0,0.003648385970390281,-2759528.976912183
put,739.0,2026-09-30,1807.0,0.0039624478315703265,-4221134.936899855
put,740.0,2026-09-30,24331.0,0.00436043017709085,-62545608.30683106
put,741.0,2026-09-30,2477.0,0.004780972646567836,-6981516.8571766615
put,742.0,2026-09-30,1626.0,0.00522578147282223,-5009326.180090512
put,743.0,2026-09-30,1891.0,0.005755384254374628,-6416133.306200888
put,744.0,2026-09-30,1744.0,0.006268172206970788,-6444584.544795872
put,745.0,2026-09-30,23239.0,0.006866254635089753,-94068640.28751132
put,746.0,2026-09-30,1979.0,0.007568528894788411,-8830083.144355377
put,747.0,2026-09-30,3032.0,0.00830823013589888,-14850642.39176786
put,748.0,2026-09-30,1410.0,0.009154514831800901,-7609602.490167946
put,749.0,2026-09-30,1300.0,0.010050393541101743,-7702539.6997579085
put,750.0,2026-09-30,23149.0,0.011054666522074062,-150863926.36751428
put,751.0,2026-09-30,1463.0,0.012128594284793206,-10460737.887456192
put,752.0,2026-09-30,5385.0,0.01331421357451784,-42267713.2345053
put,753.0,2026-09-30,2264.0,0.014611803199674601,-19502386.63987812
put,754.0,2026-09-30,6263.0,0.01604031534750721,-59224695.8746476
put,755.0,2026-09-30,17047.0,0.017561824769409005,-176492041.25559843
put,756.0,2026-09-30,3077.0,0.01920044475631648,-34829425.4563428
put,757.0,2026-09-30,7313.0,0.02095845871009045,-90357132.53454049
put,758.0,2026-09-30,2242.0,0.02282630707690704,-30170241.679395538
put,759.0,2026-09-30,1793.0,0.024790278217050602,-26204098.049853105
put,760.0,2026-09-30,12362.0,0.026855205525789783,-195715285.24049783
put,761.0,2026-09-30,61161.0,0.028962420562286057,-1044279995.6479893
put,762.0,2026-09-30,1766.0,0.03114413421741318,-32424589.5326955
put,763.0,2026-09-30,1839.0,0.033313348603866096,-36116656.95262074
put,764.0,2026-09-30,1655.0,0.03539128664901529,-34530421.14775983
put,765.0,2026-09-30,7876.0,0.03735637019760665,-173451437.49715564
put,766.0,2026-09-30,2257.0,0.039144482926996675,-52084637.41625935
put,767.0,2026-09-30,2949.0,0.04069592456239097,-70751103.44206522
put,768.0,2026-09-30,1445.0,0.04186909774880393,-35667196.52709309
put,769.0,2026-09-30,2071.0,0.042589786059039896,-51998771.44053268
put,770.0,2026-09-30,8620.0,0.04252673183576035,-216110963.64189294
put,771.0,2026-09-30,1397.0,0.041817261277642355,-34439712.54161072
put,772.0,2026-09-30,1629.0,0.040221267297270734,-38626411.24700619
put,773.0,2026-09-30,1280.0,0.038761021331937685,-29249113.450980224
put,774.0,2026-09-30,1114.0,0.036653936948476365,-24072064.849586133
put,775.0,2026-09-30,13131.0,0.03457399532810032,-267642387.74097213
put,776.0,2026-09-30,1164.0,0.0314221152343487,-21562341.63352416
put,777.0,2026-09-30,345.0,0.02836592987833758,-5769306.946090919
put,778.0,2026-09-30,375.0,0.025322228790646613,-5598100.89531063
put,779.0,2026-09-30,173.0,0.022506618370957177,-2295429.0602200367
put,780.0,2026-09-30,381.0,0.02115014545282143,-4750571.506207616
put,781.0,2026-09-30,31.0,0.01906360869526628,-348396.9418754568
put,782.0,2026-09-30,68.0,0.01788652345972214,-717038.334434748
put,783.0,2026-09-30,10.0,0.016791795655540773,-98993.04106319736
put,784.0,2026-09-30,8.0,0.015787296564242555,-74456.95643849745
put,785.0,2026-09-30,38.0,0.014878230635714494,-333305.4451490691
put,786.0,2026-09-30,7.0,0.014055510254489482,-58003.23042458092
put,787.0,2026-09-30,5.0,0.013307622501590746,-39226.35934170665
put,788.0,2026-09-30,28.0,0.01262525950558064,-208403.91362908165
put,789.0,2026-09-30,0.0,0.01201225647043411,-0.0
put,790.0,2026-09-30,4.0,0.011472251562866154,-27053.046460231362
put,791.0,2026-09-30,0.0,0.010951784944028112,-0.0
put,792.0,2026-09-30,1.0,0.010470825376020978,-6172.888639649374
put,793.0,2026-09-30,0.0,0.010024817028228241,-0.0
put,794.0,2026-09-30,1.0,0.009610173695089846,-5665.506767339533
put,795.0,2026-09-30,0.0,0.00922376583916214,-0.0
put,796.0,2026-09-30,0.0,0.008862852236556477,-0.0
put,797.0,2026-09-30,0.0,0.008525834931439394,-0.0
put,798.0,2026-09-30,0.0,0.00820981766587487,-0.0
put,799.0,2026-09-30,0.0,0.007913751097704848,-0.0
put,800.0,2026-09-30,26.0,0.00763513146953601,-117030.05064720125
put,802.0,2026-09-30,0.0,0.0071252454868741795,-0.0
put,804.0,2026-09-30,0.0,0.00666996730673893,-0.0
put,805.0,2026-09-30,1.0,0.0064607123809035895,-3808.797934062875
put,806.0,2026-09-30,0.0,0.006214951122722867,-0.0
put,808.0,2026-09-30,0.0,0.0058162557371724535,-0.0
put,809.0,2026-09-30,0.0,0.0056469532069194205,-0.0
put,810.0,2026-09-30,11.0,0.005471694067266297,-35483.13779283971
put,812.0,2026-09-30,0.0,0.005170799953653565,-0.0
put,815.0,2026-09-30,0.0,0.00476897756897245,-0.0
put,820.0,2026-09-30,0.0,0.004206008283305466,-0.0
put,823.0,2026-09-30,0.0,0.0,-0.0
put,825.0,2026-09-30,2.0,0.0037479751144837816,-4419.103972236686
put,828.0,2026-09-30,0.0,0.003511984803535516,-0.0
put,845.0,2026-09-30,0.0,0.0028209187646927787,-0.0
put,849.0,2026-09-30,0.0,0.002381093174249832,-0.0
put,850.0,2026-09-30,1.0,0.00234269970718594,-1381.0968943972039
put,855.0,2026-09-30,0.0,0.0026071371518089324,-0.0
put,870.0,2026-09-30,0.0,0.0,-0.0
put,885.0,2026-09-30,0.0,0.001510305418752588,-0.0
put,895.0,2026-09-30,0.0,0.0013063268603179003,-0.0
put,900.0,2026-09-30,0.0,0.0021504180473024413,-0.0
call,660.0,2026-10-01,1.0,0.0012665646978631583,746.6806630855582
call,680.0,2026-10-01,5.0,0.001745891429892479,5146.296011356047
call,700.0,2026-10-01,2.0,0.0025701453384464838,3030.366832069746
call,725.0,2026-10-01,1.0,0.004976897392091494,2934.0412306653134
call,728.0,2026-10-01,1.0,0.005440711816930945,3207.4747653848995
call,734.0,2026-10-01,4.0,0.006598130392179982,15559.241102076607
call,740.0,2026-10-01,19.0,0.00816730361868416,91482.87975045222
call,742.0,2026-10-01,5.0,0.00883028101992654,26028.674643760398
call,745.0,2026-10-01,20.0,0.009978662113053772,117654.85104475463
call,748.0,2026-10-01,7.0,0.011504547567180168,47476.1080449968
call,749.0,2026-10-01,1.0,0.011998328392848971,7073.400841982637
call,750.0,2026-10-01,20.0,0.012733009171909736,150130.37624680836
call,753.0,2026-10-01,38.0,0.01530278248930895,342816.3505796843
call,754.0,2026-10-01,2.0,0.0162816456382248,19197.10849636717
call,755.0,2026-10-01,155.0,0.017321173075599983,1582765.3162889895
call,756.0,2026-10-01,1.0,0.018425155666511674,10862.222414485746
call,757.0,2026-10-01,16.0,0.01959376543518608,184818.48789464126
call,758.0,2026-10-01,50.0,0.02081093894461201,613435.9230449211
call,759.0,2026-10-01,225.0,0.02215558146467579,2938821.415577977
call,760.0,2026-10-01,367.0,0.023451828286702215,5073998.04223042
call,761.0,2026-10-01,502.0,0.024767026644865645,7329681.677012665
call,762.0,2026-10-01,159.0,0.026123093048917197,2448664.2862623543
call,763.0,2026-10-01,200.0,0.027517725614039843,3244517.021951238
call,764.0,2026-10-01,99.0,0.028818759481806604,1681969.0593562103
call,765.0,2026-10-01,388.0,0.0301837299946862,6904180.840633175
call,766.0,2026-10-01,192.0,0.03184694355535685,3604761.3031422286
call,767.0,2026-10-01,159.0,0.03284731572624,3078963.4584164065
call,768.0,2026-10-01,160.0,0.03379931938425807,3188125.897051339
call,769.0,2026-10-01,222.0,0.03435265398717727,4495942.982825627
call,770.0,2026-10-01,416.0,0.03467698406360309,8504370.550679792
call,771.0,2026-10-01,83.0,0.03466342408860166,1696121.9649794933
call,772.0,2026-10-01,349.0,0.034227408987180914,7042177.65108791
call,773.0,2026-10-01,126.0,0.03351183313834118,2489294.3619278376
call,774.0,2026-10-01,286.0,0.03250030820544817,5479753.69325347
call,775.0,2026-10-01,740.0,0.03110274775103193,13568692.59165477
call,776.0,2026-10-01,266.0,0.029450084313472836,4618231.556884187
call,777.0,2026-10-01,249.0,0.027544222465119613,4043313.258259447
call,778.0,2026-10-01,518.0,0.025485883934830617,7782819.997592827
call,779.0,2026-10-01,208.0,0.023320146510816157,2859579.2364809876
call,780.0,2026-10-01,667.0,0.02113195156410959,8309463.144740176
call,781.0,2026-10-01,378.0,0.018956623940695992,4224354.146962963
call,782.0,2026-10-01,356.0,0.01683179084458378,3532546.1905767107
call,783.0,2026-10-01,204.0,0.01488506551701364,1790145.9627365784
call,784.0,2026-10-01,869.0,0.013035667911274671,6678217.971885893
call,785.0,2026-10-01,501.0,0.011396638651531054,3366061.37020388
call,786.0,2026-10-01,308.0,0.00980421515720377,1780209.3404192128
call,787.0,2026-10-01,162.0,0.008497384863160394,811536.0722758227
call,788.0,2026-10-01,84.0,0.007355462476101488,364247.6812204519
call,789.0,2026-10-01,151.0,0.0062679022666293225,557964.6548677875
call,790.0,2026-10-01,306.0,0.005385891451635536,971597.8569455264
call,791.0,2026-10-01,43.0,0.004720720785415419,119669.72558640945
call,792.0,2026-10-01,27.0,0.0040596334241826655,64618.68400288679
call,793.0,2026-10-01,72.0,0.003485439176758421,147944.05914097474
call,794.0,2026-10-01,224.0,0.0030982899442722842,409145.3325983909
call,795.0,2026-10-01,44.0,0.002734855221421422,70940.54855566593
call,796.0,2026-10-01,360.0,0.0023947440147431085,508240.3280870762
call,797.0,2026-10-01,121.0,0.002098881573917197,149720.34894652088
call,798.0,2026-10-01,48.0,0.001957838428180636,55402.021480042786
call,799.0,2026-10-01,10.0,0.0016877515536648578,9949.838735757281
call,800.0,2026-10-01,431.0,0.0016170496351329742,410873.51392883057
call,801.0,2026-10-01,44.0,0.0013692448782786412,35517.41313810301
call,802.0,2026-10-01,23.0,0.0012924833375227746,17525.092317577444
call,804.0,2026-10-01,1.0,0.0010167692785136738,599.4182218772372
call,805.0,2026-10-01,11.0,0.0009674806761440413,6273.971044707901
call,806.0,2026-10-01,1.0,0.0009222975242586284,543.7240814760221
call,807.0,2026-10-01,1.0,0.0007511166070530664,442.8074200671846
call,808.0,2026-10-01,1.0,0.0007201806281551108,424.56966460495073
call,809.0,2026-10-01,24.0,0.0006757524487104744,9561.06774179505
call,810.0,2026-10-01,179.0,0.0006500866019483332,68601.20935995728
call,815.0,2026-10-01,26.0,0.00043647569117449283,6690.228249275617
call,820.0,2026-10-01,25.0,0.0003503664540291948,5163.807594251294
call,830.0,2026-10-01,49.0,0.00018042756147935383,5212.024938093307
call,840.0,2026-10-01,2.0,0.00014106572363832123,166.3255706441392
call,870.0,2026-10-01,142.0,3.689384260935838e-05,3088.5153243198065
call,880.0,2026-10-01,1.0,3.3564548283329185e-05,19.787381734739622
call,895.0,2026-10-01,5.0,2.6240088490368095e-05,77.34688447604525
call,900.0,2026-10-01,9.0,2.230458550310158e-05,118.34344072009978
put,550.0,2026-10-01,10.0,5.52878857958503e-06,-32.59398852367534
put,555.0,2026-10-01,12.0,5.951342854641085e-06,-42.102098406343046
put,565.0,2026-10-01,2033.0,5.858250643843304e-06,-7021.2243932107585
put,570.0,2026-10-01,2031.0,6.271109064565869e-06,-7508.648991545049
put,575.0,2026-10-01,5.0,3.87595048106016e-06,-11.424987922715145
put,590.0,2026-10-01,1.0,4.51176887103654e-06,-2.6598329939228416
put,595.0,2026-10-01,160.0,1.2433068239847776e-05,-1172.751036333784
put,615.0,2026-10-01,5.0,2.1660084198428224e-05,-63.846584620025396
put,630.0,2026-10-01,1.0,3.90896934286499e-05,-23.04463266531763
put,635.0,2026-10-01,1.0,4.2685201739178154e-05,-25.164300562239333
put,640.0,2026-10-01,27.0,4.4615720750762166e-05,-710.1648990228672
put,645.0,2026-10-01,2.0,6.371417283754599e-05,-75.12311199348883
put,650.0,2026-10-01,2.0,6.728844381731518e-05,-79.3374076070081
put,660.0,2026-10-01,105.0,9.871007577349078e-05,-6110.2405746765835
put,665.0,2026-10-01,25.0,0.00010777895731590535,-1588.479124893569
put,670.0,2026-10-01,1.0,0.00013842566051060342,-81.60638311844129
put,675.0,2026-10-01,1.0,0.00015284440026620166,-90.1066943774966
put,685.0,2026-10-01,5.0,0.00023882105617883297,-703.9635041433575
put,690.0,2026-10-01,35.0,0.0002955062367045252,-6097.365385222682
put,695.0,2026-10-01,217.0,0.000361065351918681,-46190.5437241917
put,700.0,2026-10-01,156.0,0.00044603074155530385,-41020.1190243013
put,705.0,2026-10-01,31.0,0.0005766504359149273,-10538.573866856403
put,710.0,2026-10-01,56.0,0.0007391950202740748,-24403.638609115576
put,715.0,2026-10-01,27.0,0.0009471464750308351,-15076.080123364301
put,718.0,2026-10-01,23.0,0.0011271439174529263,-15283.215369273847
put,719.0,2026-10-01,77.0,0.0012104713627784738,-54948.111393314284
put,720.0,2026-10-01,53.0,0.0012939631539552229,-40430.14555354481
put,721.0,2026-10-01,124.0,0.0013839799228632104,-101171.68904380684
put,722.0,2026-10-01,112.0,0.0014309206177011203,-94480.26210935034
put,723.0,2026-10-01,1.0,0.0015255662007561985,-899.3703869082773
put,724.0,2026-10-01,35.0,0.001627672398229461,-33584.78470750573
put,725.0,2026-10-01,602.0,0.0017379134654938384,-616782.6731281261
put,726.0,2026-10-01,82.0,0.0018482688680084521,-89348.34782050122
put,727.0,2026-10-01,14.0,0.0020134894036478905,-16618.235513710642
put,728.0,2026-10-01,10.0,0.0021446190695625067,-12643.219818367916
put,729.0,2026-10-01,154.0,0.002276222562209294,-206653.59751619527
put,730.0,2026-10-01,434.0,0.0024666047415082422,-631098.0190012535
put,731.0,2026-10-01,251.0,0.0026173960584576035,-387302.8483848901
put,732.0,2026-10-01,67.0,0.002827781359640968,-111693.56567736123
put,733.0,2026-10-01,44.0,0.0030441708017060936,-78964.01421130089
put,734.0,2026-10-01,46.0,0.003279419669906565,-88932.87951138357
put,735.0,2026-10-01,361.0,0.003521828132822223,-749519.4127415353
put,736.0,2026-10-01,107.0,0.0037856462225379145,-238798.353923043
put,737.0,2026-10-01,454.0,0.004109704284789048,-1099952.5515242629
put,738.0,2026-10-01,226.0,0.004454906692473138,-593546.265463947
put,739.0,2026-10-01,172.0,0.004815105815522051,-488249.5007061436
put,740.0,2026-10-01,672.0,0.005199588101909033,-2059898.1130830355
put,741.0,2026-10-01,333.0,0.0056022316920882505,-1099797.745187713
put,742.0,2026-10-01,75.0,0.006085324487669436,-269062.10147869115
put,743.0,2026-10-01,129.0,0.0065939670334842415,-501468.9035586224
put,744.0,2026-10-01,144.0,0.007170913462887553,-608757.7442306231
put,745.0,2026-10-01,477.0,0.0077850376395474,-2189205.956523367
put,746.0,2026-10-01,376.0,0.008475543344300264,-1878723.724073124
put,747.0,2026-10-01,275.0,0.009167866835850257,-1486306.9746030455
put,748.0,2026-10-01,561.0,0.009975630699576427,-3299215.99982293
put,749.0,2026-10-01,816.0,0.01083375189815315,-5211665.934449869
put,750.0,2026-10-01,1218.0,0.01177523025926361,-8455206.563800044
put,751.0,2026-10-01,131.0,0.012794338249950191,-988090.3304405932
put,752.0,2026-10-01,730.0,0.013876182889433502,-5971733.259797219
put,753.0,2026-10-01,419.0,0.01505804841995683,-3719548.6006707572
put,754.0,2026-10-01,545.0,0.016309518320462034,-5240167.419949034
put,755.0,2026-10-01,1325.0,0.017651082303991632,-13787792.653651478
put,756.0,2026-10-01,84.0,0.019074526621005585,-944583.9897427548
put,757.0,2026-10-01,229.0,0.02057922258799801,-2778254.1539022657
put,758.0,2026-10-01,455.0,0.022151467866123827,-5941846.553782732
put,759.0,2026-10-01,631.0,0.02379366016154088,-8851118.171263345
put,760.0,2026-10-01,1819.0,0.025511069862274707,-27357026.84318144
put,761.0,2026-10-01,179.0,0.02723425815324218,-2873929.4729876267
put,762.0,2026-10-01,172.0,0.028972798387272177,-2937828.3445078786
put,763.0,2026-10-01,804.0,0.03070333798612524,-14552887.348983355
put,764.0,2026-10-01,122.0,0.03241270154052123,-2331216.3819023725
put,765.0,2026-10-01,592.0,0.03395664340442213,-11850972.38320389
put,766.0,2026-10-01,366.0,0.035418376486711145,-7642179.969138022
put,767.0,2026-10-01,263.0,0.03661472472838465,-5677002.001601437
put,768.0,2026-10-01,120.0,0.03765904840384895,-2664146.5640844936
put,769.0,2026-10-01,187.0,0.03828361205864065,-4220481.866884011
put,770.0,2026-10-01,854.0,0.03860791576783911,-19437560.277905878
put,771.0,2026-10-01,225.0,0.03753788971520828,-4979203.744507669
put,772.0,2026-10-01,359.0,0.03701292985207912,-7833492.611488802
put,773.0,2026-10-01,593.0,0.0357659472235393,-12503510.125973014
put,774.0,2026-10-01,454.0,0.034540100146785345,-9244575.437453954
put,775.0,2026-10-01,457.0,0.03257065833253268,-8775063.387182588
put,776.0,2026-10-01,110.0,0.03055058778494684,-1981161.0493916103
put,777.0,2026-10-01,23.0,0.02825440898968944,-383108.32453124167
put,778.0,2026-10-01,3.0,0.025709075040774555,-45468.98211630702
put,779.0,2026-10-01,109.0,0.021762406629395097,-1398430.6827255026
put,780.0,2026-10-01,113.0,0.020279409413890826,-1350956.2101229005
put,781.0,2026-10-01,2.0,0.018934245649263808,-22324.694696243016
put,782.0,2026-10-01,1.0,0.017833918370550643,-10513.668995198204
put,783.0,2026-10-01,3.0,0.016805943882266618,-29722.934824317897
put,788.0,2026-10-01,1.0,0.01270885160863297,-7492.27715110001
put,789.0,2026-10-01,1.0,0.012088321487258729,-7126.454668226465
put,790.0,2026-10-01,4.0,0.011521208227871699,-27168.492580435002
put,791.0,2026-10-01,3.0,0.01103228522189969,-19511.6618805218
put,792.0,2026-10-01,0.0,0.010554081675491647,-0.0
put,793.0,2026-10-01,0.0,0.010110802656286957,-0.0
