tipo,strike,vencimiento,oi,gamma,gex_contrib
call,640.0,2026-09-24,2.0,0.0,0.0
call,650.0,2026-09-24,0.0,0.0,0.0
call,655.0,2026-09-24,0.0,0.0,0.0
call,660.0,2026-09-24,0.0,0.0,0.0
call,670.0,2026-09-24,0.0,0.0,0.0
call,675.0,2026-09-24,0.0,0.0,0.0
call,680.0,2026-09-24,0.0,0.0,0.0
call,682.0,2026-09-24,0.0,0.0,0.0
call,683.0,2026-09-24,0.0,0.0,0.0
call,684.0,2026-09-24,0.0,0.0,0.0
call,685.0,2026-09-24,1.0,0.0,0.0
call,686.0,2026-09-24,0.0,0.0,0.0
call,688.0,2026-09-24,0.0,0.0,0.0
call,690.0,2026-09-24,0.0,0.0,0.0
call,691.0,2026-09-24,0.0,0.0,0.0
call,693.0,2026-09-24,0.0,0.0,0.0
call,695.0,2026-09-24,30.0,0.0,0.0
call,696.0,2026-09-24,5.0,0.0,0.0
call,697.0,2026-09-24,3.0,0.0,0.0
call,698.0,2026-09-24,1.0,0.0,0.0
call,699.0,2026-09-24,6.0,0.0,0.0
call,700.0,2026-09-24,40.0,0.0,0.0
call,701.0,2026-09-24,12.0,0.0,0.0
call,702.0,2026-09-24,169.0,0.0,0.0
call,703.0,2026-09-24,81.0,0.0,0.0
call,704.0,2026-09-24,78.0,0.0,0.0
call,705.0,2026-09-24,93.0,0.0,0.0
call,706.0,2026-09-24,81.0,0.0,0.0
call,707.0,2026-09-24,78.0,0.0,0.0
call,708.0,2026-09-24,50.0,0.0,0.0
call,709.0,2026-09-24,69.0,0.0,0.0
call,710.0,2026-09-24,461.0,0.0,0.0
call,711.0,2026-09-24,48.0,0.0,0.0
call,712.0,2026-09-24,54.0,0.0,0.0
call,713.0,2026-09-24,103.0,0.0,0.0
call,714.0,2026-09-24,189.0,0.0,0.0
call,715.0,2026-09-24,1085.0,0.0,0.0
call,716.0,2026-09-24,240.0,0.0,0.0
call,717.0,2026-09-24,459.0,0.0,0.0
call,718.0,2026-09-24,424.0,0.0,0.0
call,719.0,2026-09-24,533.0,0.0,0.0
call,720.0,2026-09-24,1092.0,0.0,0.0
call,721.0,2026-09-24,421.0,0.0,0.0
call,722.0,2026-09-24,833.0,0.0,0.0
call,723.0,2026-09-24,269.0,0.0,0.0
call,724.0,2026-09-24,278.0,0.0,0.0
call,725.0,2026-09-24,749.0,0.0,0.0
call,726.0,2026-09-24,334.0,0.0,0.0
call,727.0,2026-09-24,254.0,0.0,0.0
call,728.0,2026-09-24,273.0,0.0,0.0
call,729.0,2026-09-24,1468.0,0.0,0.0
call,730.0,2026-09-24,2244.0,0.0,0.0
call,731.0,2026-09-24,403.0,0.0,0.0
call,732.0,2026-09-24,4521.0,0.0,0.0
call,733.0,2026-09-24,844.0,0.0,0.0
call,734.0,2026-09-24,363.0,0.0,0.0
call,735.0,2026-09-24,1382.0,0.0,0.0
call,736.0,2026-09-24,1044.0,0.0,0.0
call,737.0,2026-09-24,560.0,0.0,0.0
call,738.0,2026-09-24,718.0,0.0,0.0
call,739.0,2026-09-24,772.0,0.0,0.0
call,740.0,2026-09-24,1487.0,0.0,0.0
call,741.0,2026-09-24,336.0,0.0,0.0
call,742.0,2026-09-24,1188.0,0.0,0.0
call,743.0,2026-09-24,1147.0,0.0,0.0
call,744.0,2026-09-24,1139.0,0.0,0.0
call,745.0,2026-09-24,1134.0,0.0,0.0
call,746.0,2026-09-24,1360.0,0.0,0.0
call,747.0,2026-09-24,1290.0,0.0,0.0
call,748.0,2026-09-24,1086.0,0.0,0.0
call,749.0,2026-09-24,999.0,0.0,0.0
call,750.0,2026-09-24,4324.0,0.0,0.0
call,751.0,2026-09-24,541.0,0.0,0.0
call,752.0,2026-09-24,1556.0,0.0,0.0
call,753.0,2026-09-24,607.0,0.0,0.0
call,754.0,2026-09-24,2502.0,0.0,0.0
call,755.0,2026-09-24,4395.0,0.0,0.0
call,756.0,2026-09-24,586.0,0.0,0.0
call,757.0,2026-09-24,1305.0,0.0,0.0
call,758.0,2026-09-24,337.0,0.0,0.0
call,759.0,2026-09-24,405.0,0.0,0.0
call,760.0,2026-09-24,1684.0,0.0,0.0
call,761.0,2026-09-24,806.0,0.0,0.0
call,762.0,2026-09-24,166.0,0.0,0.0
call,763.0,2026-09-24,323.0,0.0,0.0
call,764.0,2026-09-24,15.0,0.0,0.0
call,765.0,2026-09-24,336.0,0.0,0.0
call,766.0,2026-09-24,137.0,0.0,0.0
call,767.0,2026-09-24,28.0,0.0,0.0
call,768.0,2026-09-24,61.0,0.0,0.0
call,769.0,2026-09-24,2.0,0.0,0.0
call,770.0,2026-09-24,96.0,0.0,0.0
call,771.0,2026-09-24,5.0,0.0,0.0
call,773.0,2026-09-24,50.0,0.0,0.0
call,774.0,2026-09-24,3.0,0.0,0.0
call,775.0,2026-09-24,117.0,0.0,0.0
call,780.0,2026-09-24,53.0,0.0,0.0
call,785.0,2026-09-24,191.0,0.0,0.0
call,790.0,2026-09-24,7.0,0.0,0.0
call,795.0,2026-09-24,9.0,0.0,0.0
call,800.0,2026-09-24,52.0,0.0,0.0
call,810.0,2026-09-24,10.0,0.0,0.0
call,840.0,2026-09-24,12.0,0.0,0.0
call,845.0,2026-09-24,20.0,0.0,0.0
put,500.0,2026-09-24,580.0,0.0,-0.0
put,505.0,2026-09-24,57.0,0.0,-0.0
put,510.0,2026-09-24,23.0,0.0,-0.0
put,515.0,2026-09-24,9.0,0.0,-0.0
put,520.0,2026-09-24,30.0,0.0,-0.0
put,525.0,2026-09-24,7.0,0.0,-0.0
put,530.0,2026-09-24,3.0,0.0,-0.0
put,535.0,2026-09-24,97.0,0.0,-0.0
put,540.0,2026-09-24,250.0,0.0,-0.0
put,545.0,2026-09-24,120.0,0.0,-0.0
put,550.0,2026-09-24,203.0,0.0,-0.0
put,555.0,2026-09-24,112.0,0.0,-0.0
put,560.0,2026-09-24,21.0,0.0,-0.0
put,570.0,2026-09-24,10.0,0.0,-0.0
put,575.0,2026-09-24,8.0,0.0,-0.0
put,580.0,2026-09-24,101.0,0.0,-0.0
put,585.0,2026-09-24,150.0,0.0,-0.0
put,590.0,2026-09-24,26.0,0.0,-0.0
put,595.0,2026-09-24,56.0,0.0,-0.0
put,600.0,2026-09-24,93.0,0.0,-0.0
put,605.0,2026-09-24,18.0,0.0,-0.0
put,610.0,2026-09-24,44.0,0.0,-0.0
put,615.0,2026-09-24,48.0,0.0,-0.0
put,620.0,2026-09-24,85.0,0.0,-0.0
put,625.0,2026-09-24,270.0,0.0,-0.0
put,630.0,2026-09-24,60.0,0.0,-0.0
put,635.0,2026-09-24,60.0,0.0,-0.0
put,640.0,2026-09-24,28.0,0.0,-0.0
put,645.0,2026-09-24,419.0,0.0,-0.0
put,650.0,2026-09-24,693.0,0.0,-0.0
put,655.0,2026-09-24,7832.0,0.0,-0.0
put,660.0,2026-09-24,988.0,0.0,-0.0
put,665.0,2026-09-24,982.0,0.0,-0.0
put,666.0,2026-09-24,391.0,0.0,-0.0
put,667.0,2026-09-24,152.0,0.0,-0.0
put,668.0,2026-09-24,234.0,0.0,-0.0
put,669.0,2026-09-24,675.0,0.0,-0.0
put,670.0,2026-09-24,907.0,0.0,-0.0
put,671.0,2026-09-24,1215.0,0.0,-0.0
put,672.0,2026-09-24,960.0,0.0,-0.0
put,673.0,2026-09-24,220.0,0.0,-0.0
put,674.0,2026-09-24,293.0,0.0,-0.0
put,675.0,2026-09-24,1191.0,0.0,-0.0
put,676.0,2026-09-24,243.0,0.0,-0.0
put,677.0,2026-09-24,813.0,0.0,-0.0
put,678.0,2026-09-24,302.0,0.0,-0.0
put,679.0,2026-09-24,88.0,0.0,-0.0
put,680.0,2026-09-24,1457.0,0.0,-0.0
put,681.0,2026-09-24,162.0,0.0,-0.0
put,682.0,2026-09-24,218.0,0.0,-0.0
put,683.0,2026-09-24,235.0,0.0,-0.0
put,684.0,2026-09-24,699.0,0.0,-0.0
put,685.0,2026-09-24,897.0,0.0,-0.0
put,686.0,2026-09-24,394.0,0.0,-0.0
put,687.0,2026-09-24,108.0,0.0,-0.0
put,688.0,2026-09-24,826.0,0.0,-0.0
put,689.0,2026-09-24,382.0,0.0,-0.0
put,690.0,2026-09-24,624.0,0.0,-0.0
put,691.0,2026-09-24,131.0,0.0,-0.0
put,692.0,2026-09-24,127.0,0.0,-0.0
put,693.0,2026-09-24,275.0,0.0,-0.0
put,694.0,2026-09-24,181.0,0.0,-0.0
put,695.0,2026-09-24,534.0,0.0,-0.0
put,696.0,2026-09-24,101.0,0.0,-0.0
put,697.0,2026-09-24,303.0,0.0,-0.0
put,698.0,2026-09-24,174.0,0.0,-0.0
put,699.0,2026-09-24,1056.0,0.0,-0.0
put,700.0,2026-09-24,1549.0,0.0,-0.0
put,701.0,2026-09-24,255.0,0.0,-0.0
put,702.0,2026-09-24,157.0,0.0,-0.0
put,703.0,2026-09-24,255.0,0.0,-0.0
put,704.0,2026-09-24,880.0,0.0,-0.0
put,705.0,2026-09-24,698.0,0.0,-0.0
put,706.0,2026-09-24,188.0,0.0,-0.0
put,707.0,2026-09-24,342.0,0.0,-0.0
put,708.0,2026-09-24,278.0,0.0,-0.0
put,709.0,2026-09-24,280.0,0.0,-0.0
put,710.0,2026-09-24,1369.0,0.0,-0.0
put,711.0,2026-09-24,408.0,0.0,-0.0
put,712.0,2026-09-24,730.0,0.0,-0.0
put,713.0,2026-09-24,351.0,0.0,-0.0
put,714.0,2026-09-24,300.0,0.0,-0.0
put,715.0,2026-09-24,1236.0,0.0,-0.0
put,716.0,2026-09-24,535.0,0.0,-0.0
put,717.0,2026-09-24,454.0,0.0,-0.0
put,718.0,2026-09-24,1292.0,0.0,-0.0
put,719.0,2026-09-24,921.0,0.0,-0.0
put,720.0,2026-09-24,806.0,0.0,-0.0
put,721.0,2026-09-24,761.0,0.0,-0.0
put,722.0,2026-09-24,487.0,0.0,-0.0
put,723.0,2026-09-24,647.0,0.0,-0.0
put,724.0,2026-09-24,392.0,0.0,-0.0
put,725.0,2026-09-24,765.0,0.0,-0.0
put,726.0,2026-09-24,376.0,0.0,-0.0
put,727.0,2026-09-24,1630.0,0.0,-0.0
put,728.0,2026-09-24,1678.0,0.0,-0.0
put,729.0,2026-09-24,1155.0,0.0,-0.0
put,730.0,2026-09-24,1690.0,0.0,-0.0
put,731.0,2026-09-24,772.0,0.0,-0.0
put,732.0,2026-09-24,876.0,0.0,-0.0
put,733.0,2026-09-24,509.0,0.0,-0.0
put,734.0,2026-09-24,425.0,0.0,-0.0
put,735.0,2026-09-24,1906.0,0.0,-0.0
put,736.0,2026-09-24,561.0,0.0,-0.0
put,737.0,2026-09-24,1035.0,0.0,-0.0
put,738.0,2026-09-24,884.0,0.0,-0.0
put,739.0,2026-09-24,663.0,0.0,-0.0
put,740.0,2026-09-24,1984.0,0.0,-0.0
put,741.0,2026-09-24,926.0,0.0,-0.0
put,742.0,2026-09-24,1286.0,0.0,-0.0
put,743.0,2026-09-24,824.0,0.0,-0.0
put,744.0,2026-09-24,1174.0,0.0,-0.0
put,745.0,2026-09-24,1383.0,0.0,-0.0
put,746.0,2026-09-24,1041.0,0.0,-0.0
put,747.0,2026-09-24,867.0,0.0,-0.0
put,748.0,2026-09-24,505.0,0.0,-0.0
put,749.0,2026-09-24,187.0,0.0,-0.0
put,750.0,2026-09-24,192.0,0.0,-0.0
put,751.0,2026-09-24,68.0,0.0,-0.0
put,752.0,2026-09-24,37.0,0.0,-0.0
put,753.0,2026-09-24,16.0,0.0,-0.0
put,754.0,2026-09-24,100.0,0.0,-0.0
put,755.0,2026-09-24,119.0,0.0,-0.0
put,756.0,2026-09-24,57.0,0.0,-0.0
put,757.0,2026-09-24,142.0,0.0,-0.0
put,758.0,2026-09-24,2.0,0.0,-0.0
put,759.0,2026-09-24,1.0,0.0,-0.0
put,760.0,2026-09-24,19.0,0.0,-0.0
put,762.0,2026-09-24,2.0,0.0,-0.0
put,763.0,2026-09-24,1.0,0.0,-0.0
call,490.0,2026-09-25,0.0,1.391979560225612e-05,0.0
call,500.0,2026-09-25,0.0,1.4268427292972043e-05,0.0
call,505.0,2026-09-25,0.0,2.1302379792222462e-05,0.0
call,510.0,2026-09-25,0.0,1.7120234935641215e-05,0.0
call,515.0,2026-09-25,0.0,1.851755421049088e-05,0.0
call,520.0,2026-09-25,0.0,1.6238285830752394e-05,0.0
call,525.0,2026-09-25,5.0,2.0467820387097112e-05,56.22431425175854
call,535.0,2026-09-25,0.0,2.0108999511239303e-05,0.0
call,540.0,2026-09-25,0.0,2.1648762265190408e-05,0.0
call,545.0,2026-09-25,0.0,4.379400220739216e-05,0.0
call,555.0,2026-09-25,0.0,2.137145431722242e-05,0.0
call,565.0,2026-09-25,0.0,3.505656257868055e-05,0.0
call,570.0,2026-09-25,0.0,4.466148969036084e-05,0.0
call,575.0,2026-09-25,0.0,3.5322050284609584e-05,0.0
call,580.0,2026-09-25,0.0,5.2269748149187815e-05,0.0
call,585.0,2026-09-25,0.0,2.083323837285342e-09,0.0
call,590.0,2026-09-25,0.0,6.322815641309312e-05,0.0
call,595.0,2026-09-25,0.0,5.080979149595412e-05,0.0
call,600.0,2026-09-25,0.0,5.528987980816327e-05,0.0
call,605.0,2026-09-25,0.0,8.057551504994739e-05,0.0
call,610.0,2026-09-25,0.0,9.219043421483646e-05,0.0
call,615.0,2026-09-25,0.0,0.00011016427678150062,0.0
call,620.0,2026-09-25,32.0,0.00011040786849831544,1941.0314382408824
call,625.0,2026-09-25,0.0,0.00011140929207004281,0.0
call,630.0,2026-09-25,0.0,0.00014146334248288847,0.0
call,635.0,2026-09-25,0.0,0.00016117335907045384,0.0
call,640.0,2026-09-25,0.0,8.774061441295645e-05,0.0
call,645.0,2026-09-25,0.0,0.00020779287298687562,0.0
call,650.0,2026-09-25,0.0,8.924738718626246e-05,0.0
call,655.0,2026-09-25,0.0,0.0002770631596831721,0.0
call,660.0,2026-09-25,0.0,0.00011948414558647632,0.0
call,665.0,2026-09-25,0.0,0.000271550824456482,0.0
call,667.0,2026-09-25,0.0,0.0005580802250930439,0.0
call,668.0,2026-09-25,0.0,1.1102484810642125e-05,0.0
call,669.0,2026-09-25,0.0,0.00043546883247315877,0.0
call,670.0,2026-09-25,0.0,0.0001801186032417431,0.0
call,671.0,2026-09-25,0.0,0.0006343818510079011,0.0
call,672.0,2026-09-25,0.0,0.000517888212281799,0.0
call,673.0,2026-09-25,0.0,0.0005450361681040204,0.0
call,674.0,2026-09-25,0.0,0.0007010239762073176,0.0
call,675.0,2026-09-25,0.0,0.0005306243513595958,0.0
call,676.0,2026-09-25,0.0,0.00039989479265365276,0.0
call,677.0,2026-09-25,0.0,0.00043011171484219293,0.0
call,678.0,2026-09-25,0.0,0.0005922190492168219,0.0
call,679.0,2026-09-25,0.0,0.0006421850584954208,0.0
call,680.0,2026-09-25,0.0,0.00027080157549058453,0.0
call,681.0,2026-09-25,0.0,0.0002764889270941036,0.0
call,682.0,2026-09-25,0.0,0.00029429165295482255,0.0
call,683.0,2026-09-25,11.0,0.0007169918828530583,4333.00798937962
call,684.0,2026-09-25,0.0,0.0003206879167668163,0.0
call,685.0,2026-09-25,0.0,0.0010458079480652185,0.0
call,686.0,2026-09-25,0.0,0.00033808910530071343,0.0
call,687.0,2026-09-25,0.0,0.0003674169742573092,0.0
call,688.0,2026-09-25,0.0,0.0003842381216367493,0.0
call,689.0,2026-09-25,0.0,0.0004034957667638858,0.0
call,690.0,2026-09-25,0.0,0.0005285218943918058,0.0
call,691.0,2026-09-25,0.0,0.0010125786821528857,0.0
call,692.0,2026-09-25,0.0,0.0004746325219039235,0.0
call,693.0,2026-09-25,0.0,0.0005645581270283088,0.0
call,694.0,2026-09-25,0.0,0.0011801885076404485,0.0
call,695.0,2026-09-25,0.0,0.0012366257750584867,0.0
call,696.0,2026-09-25,0.0,0.0005841247107247433,0.0
call,697.0,2026-09-25,0.0,0.0006164447379469449,0.0
call,698.0,2026-09-25,0.0,0.0008163230046223718,0.0
call,699.0,2026-09-25,0.0,0.0015290453645778923,0.0
call,700.0,2026-09-25,0.0,0.0016470887450781534,0.0
call,701.0,2026-09-25,0.0,0.0013574338404310196,0.0
call,702.0,2026-09-25,0.0,0.001421335200593734,0.0
call,703.0,2026-09-25,0.0,0.0015183912202571999,0.0
call,704.0,2026-09-25,0.0,0.0006710131227154779,0.0
call,705.0,2026-09-25,0.0,0.0006029834429145305,0.0
call,706.0,2026-09-25,0.0,0.0006265645613021399,0.0
call,707.0,2026-09-25,0.0,0.0006715369870085637,0.0
call,708.0,2026-09-25,0.0,0.0007431062537352878,0.0
call,709.0,2026-09-25,0.0,0.0008002270681635376,0.0
call,710.0,2026-09-25,0.0,0.000859505119628056,0.0
call,711.0,2026-09-25,0.0,0.0009780084168759958,0.0
call,712.0,2026-09-25,0.0,0.0010884285920177352,0.0
call,713.0,2026-09-25,0.0,0.001179522164938858,0.0
call,714.0,2026-09-25,0.0,0.0013144403506892294,0.0
call,715.0,2026-09-25,0.0,0.0014624718186430857,0.0
call,716.0,2026-09-25,0.0,0.0016691729769066084,0.0
call,717.0,2026-09-25,0.0,0.0018660729761231288,0.0
call,718.0,2026-09-25,0.0,0.002134713140091512,0.0
call,719.0,2026-09-25,0.0,0.0024396240163727634,0.0
call,720.0,2026-09-25,0.0,0.0028436875052275513,0.0
call,721.0,2026-09-25,0.0,0.003253582928183116,0.0
call,722.0,2026-09-25,0.0,0.0038439977742160156,0.0
call,723.0,2026-09-25,0.0,0.0045893619837296395,0.0
call,724.0,2026-09-25,0.0,0.0054671476953747355,0.0
call,725.0,2026-09-25,0.0,0.006210411663579608,0.0
call,726.0,2026-09-25,0.0,0.007809884771694891,0.0
call,727.0,2026-09-25,0.0,0.009277403083912181,0.0
call,728.0,2026-09-25,0.0,0.01121627831251684,0.0
call,729.0,2026-09-25,6632.0,0.013546848803417168,49358887.98685305
call,730.0,2026-09-25,0.0,0.016295543706015252,0.0
call,731.0,2026-09-25,0.0,0.019571942045740993,0.0
call,732.0,2026-09-25,0.0,0.023453186088662197,0.0
call,733.0,2026-09-25,0.0,0.027774082859585113,0.0
call,734.0,2026-09-25,0.0,0.03264661368310737,0.0
call,735.0,2026-09-25,0.0,0.0380502101328694,0.0
call,736.0,2026-09-25,0.0,0.044717922999713326,0.0
call,737.0,2026-09-25,0.0,0.0515655204768501,0.0
call,738.0,2026-09-25,0.0,0.05799253694207603,0.0
call,739.0,2026-09-25,2313.0,0.0637960865736693,81068518.62008825
call,740.0,2026-09-25,0.0,0.06812592373410763,0.0
call,741.0,2026-09-25,1773.0,0.0706675549316858,68835324.86928178
call,742.0,2026-09-25,0.0,0.0710689203595353,0.0
call,743.0,2026-09-25,0.0,0.06904312793253303,0.0
call,744.0,2026-09-25,0.0,0.06478436169277817,0.0
call,745.0,2026-09-25,0.0,0.0586251566120018,0.0
call,746.0,2026-09-25,0.0,0.05094344573973847,0.0
call,747.0,2026-09-25,0.0,0.04263218002222071,0.0
call,748.0,2026-09-25,0.0,0.03434811802602758,0.0
call,749.0,2026-09-25,0.0,0.026586989560516746,0.0
call,750.0,2026-09-25,0.0,0.019674654616650245,0.0
call,751.0,2026-09-25,0.0,0.014426481657654928,0.0
call,752.0,2026-09-25,2042.0,0.009931348430018248,11141573.311616221
call,753.0,2026-09-25,0.0,0.006828013258918015,0.0
call,754.0,2026-09-25,0.0,0.004612773131313905,0.0
call,755.0,2026-09-25,0.0,0.0030196753639982294,0.0
call,756.0,2026-09-25,0.0,0.001995439032636759,0.0
call,757.0,2026-09-25,0.0,0.0012373246257352739,0.0
call,758.0,2026-09-25,1913.0,0.0007377232540907052,775337.8916074921
call,759.0,2026-09-25,0.0,0.0005084048715794463,0.0
call,760.0,2026-09-25,0.0,0.00028788460532478885,0.0
call,761.0,2026-09-25,0.0,0.00017068077099093612,0.0
call,762.0,2026-09-25,0.0,0.00012171137309571852,0.0
call,763.0,2026-09-25,0.0,7.747451410006112e-05,0.0
call,764.0,2026-09-25,0.0,4.922904242505812e-05,0.0
call,765.0,2026-09-25,0.0,2.848721224401923e-05,0.0
call,766.0,2026-09-25,0.0,2.6219803808981355e-05,0.0
call,767.0,2026-09-25,0.0,1.3891050619377799e-05,0.0
call,768.0,2026-09-25,655.0,1.194114496099404e-05,4297.044351039554
call,769.0,2026-09-25,0.0,1.0347118997018957e-05,0.0
call,770.0,2026-09-25,0.0,9.913682784090163e-06,0.0
call,771.0,2026-09-25,0.0,3.5907174357780214e-06,0.0
call,772.0,2026-09-25,0.0,3.57170982909714e-06,0.0
call,773.0,2026-09-25,0.0,2.905649216607438e-06,0.0
call,774.0,2026-09-25,0.0,2.91074987149003e-06,0.0
call,775.0,2026-09-25,0.0,2.401444726782434e-06,0.0
call,780.0,2026-09-25,0.0,1.7576848977771678e-06,0.0
call,785.0,2026-09-25,0.0,1.1700984585644945e-06,0.0
call,790.0,2026-09-25,0.0,2.1734636066470945e-07,0.0
call,795.0,2026-09-25,0.0,6.385301899857682e-07,0.0
call,800.0,2026-09-25,0.0,1.1469300725612636e-07,0.0
call,805.0,2026-09-25,0.0,3.698707421387131e-07,0.0
call,810.0,2026-09-25,0.0,2.8086494373413693e-07,0.0
call,815.0,2026-09-25,622.0,2.486573878196675e-07,84.9717020016651
call,820.0,2026-09-25,0.0,1.796208472647736e-07,0.0
call,825.0,2026-09-25,0.0,1.668531386794026e-07,0.0
call,830.0,2026-09-25,0.0,1.2781695277099003e-07,0.0
call,835.0,2026-09-25,0.0,1.0057712126042992e-07,0.0
call,840.0,2026-09-25,0.0,2.249523439437969e-08,0.0
call,845.0,2026-09-25,0.0,8.07003001706571e-08,0.0
call,850.0,2026-09-25,0.0,1.6759744772958014e-08,0.0
call,860.0,2026-09-25,17.0,2.248012038448997e-09,0.020995688444773543
call,870.0,2026-09-25,0.0,1.3322734857150506e-09,0.0
call,880.0,2026-09-25,0.0,8.518681640960147e-10,0.0
call,885.0,2026-09-25,0.0,1.656532855476028e-09,0.0
call,890.0,2026-09-25,0.0,1.3600198368158577e-09,0.0
call,895.0,2026-09-25,0.0,1.1323722665064658e-09,0.0
call,900.0,2026-09-25,0.0,9.552674839752339e-10,0.0
call,905.0,2026-09-25,0.0,5.433944274909674e-15,0.0
call,910.0,2026-09-25,0.0,1.0706572716797432e-15,0.0
call,915.0,2026-09-25,0.0,2.0368620449919306e-16,0.0
call,920.0,2026-09-25,0.0,3.74384874674287e-17,0.0
call,925.0,2026-09-25,0.0,6.652496920364371e-18,0.0
call,930.0,2026-09-25,0.0,1.1434563270006653e-18,0.0
call,935.0,2026-09-25,0.0,2.7224761605582825e-09,0.0
call,950.0,2026-09-25,0.0,1.9467386493599353e-09,0.0
put,450.0,2026-09-25,1320.0,4.17564831304554e-11,-0.030281711021781097
put,455.0,2026-09-25,374.0,3.4974155861742266e-10,-0.07186234898088835
put,460.0,2026-09-25,469.0,3.9863441766191495e-10,-0.10271413210021894
put,465.0,2026-09-25,387.0,5.654517279025184e-11,-0.012022341667511685
put,470.0,2026-09-25,237.0,6.181596680581859e-11,-0.0080488081859547
put,475.0,2026-09-25,170.0,4.143590907987739e-10,-0.03869976773199593
put,480.0,2026-09-25,355.0,4.622456788178371e-10,-0.09015374636503169
put,485.0,2026-09-25,13204.0,7.773877006582256e-11,-0.5639307111617597
put,490.0,2026-09-25,1034.0,8.278743992424513e-11,-0.047029196335326255
put,495.0,2026-09-25,557.0,8.753156439631333e-11,-0.02678566612764029
put,500.0,2026-09-25,191.0,9.185268259560811e-11,-0.009638462843129287
put,505.0,2026-09-25,152.0,7.451828992693335e-10,-0.06222845715956229
put,510.0,2026-09-25,52.0,8.078724073614258e-10,-0.023079621619537662
put,515.0,2026-09-25,1094.0,1.0102823574612953e-10,-0.060721523105101254
put,520.0,2026-09-25,374.0,9.342982499715413e-10,-0.19197280173710385
put,525.0,2026-09-25,195.0,9.961754841534818e-10,-0.10672177173998453
put,530.0,2026-09-25,423.0,2.762638904967756e-10,-0.06420177814072264
put,535.0,2026-09-25,1405.0,2.7986882886762293e-10,-0.21602967901545067
put,540.0,2026-09-25,542.0,2.8071469400384705e-10,-0.08358858982311372
put,545.0,2026-09-25,733.0,1.6281135025686997e-10,-0.06556487210359047
put,550.0,2026-09-25,925.0,2.7315138319013714e-10,-0.13881222081889405
put,555.0,2026-09-25,1605.0,2.645063192432104e-10,-0.23323496341262132
put,560.0,2026-09-25,3839.0,2.0957794583919676e-09,-4.420244140377332
put,565.0,2026-09-25,612.0,2.136823847167858e-09,-0.7184601913201002
put,570.0,2026-09-25,1261.0,2.1584698156383063e-09,-1.4953526752227353
put,575.0,2026-09-25,739.0,2.158179033819926e-09,-0.8762226457196739
put,580.0,2026-09-25,762.0,2.133716397770701e-09,-0.8932524823912269
put,585.0,2026-09-25,2848.0,3.648541595219659e-09,-5.708760881242325
put,590.0,2026-09-25,2127.0,3.601559131372849e-09,-4.208628628608979
put,595.0,2026-09-25,2081.0,3.5092940412466338e-09,-4.012124534195303
put,600.0,2026-09-25,4074.0,1.0841039585118407e-08,-24.26467733301477
put,605.0,2026-09-25,1837.0,1.0842215717750468e-08,-10.94232893193775
put,610.0,2026-09-25,1466.0,1.4395803473238933e-08,-11.594511218808677
put,615.0,2026-09-25,799.0,1.424169556677175e-08,-6.251597990917834
put,620.0,2026-09-25,1898.0,1.90552122082914e-08,-19.86975734393068
put,625.0,2026-09-25,889.0,1.8620463656205896e-08,-9.09441603164911
put,630.0,2026-09-25,3039.0,2.5156612886007375e-08,-42.00156111371735
put,635.0,2026-09-25,15803.0,2.8881506380571544e-08,-250.75058035564103
put,640.0,2026-09-25,1775.0,3.314297926776837e-08,-32.32008305982885
put,645.0,2026-09-25,4291.0,3.801836504823629e-08,-89.62610365323864
put,650.0,2026-09-25,10503.0,9.296686702452969e-08,-536.4436720270272
put,655.0,2026-09-25,5606.0,1.10645412955842e-07,-340.77605664985646
put,660.0,2026-09-25,3078.0,1.3226713977424392e-07,-223.6676338049072
put,665.0,2026-09-25,37977.0,3.842335967258808e-07,-8016.753985735967
put,667.0,2026-09-25,891.0,4.4611560012447594e-07,-218.3773944533122
put,668.0,2026-09-25,440.0,4.177203528567109e-07,-100.9766313700678
put,669.0,2026-09-25,724.0,4.728923904998199e-07,-188.09768802291723
put,670.0,2026-09-25,5703.0,4.869626165149965e-07,-1525.743609132109
put,671.0,2026-09-25,988.0,5.01512715990197e-07,-272.22089617423956
put,672.0,2026-09-25,395.0,5.165629386980259e-07,-112.09930121058763
put,673.0,2026-09-25,543.0,5.321346226380925e-07,-158.7464097213214
put,674.0,2026-09-25,819.0,6.065015670825113e-07,-272.89676958867074
put,675.0,2026-09-25,3234.0,5.649336114207742e-07,-1003.7371435117741
put,676.0,2026-09-25,348.0,2.6824442224089233e-07,-51.285253883189256
put,677.0,2026-09-25,916.0,6.666984184764578e-07,-335.51154138839496
put,678.0,2026-09-25,940.0,6.883375295058111e-07,-355.47729604794097
put,679.0,2026-09-25,690.0,7.108298069595489e-07,-269.46184993035655
put,680.0,2026-09-25,4134.0,7.34219059613707e-07,-1667.5493372747492
put,681.0,2026-09-25,706.0,8.464884083118552e-07,-328.3282727889868
put,682.0,2026-09-25,1024.0,8.762053443105153e-07,-492.9335976628764
put,683.0,2026-09-25,2787.0,9.072427008481554e-07,-1389.1304050000854
put,684.0,2026-09-25,506.0,9.396790123422389e-07,-261.22371982727617
put,685.0,2026-09-25,2818.0,9.73598983405134e-07,-1507.313768354803
put,686.0,2026-09-25,964.0,1.1336696886474262e-06,-600.4075357333278
put,687.0,2026-09-25,742.0,1.1776631199966142e-06,-480.0732922816494
put,688.0,2026-09-25,1655.0,1.2239137637703853e-06,-1112.8365534198285
put,689.0,2026-09-25,1730.0,1.2725800183364926e-06,-1209.5219900244654
put,690.0,2026-09-25,84048.0,1.323834987692633e-06,-61128.50914927424
put,691.0,2026-09-25,1111.0,1.3778682023664208e-06,-841.0160857697323
put,692.0,2026-09-25,1108.0,2.6313515188990594e-06,-1601.7738337878523
put,693.0,2026-09-25,3149.0,2.9367680988500828e-06,-5080.715539689882
put,694.0,2026-09-25,1522.0,3.2851672018150204e-06,-2746.9749331255975
put,695.0,2026-09-25,4365.0,3.4729013272022677e-06,-8328.355556315675
put,696.0,2026-09-25,1175.0,3.67572656344119e-06,-2372.8136338900467
put,697.0,2026-09-25,1098.0,3.8952844574273235e-06,-2349.7631231369214
put,698.0,2026-09-25,1411.0,4.133444874576017e-06,-3204.2155924396247
put,699.0,2026-09-25,1264.0,7.132731641909632e-06,-4953.196122329698
put,700.0,2026-09-25,20478.0,7.653717298217606e-06,-86107.80550016327
put,701.0,2026-09-25,1761.0,8.228277301000884e-06,-7960.692360903966
put,702.0,2026-09-25,2331.0,8.863720562362791e-06,-11351.1769863911
put,703.0,2026-09-25,1800.0,9.568609026505272e-06,-9462.456160262844
put,704.0,2026-09-25,3627.0,1.4039252847043942e-05,-27975.259063603222
put,705.0,2026-09-25,32629.0,1.5304312078485763e-05,-274346.953938213
put,706.0,2026-09-25,1501.0,1.672932124107019e-05,-13795.631287828952
put,707.0,2026-09-25,2110.0,2.4747824706806395e-05,-28688.11757451763
put,708.0,2026-09-25,1734.0,2.7344938021240405e-05,-26050.052455428806
put,709.0,2026-09-25,1931.0,3.825132070487414e-05,-40579.9281812658
put,710.0,2026-09-25,9098.0,4.03189647019357e-05,-201529.1485580319
put,711.0,2026-09-25,2118.0,5.679088404259556e-05,-66082.60438574948
put,712.0,2026-09-25,1519.0,7.561061075066734e-05,-63099.088494472206
put,713.0,2026-09-25,1605.0,9.56319480002159e-05,-84325.826153133
put,714.0,2026-09-25,2031.0,0.00012461147902206277,-139043.4514896306
put,715.0,2026-09-25,6994.0,0.00015877565048222377,-610087.454203277
put,716.0,2026-09-25,2929.0,0.00022371753802913932,-359999.5589376873
put,717.0,2026-09-25,2485.0,0.0003069148499768317,-419012.38596465014
put,718.0,2026-09-25,13286.0,0.0004068790286782742,-2969902.006789303
put,719.0,2026-09-25,3726.0,0.0005739951877979891,-1174988.6395597362
put,720.0,2026-09-25,9879.0,0.0007818957309086344,-4243697.247169925
put,721.0,2026-09-25,5083.0,0.0010338271381478343,-2887025.392208583
put,722.0,2026-09-25,2071.0,0.0014013606512225357,-1594456.16229539
put,723.0,2026-09-25,1641.0,0.0019351811604430328,-1744667.9140524343
put,724.0,2026-09-25,1740.0,0.0025769718836243932,-2463437.1927933847
put,725.0,2026-09-25,7235.0,0.0034606364568465775,-13755522.124413064
put,726.0,2026-09-25,2044.0,0.004613099809733957,-5180316.664467326
put,727.0,2026-09-25,1846.0,0.006188950058924701,-6276698.104753378
put,728.0,2026-09-25,1404.0,0.00807762666388906,-6230651.353812328
put,729.0,2026-09-25,2013.0,0.010410036569874825,-11512737.319835184
put,730.0,2026-09-25,10903.0,0.013472776588440082,-80702257.94906422
put,731.0,2026-09-25,1476.0,0.01709139105128518,-13859460.78850341
put,732.0,2026-09-25,2820.0,0.02139900228606209,-33153180.575092446
put,733.0,2026-09-25,1563.0,0.02631291916313751,-22594907.887544602
put,734.0,2026-09-25,5113.0,0.0319902355215474,-89861941.17438252
put,735.0,2026-09-25,8556.0,0.038061427107133367,-178911562.92251417
put,736.0,2026-09-25,1602.0,0.0445180722594142,-39181533.311189726
put,737.0,2026-09-25,1410.0,0.05091227189774187,-39438842.08128317
put,738.0,2026-09-25,1916.0,0.056965022316248,-59963412.747682646
put,739.0,2026-09-25,880.0,0.06228661292013571,-30113411.085258313
put,740.0,2026-09-25,11114.0,0.06634806573556642,-405117705.6052243
put,741.0,2026-09-25,1995.0,0.06871005292063811,-75308803.68825217
put,742.0,2026-09-25,2114.0,0.06893460636708423,-80061707.57967816
put,743.0,2026-09-25,2230.0,0.06690703020898182,-81970801.58783962
put,744.0,2026-09-25,1813.0,0.06293317287914665,-62684475.69795932
put,745.0,2026-09-25,4299.0,0.05716754438897067,-135020449.1715734
put,746.0,2026-09-25,1674.0,0.050138314303003535,-46111340.503780775
put,747.0,2026-09-25,1813.0,0.04277954532283532,-42610490.56446972
put,748.0,2026-09-25,999.0,0.035609116735660064,-19543811.051464867
put,749.0,2026-09-25,655.0,0.02902041199145163,-10443051.970313486
put,750.0,2026-09-25,3133.0,0.023145725286572015,-39839488.58209087
put,751.0,2026-09-25,202.0,0.0186222103925853,-2066641.5852143625
put,752.0,2026-09-25,126.0,0.014784999499949538,-1023468.3687793422
put,753.0,2026-09-25,138.0,0.01173413204371731,-889636.5619082925
put,754.0,2026-09-25,54.0,0.009382690147290916,-278357.9952053802
put,755.0,2026-09-25,125.0,0.007542323601056639,-517961.81067915726
put,756.0,2026-09-25,155.0,0.006196963368455195,-527707.410295795
put,757.0,2026-09-25,17.0,0.00526411125845615,-49165.05696180579
put,758.0,2026-09-25,98.0,0.004564024661363771,-245729.11909619588
put,759.0,2026-09-25,4.0,0.003977449066964494,-8740.719511193332
put,760.0,2026-09-25,128.0,0.003545050925324658,-249295.8297197842
put,761.0,2026-09-25,3.0,0.0030523657817279654,-5030.838741326115
put,762.0,2026-09-25,3.0,0.0027418433304629,-4519.042813319258
put,763.0,2026-09-25,14.0,0.0025799452608973304,-19843.628730439454
put,764.0,2026-09-25,9.0,0.0023423249663841123,-11581.697635520268
put,765.0,2026-09-25,5.0,0.002084252389160643,-5725.361034632697
put,766.0,2026-09-25,4.0,0.0019008884843155249,-4177.333960467218
put,767.0,2026-09-25,3.0,0.0017410601623369874,-2869.5751236950136
put,768.0,2026-09-25,1.0,0.001601029270915722,-879.5931481886159
put,769.0,2026-09-25,0.0,0.0014777498492504928,-0.0
put,770.0,2026-09-25,1.0,0.001395321096247804,-766.5786616634582
put,771.0,2026-09-25,0.0,0.0012597207376345819,-0.0
put,774.0,2026-09-25,0.0,0.0010581734551456101,-0.0
put,775.0,2026-09-25,0.0,0.0009450035152863635,-0.0
put,780.0,2026-09-25,0.0,0.0,-0.0
put,785.0,2026-09-25,0.0,0.0021498416872748854,-0.0
put,790.0,2026-09-25,4.0,0.0017396773682584932,-3823.061379268247
put,795.0,2026-09-25,0.0,0.0,-0.0
put,800.0,2026-09-25,12.0,0.0011946911431846795,-7876.249331625254
put,805.0,2026-09-25,0.0,0.0010456046274910607,-0.0
put,820.0,2026-09-25,0.0,7.086213633410141e-05,-0.0
put,930.0,2026-09-25,0.0,0.0,-0.0
call,665.0,2026-09-28,0.0,0.001783442929741405,0.0
call,670.0,2026-09-28,0.0,0.001985207039205763,0.0
call,680.0,2026-09-28,2.0,0.0024958391020150463,2742.389552763179
call,684.0,2026-09-28,15.0,0.0028003548489787806,23077.400729685
call,685.0,2026-09-28,3.0,0.002888066603013329,4760.044631919695
call,690.0,2026-09-28,15.0,0.0033242008074850266,27394.354743381915
call,692.0,2026-09-28,18.0,0.003513811150750135,34748.29400732602
call,694.0,2026-09-28,1.0,0.00374222037085823,2055.947044201187
call,695.0,2026-09-28,93.0,0.0038655691836480526,197505.39565290246
call,696.0,2026-09-28,1.0,0.0039935208691096015,2194.009602090503
call,697.0,2026-09-28,37.0,0.004120157195971416,83752.55710825052
call,698.0,2026-09-28,1.0,0.004253338096858835,2336.75118555879
call,699.0,2026-09-28,31.0,0.004409064300413777,75091.4848276408
call,700.0,2026-09-28,136.0,0.004556365506936997,340439.5670057522
call,701.0,2026-09-28,71.0,0.004719411192828902,184089.37894615118
call,702.0,2026-09-28,18.0,0.004884533623845945,48303.45262403599
call,703.0,2026-09-28,16.0,0.005066186779762983,44533.183844910134
call,704.0,2026-09-28,49.0,0.005263694208828137,141699.81946817462
call,705.0,2026-09-28,1049.0,0.005465312969298855,3149728.2856058944
call,706.0,2026-09-28,35.0,0.003369138787020278,64784.26136035574
call,707.0,2026-09-28,49.0,0.0035909808372370194,96670.00326438874
call,708.0,2026-09-28,53.0,0.0037938023573638882,110467.14688242697
call,709.0,2026-09-28,110.0,0.004042831386234473,244321.04623782408
call,710.0,2026-09-28,199.0,0.004272199850252204,467075.62382739456
call,711.0,2026-09-28,35.0,0.00698602961756126,134332.47996754333
call,712.0,2026-09-28,58.0,0.007306137981547821,232808.2836784341
call,713.0,2026-09-28,64.0,0.005200003722492954,182837.88721964945
call,714.0,2026-09-28,136.0,0.007995142336776407,597375.8670452411
call,715.0,2026-09-28,748.0,0.006008956716634118,2469353.3493065564
call,716.0,2026-09-28,281.0,0.006493693545102384,1002491.4441877386
call,717.0,2026-09-28,298.0,0.006984103462721158,1143429.7671920834
call,718.0,2026-09-28,166.0,0.007542797702813911,687896.522245566
call,719.0,2026-09-28,295.0,0.008183077020427693,1326237.246040211
call,720.0,2026-09-28,1481.0,0.008869998927239877,7217074.5506208325
call,721.0,2026-09-28,191.0,0.00960946306266406,1008358.711521611
call,722.0,2026-09-28,354.0,0.010468593805735055,2035983.1370287202
call,723.0,2026-09-28,202.0,0.011392138046733459,1264268.082872496
call,724.0,2026-09-28,65.0,0.01238230256304159,442178.2068083736
call,725.0,2026-09-28,1286.0,0.013495705774603232,9534965.712876676
call,726.0,2026-09-28,100.0,0.014704607320828011,807859.7987659982
call,727.0,2026-09-28,194.0,0.016011716172620923,1706562.4232190559
call,728.0,2026-09-28,254.0,0.017417073213502006,2430476.686936962
call,729.0,2026-09-28,427.0,0.018923233833483696,4439211.088699712
call,730.0,2026-09-28,1203.0,0.02051154832881137,13556470.63354869
call,731.0,2026-09-28,393.0,0.022178109507228542,4788501.629587776
call,732.0,2026-09-28,388.0,0.023902583621561245,5095175.381157241
call,733.0,2026-09-28,189.0,0.02563861562980808,2662189.3477057386
call,734.0,2026-09-28,115.0,0.02807770048558891,1773952.3208325938
call,735.0,2026-09-28,1051.0,0.030242478119131555,17462348.72100186
call,736.0,2026-09-28,605.0,0.032079571789618865,10662683.121174263
call,737.0,2026-09-28,167.0,0.03383319859383491,3104145.679434869
call,738.0,2026-09-28,531.0,0.03534909333392853,10312295.89274518
call,739.0,2026-09-28,703.0,0.036691072831739543,14170928.317601673
call,740.0,2026-09-28,1153.0,0.03777680145521435,23929689.120430656
call,741.0,2026-09-28,375.0,0.03856260769455955,7944749.852625981
call,742.0,2026-09-28,586.0,0.0389459836046655,12538421.299944403
call,743.0,2026-09-28,511.0,0.038895718056921505,10919563.023627354
call,744.0,2026-09-28,425.0,0.038469413577530774,8982289.777730014
call,745.0,2026-09-28,1459.0,0.037695073709226645,30214989.969685704
call,746.0,2026-09-28,516.0,0.036464230480422265,10337114.342301702
call,747.0,2026-09-28,264.0,0.034911061512337645,5063485.221575953
call,748.0,2026-09-28,296.0,0.03299266353366265,5365270.896864189
call,749.0,2026-09-28,158.0,0.03082776236271616,2675972.5561858183
call,750.0,2026-09-28,2246.0,0.02847175271995781,35132294.99204023
call,751.0,2026-09-28,628.0,0.025986573816432088,8965845.140205257
call,752.0,2026-09-28,244.0,0.02342746370968011,3140491.8146133386
call,753.0,2026-09-28,525.0,0.020900163718625804,6028254.196760977
call,754.0,2026-09-28,193.0,0.01840889554778681,1951945.1430118624
call,755.0,2026-09-28,950.0,0.016072832526184945,8388775.856816685
call,756.0,2026-09-28,466.0,0.013823226257983753,3538978.293925867
call,757.0,2026-09-28,271.0,0.011791642142633058,1755602.3240949202
call,758.0,2026-09-28,114.0,0.010005080889217779,626625.4379660848
call,759.0,2026-09-28,177.0,0.008395893596589599,816437.1500200538
call,760.0,2026-09-28,1277.0,0.00696156553400931,4884053.119342163
call,761.0,2026-09-28,799.0,0.005748099748403271,2523211.4161009802
call,762.0,2026-09-28,59.0,0.004737438055647517,153560.0064504751
call,763.0,2026-09-28,63.0,0.003764238993116286,130286.76605614586
call,764.0,2026-09-28,113.0,0.0031794939192444933,197387.20972022164
call,765.0,2026-09-28,2979.0,0.002480891120565216,4060324.7796857716
call,766.0,2026-09-28,52.0,0.0021469707191888363,61335.51706381867
call,767.0,2026-09-28,79.0,0.0016514884765951442,71677.88871972401
call,768.0,2026-09-28,135.0,0.0014020877098516811,103989.98525201854
call,769.0,2026-09-28,93.0,0.001139392625909465,58215.53843511216
call,770.0,2026-09-28,322.0,0.0009238002628023071,163424.25687139432
call,771.0,2026-09-28,70.0,0.0008674601656091105,33360.31528592523
call,772.0,2026-09-28,29.0,0.0006709040827270279,10689.096510838406
call,773.0,2026-09-28,39.0,0.0006201180655726462,13286.83544187447
call,774.0,2026-09-28,88.0,0.0005750272541732061,27800.567856126327
call,775.0,2026-09-28,134.0,0.00042205609587770256,31071.165290421526
call,780.0,2026-09-28,157.0,0.0003181709787324726,27443.7075042484
call,785.0,2026-09-28,76.0,0.00025232476049287295,10535.521255267307
call,790.0,2026-09-28,411.0,0.00020796978967871783,46959.62716034357
call,795.0,2026-09-28,155.0,0.00016943929151054635,14428.739433984141
call,800.0,2026-09-28,288.0,0.00014207213546711287,22479.360997672193
call,805.0,2026-09-28,10.0,7.806234911286485e-05,428.86853262783364
call,810.0,2026-09-28,4.0,7.293290291673076e-05,160.27510014572073
call,815.0,2026-09-28,3.0,5.891123724475075e-05,97.09613978917274
call,845.0,2026-09-28,0.0,3.079026150751422e-05,0.0
call,850.0,2026-09-28,48.0,2.7491614837281024e-05,724.976707905372
call,855.0,2026-09-28,2.0,2.630982628249314e-05,28.908831772797637
put,450.0,2026-09-28,157.0,8.561900289213484e-07,-73.85032040124706
put,455.0,2026-09-28,56.0,8.185430949188217e-07,-25.18327116721001
put,460.0,2026-09-28,49.0,9.662121226166286e-07,-26.01064535875061
put,465.0,2026-09-28,108.0,9.159015004412064e-07,-54.34443671616411
put,470.0,2026-09-28,156.0,1.0797910168473178e-06,-92.54370320087943
put,475.0,2026-09-28,198.0,1.0141675428537408e-06,-110.32081544470759
put,480.0,2026-09-28,163.0,1.1944525807299962e-06,-106.96435659480454
put,485.0,2026-09-28,189.0,1.1105737500602525e-06,-115.31658533913404
put,490.0,2026-09-28,179.0,1.3069046085404967e-06,-128.522595070859
put,495.0,2026-09-28,212.0,1.201582689181757e-06,-139.94973792936702
put,500.0,2026-09-28,230.0,1.4133446480930888e-06,-178.59055230736595
put,505.0,2026-09-28,81.0,1.4627947166030054e-06,-65.09550006213318
put,510.0,2026-09-28,81.0,1.5088318173636778e-06,-67.14418677217692
put,515.0,2026-09-28,184.0,1.7737765316534725e-06,-179.3078459017015
put,520.0,2026-09-28,28.0,1.5876470484819122e-06,-24.42274963159136
put,525.0,2026-09-28,144.0,1.8664974173371016e-06,-147.66325960960853
put,530.0,2026-09-28,138.0,1.9032433717280063e-06,-144.29656010266396
put,535.0,2026-09-28,75.0,1.932201634757077e-06,-79.61525203154599
put,540.0,2026-09-28,141.0,2.2728551434752193e-06,-176.06516412622935
put,545.0,2026-09-28,241.0,2.2970298925198167e-06,-304.13489729073416
put,550.0,2026-09-28,29.0,2.3094809564015042e-06,-36.79552035601967
put,555.0,2026-09-28,125.0,2.720236893669004e-06,-186.80964931333008
put,560.0,2026-09-28,216.0,2.720560072117473e-06,-322.84542519144287
put,565.0,2026-09-28,2607.0,4.439589791725639e-06,-6358.67225812193
put,570.0,2026-09-28,723.0,5.250198980847011e-06,-2085.43484740312
put,575.0,2026-09-28,688.0,5.298009677017892e-06,-2002.551764524742
put,580.0,2026-09-28,3852.0,5.784478244194491e-06,-12241.45487795581
put,585.0,2026-09-28,1503.0,6.31376048643901e-06,-5213.503255552018
put,590.0,2026-09-28,1211.0,6.304766486465901e-06,-4194.649859521358
put,595.0,2026-09-28,1303.0,7.516922176518379e-06,-5381.050097423055
put,600.0,2026-09-28,11900.0,7.465835025187866e-06,-48809.89978770312
put,605.0,2026-09-28,2383.0,8.9442996268639e-06,-11709.893555575558
put,610.0,2026-09-28,1549.0,8.829821842369078e-06,-7514.25492074326
put,615.0,2026-09-28,1252.0,2.1343758712504138e-05,-14681.072966600777
put,620.0,2026-09-28,621.0,2.2777157836708285e-05,-7770.94252951883
put,625.0,2026-09-28,89.0,2.5411724949674013e-05,-1242.5295279939685
put,630.0,2026-09-28,63.0,2.8414539045136882e-05,-983.4759184889532
put,635.0,2026-09-28,29.0,3.185402847824143e-05,-507.51037805422595
put,640.0,2026-09-28,156.0,3.406439271420138e-05,-2919.4955318905077
put,645.0,2026-09-28,299.0,3.8361848706201645e-05,-6301.635545427984
put,650.0,2026-09-28,198.0,4.336421811468086e-05,-4717.145541921251
put,655.0,2026-09-28,105.0,6.456751828805548e-05,-3724.65420208683
put,660.0,2026-09-28,487.0,7.450474616960156e-05,-19934.046468622437
put,661.0,2026-09-28,71.0,7.67313273004218e-05,-2993.04760939499
put,662.0,2026-09-28,773.0,7.904758955917099e-05,-33569.9497265759
put,663.0,2026-09-28,6827.0,7.923094616595743e-05,-297171.6056053396
put,664.0,2026-09-28,32.0,8.165441610372093e-05,-1435.5298302941437
put,665.0,2026-09-28,209.0,8.181718991668318e-05,-9394.4943800074
put,666.0,2026-09-28,39.0,8.435406806334816e-05,-1807.395532293334
put,667.0,2026-09-28,118.0,8.699874561476437e-05,-5639.979997990905
put,668.0,2026-09-28,51.0,0.00011246450358669586,-3151.1437279021793
put,669.0,2026-09-28,250.0,0.00011628921541750435,-15972.099784122429
put,670.0,2026-09-28,506.0,0.00012029290123629858,-33440.524601518315
put,671.0,2026-09-28,144.0,0.00012448677315279232,-9848.458685921281
put,672.0,2026-09-28,448.0,0.0001288829319453177,-31721.665912540844
put,673.0,2026-09-28,66.0,0.0001334944523541897,-4840.4943689476
put,674.0,2026-09-28,9.0,0.0001344415969130994,-664.7505992679042
put,675.0,2026-09-28,533.0,0.00013935129186856517,-40805.69450936109
put,676.0,2026-09-28,237.0,0.0001445119915295734,-18816.324656793404
put,677.0,2026-09-28,14.0,0.0001778796444764066,-1368.159889743043
put,678.0,2026-09-28,65.0,0.0001798281161978611,-6421.751814677491
put,679.0,2026-09-28,17.0,0.00018701046814228065,-1746.615880106932
put,680.0,2026-09-28,430.0,0.00019459551037629466,-45970.98797816683
put,681.0,2026-09-28,38.0,0.0002026133535413341,-4229.9401942680315
put,682.0,2026-09-28,98.0,0.00020503379516541377,-11039.110786901878
put,683.0,2026-09-28,141.0,0.0002466722776573815,-19108.298729822334
put,684.0,2026-09-28,55.0,0.00025757880422781835,-7783.149595591168
put,685.0,2026-09-28,471.0,0.0002653772209649187,-68670.01062886282
put,686.0,2026-09-28,58.0,0.0002735370204502769,-8716.189649630815
put,687.0,2026-09-28,91.0,0.00032055389587528824,-16025.99553667002
put,688.0,2026-09-28,128.0,0.00033597244117756684,-23626.325897891704
put,689.0,2026-09-28,237.0,0.00034264434271095203,-44614.34048497946
put,690.0,2026-09-28,750.0,0.00040202599435009204,-165652.48826859394
put,691.0,2026-09-28,474.0,0.0004169843831096082,-108587.71575087527
put,692.0,2026-09-28,385.0,0.00043280681867445775,-91545.58186895952
put,693.0,2026-09-28,171.0,0.0004949950103631934,-46502.842195028934
put,694.0,2026-09-28,151.0,0.0005152057819144803,-42740.563255543064
put,695.0,2026-09-28,1500.0,0.0005366997781154921,-442288.0855839026
put,696.0,2026-09-28,196.0,0.0006073304582774984,-65397.88436122288
put,697.0,2026-09-28,1134.0,0.0006780078543106213,-422406.2594022526
put,698.0,2026-09-28,95.0,0.0007095991200266211,-37035.587575493846
put,699.0,2026-09-28,340.0,0.0007937266816068477,-148262.8903430531
put,700.0,2026-09-28,1264.0,0.00088239952544167,-612766.346357745
put,701.0,2026-09-28,204.0,0.0009220725834647515,-103342.2331630415
put,702.0,2026-09-28,490.0,0.001021206213576445,-274910.9852560683
put,703.0,2026-09-28,904.0,0.0011318199808154944,-562119.113526975
put,704.0,2026-09-28,690.0,0.0012404375891723507,-470225.9306362407
put,705.0,2026-09-28,2008.0,0.0013611176052571372,-1501557.3546052945
put,706.0,2026-09-28,197.0,0.001495361261532109,-161843.37169221838
put,707.0,2026-09-28,75.0,0.0017009756161485738,-70087.71752551016
put,708.0,2026-09-28,288.0,0.001851846431465876,-293008.3672516392
put,709.0,2026-09-28,1054.0,0.0020845940759979895,-1207103.9631031659
put,710.0,2026-09-28,898.0,0.0023226845682506117,-1145906.3784389147
put,711.0,2026-09-28,571.0,0.002589440672565443,-812315.3109313116
put,712.0,2026-09-28,327.0,0.002874849638176169,-516470.42021516076
put,713.0,2026-09-28,1050.0,0.003179973726788183,-1834405.7225749737
put,714.0,2026-09-28,101.0,0.0036371760510166148,-201821.88691116896
put,715.0,2026-09-28,2105.0,0.0040601381468209005,-4695431.1478162855
put,716.0,2026-09-28,2739.0,0.004576679024926574,-6886920.237548054
put,717.0,2026-09-28,685.0,0.005072384250526634,-1908909.2506072521
put,718.0,2026-09-28,922.0,0.0057219900831770865,-2898415.126014967
put,719.0,2026-09-28,1642.0,0.006425554729690628,-5796506.743899758
put,720.0,2026-09-28,2027.0,0.0072276366825269655,-8048827.646805061
put,721.0,2026-09-28,228.0,0.00807492090143877,-1011476.2494041488
put,722.0,2026-09-28,497.0,0.009043883899492284,-2469414.152752535
put,723.0,2026-09-28,3785.0,0.010070720860416367,-20941558.91114491
put,724.0,2026-09-28,116.0,0.011260668435322144,-717636.8412751713
put,725.0,2026-09-28,6337.0,0.012555901798165712,-43713359.35370522
put,726.0,2026-09-28,289.0,0.013957910602702833,-2216158.5146408817
put,727.0,2026-09-28,30290.0,0.015459757062662857,-257267249.87696376
put,728.0,2026-09-28,1242.0,0.017080321204496218,-11654675.742901547
put,729.0,2026-09-28,566.0,0.01878996471652308,-5842853.018425501
put,730.0,2026-09-28,2805.0,0.02058487522686749,-31722227.11669552
put,731.0,2026-09-28,284.0,0.022450225095729415,-3502850.5262300065
put,732.0,2026-09-28,629.0,0.02436840671257098,-8420935.591016512
put,733.0,2026-09-28,917.0,0.026317432373890417,-13258531.261423388
put,734.0,2026-09-28,342.0,0.028269671186209388,-5311649.736077434
put,735.0,2026-09-28,1294.0,0.03015099790263226,-21434755.42420318
put,736.0,2026-09-28,269.0,0.03197697738430075,-4725766.457323469
put,737.0,2026-09-28,158.0,0.033663041799415684,-2922086.1038529025
put,738.0,2026-09-28,1088.0,0.035210064399353605,-21046422.303233963
put,739.0,2026-09-28,190.0,0.036552005531855364,-3815464.150756497
put,740.0,2026-09-28,2442.0,0.037551828779611884,-50380133.88719345
put,741.0,2026-09-28,612.0,0.03824778582763819,-12859979.805877045
put,742.0,2026-09-28,205.0,0.03863373901537787,-4351141.114376035
put,743.0,2026-09-28,187.0,0.03857852232646196,-3963416.9378535724
put,744.0,2026-09-28,379.0,0.03816548730659762,-7946805.570776765
put,745.0,2026-09-28,1658.0,0.037320234719055635,-33994719.212416925
put,746.0,2026-09-28,440.0,0.036076995339965,-8720986.263824502
put,747.0,2026-09-28,578.0,0.03445712333842948,-10941816.357772715
put,748.0,2026-09-28,312.0,0.03220698128192942,-5520611.433596701
put,749.0,2026-09-28,153.0,0.03013629049389538,-2533166.8146884623
put,750.0,2026-09-28,194.0,0.028051013961796902,-2989736.1309871273
put,751.0,2026-09-28,28.0,0.025784275258989946,-396639.1016721758
put,752.0,2026-09-28,20.0,0.023548399934474794,-258746.19045936994
put,753.0,2026-09-28,5.0,0.02150555954202855,-59074.94374013342
put,754.0,2026-09-28,5.0,0.0196238828820155,-53906.05043093344
put,755.0,2026-09-28,23.0,0.017860748785632367,-225688.82929955446
put,756.0,2026-09-28,2.0,0.01626346769661289,-17870.047739409023
put,757.0,2026-09-28,9.0,0.014052874866620116,-69484.8707804391
put,759.0,2026-09-28,6.0,0.012381072871018734,-40812.396359286664
put,760.0,2026-09-28,16.0,0.01138089078529373,-100041.17962742009
put,761.0,2026-09-28,2.0,0.010500692521274797,-11537.999161834128
put,762.0,2026-09-28,9.0,0.009788676704056065,-48400.41218245174
put,764.0,2026-09-28,1.0,0.00862941895925949,-4740.936300978559
put,765.0,2026-09-28,15.0,0.010391322429947222,-85633.68742882957
put,773.0,2026-09-28,0.0,0.007433660828130934,-0.0
put,785.0,2026-09-28,0.0,0.005011213809672585,-0.0
put,790.0,2026-09-28,0.0,0.004363968762469726,-0.0
call,670.0,2026-09-29,0.0,0.002163630328539338,0.0
call,680.0,2026-09-29,0.0,0.002722948883060478,0.0
call,685.0,2026-09-29,0.0,0.003100418532271255,0.0
call,687.0,2026-09-29,0.0,0.003268428071530758,0.0
call,689.0,2026-09-29,0.0,0.0034508961694224892,0.0
call,690.0,2026-09-29,0.0,0.003550584848402389,0.0
call,693.0,2026-09-29,0.0,0.0037926829094750885,0.0
call,695.0,2026-09-29,0.0,0.004106681483339852,0.0
call,698.0,2026-09-29,0.0,0.004487222193206644,0.0
call,699.0,2026-09-29,0.0,0.0046650945323818555,0.0
call,700.0,2026-09-29,0.0,0.00481997832063756,0.0
call,701.0,2026-09-29,0.0,0.004982921725553064,0.0
call,702.0,2026-09-29,31.0,0.00515449541500248,87787.04230135142
call,703.0,2026-09-29,0.0,0.005333787979265641,0.0
call,704.0,2026-09-29,0.0,0.005535293107972598,0.0
call,705.0,2026-09-29,0.0,0.005735233249455701,0.0
call,706.0,2026-09-29,0.0,0.005952015770424276,0.0
call,707.0,2026-09-29,0.0,0.0061279290710452745,0.0
call,708.0,2026-09-29,0.0,0.006369768967128155,0.0
call,709.0,2026-09-29,0.0,0.006648502747387873,0.0
call,710.0,2026-09-29,0.0,0.006955606894019754,0.0
call,711.0,2026-09-29,0.0,0.005008892771234149,0.0
call,712.0,2026-09-29,0.0,0.005355450791087172,0.0
call,713.0,2026-09-29,0.0,0.0057481154420588165,0.0
call,714.0,2026-09-29,0.0,0.00616732528967796,0.0
call,715.0,2026-09-29,0.0,0.0066155803030763,0.0
call,716.0,2026-09-29,0.0,0.007119598564078571,0.0
call,717.0,2026-09-29,0.0,0.007653070207254276,0.0
call,718.0,2026-09-29,0.0,0.00825198290015883,0.0
call,719.0,2026-09-29,0.0,0.008887117941548431,0.0
call,720.0,2026-09-29,0.0,0.00958238126011792,0.0
call,721.0,2026-09-29,0.0,0.010342854345948735,0.0
call,722.0,2026-09-29,0.0,0.011965601636078859,0.0
call,723.0,2026-09-29,0.0,0.01204015944903254,0.0
call,724.0,2026-09-29,0.0,0.012977118758380549,0.0
call,725.0,2026-09-29,678.0,0.013922749256933565,5186056.706999627
call,726.0,2026-09-29,0.0,0.015053992337326867,0.0
call,727.0,2026-09-29,0.0,0.016177705420795878,0.0
call,728.0,2026-09-29,0.0,0.01735179232403768,0.0
call,729.0,2026-09-29,139.0,0.016775607016069883,1281078.1080625968
call,730.0,2026-09-29,0.0,0.017902135567756668,0.0
call,731.0,2026-09-29,0.0,0.02110277522293842,0.0
call,732.0,2026-09-29,0.0,0.0225773640411713,0.0
call,733.0,2026-09-29,0.0,0.023905571078693878,0.0
call,734.0,2026-09-29,0.0,0.025394510667093445,0.0
call,735.0,2026-09-29,0.0,0.026621125549213774,0.0
call,736.0,2026-09-29,0.0,0.02790109309054151,0.0
call,737.0,2026-09-29,0.0,0.02903172343546677,0.0
call,738.0,2026-09-29,0.0,0.030065718489182772,0.0
call,739.0,2026-09-29,0.0,0.030951831168645434,0.0
call,740.0,2026-09-29,0.0,0.031656553926539266,0.0
call,741.0,2026-09-29,0.0,0.032161684698317684,0.0
call,742.0,2026-09-29,0.0,0.03244730817019763,0.0
call,743.0,2026-09-29,0.0,0.03256153528597395,0.0
call,744.0,2026-09-29,0.0,0.03238929017421211,0.0
call,745.0,2026-09-29,475.0,0.031976232362711327,8344560.474927783
call,746.0,2026-09-29,0.0,0.03138600622549616,0.0
call,747.0,2026-09-29,0.0,0.030507136677198454,0.0
call,748.0,2026-09-29,0.0,0.029414386826001664,0.0
call,749.0,2026-09-29,0.0,0.028161122842861996,0.0
call,750.0,2026-09-29,0.0,0.026723202957201906,0.0
call,751.0,2026-09-29,0.0,0.02513854655327919,0.0
call,752.0,2026-09-29,0.0,0.023451817457569663,0.0
call,753.0,2026-09-29,0.0,0.02167717853399034,0.0
call,754.0,2026-09-29,0.0,0.019873713085534046,0.0
call,755.0,2026-09-29,0.0,0.018054852512065407,0.0
call,756.0,2026-09-29,0.0,0.01628294859140072,0.0
call,757.0,2026-09-29,112.0,0.014538085892887288,894556.5885668618
call,758.0,2026-09-29,0.0,0.012884951279647247,0.0
call,759.0,2026-09-29,0.0,0.011344005409643247,0.0
call,760.0,2026-09-29,0.0,0.009909966850621633,0.0
call,761.0,2026-09-29,0.0,0.00857505994792908,0.0
call,762.0,2026-09-29,0.0,0.007342939957876263,0.0
call,763.0,2026-09-29,0.0,0.0062309725597962835,0.0
call,764.0,2026-09-29,0.0,0.005267351991878547,0.0
call,765.0,2026-09-29,0.0,0.004430994367323084,0.0
call,766.0,2026-09-29,0.0,0.0037752241403372316,0.0
call,767.0,2026-09-29,0.0,0.0031368081582735558,0.0
call,768.0,2026-09-29,2.0,0.0026711452722803074,2935.013271769035
call,769.0,2026-09-29,0.0,0.00223229077828149,0.0
call,770.0,2026-09-29,0.0,0.0018241729377323924,0.0
call,771.0,2026-09-29,0.0,0.0015700034159685176,0.0
call,772.0,2026-09-29,0.0,0.001324761422573694,0.0
call,773.0,2026-09-29,0.0,0.0011162839150341075,0.0
call,774.0,2026-09-29,0.0,0.0009185600676895323,0.0
call,775.0,2026-09-29,0.0,0.0008652829945181373,0.0
call,780.0,2026-09-29,0.0,0.0005454259168911319,0.0
call,785.0,2026-09-29,0.0,0.00034753812477263243,0.0
call,790.0,2026-09-29,0.0,0.00027930459603825523,0.0
call,795.0,2026-09-29,0.0,0.00023188623156803628,0.0
call,800.0,2026-09-29,0.0,0.00019762085485972592,0.0
call,805.0,2026-09-29,0.0,0.00016570316697019308,0.0
call,810.0,2026-09-29,0.0,0.0001471348327031656,0.0
call,815.0,2026-09-29,0.0,0.00012375122185760348,0.0
call,820.0,2026-09-29,0.0,7.39616983934821e-05,0.0
call,825.0,2026-09-29,100.0,6.998896424096555e-05,3845.139780608792
call,830.0,2026-09-29,0.0,6.225284728305119e-05,0.0
call,835.0,2026-09-29,0.0,5.602978019393734e-05,0.0
call,840.0,2026-09-29,0.0,4.772606471156866e-05,0.0
call,845.0,2026-09-29,0.0,4.67739349178093e-05,0.0
call,850.0,2026-09-29,0.0,4.071859967895518e-05,0.0
call,855.0,2026-09-29,0.0,3.803848259791137e-05,0.0
call,860.0,2026-09-29,0.0,3.576632947788469e-05,0.0
call,865.0,2026-09-29,65.0,3.1971925770246266e-05,1141.7334323177158
call,870.0,2026-09-29,0.0,3.045231373140963e-05,0.0
call,875.0,2026-09-29,0.0,2.914090291195979e-05,0.0
call,880.0,2026-09-29,0.0,2.6584188021811992e-05,0.0
call,885.0,2026-09-29,0.0,2.4405190150146708e-05,0.0
call,890.0,2026-09-29,0.0,2.2536337623365316e-05,0.0
call,895.0,2026-09-29,0.0,2.0924142394578342e-05,0.0
call,900.0,2026-09-29,0.0,2.150594991219073e-05,0.0
put,450.0,2026-09-29,10.0,1.3060213581194205e-06,-7.175180734408346
put,460.0,2026-09-29,40.0,1.3923056477274806e-06,-30.596879899015185
put,465.0,2026-09-29,10.0,1.6003292604159383e-06,-8.792085678124447
put,470.0,2026-09-29,144.0,1.642569781004719e-06,-129.94778655811663
put,475.0,2026-09-29,293.0,1.680069600549822e-06,-270.4440678499061
put,480.0,2026-09-29,172.0,1.926407701841449e-06,-182.0368108825379
put,485.0,2026-09-29,117.0,1.961558877401417e-06,-126.08684439557295
put,490.0,2026-09-29,76.0,1.9894389955415845e-06,-83.06666687266319
put,495.0,2026-09-29,113.0,2.2765077907153013e-06,-141.32863031938564
put,500.0,2026-09-29,218.0,2.2975321061451525e-06,-275.1697240234113
put,505.0,2026-09-29,158.0,2.3082184820855555e-06,-200.3625575890684
put,510.0,2026-09-29,270.0,2.6367825552875336e-06,-391.12956644650467
put,515.0,2026-09-29,119.0,2.6342845692260673e-06,-172.2234222996128
put,520.0,2026-09-29,87.0,2.617703636475603e-06,-125.11872051810874
put,525.0,2026-09-29,84.0,4.475784108315433e-06,-206.55275009700352
put,530.0,2026-09-29,68.0,4.485656093344632e-06,-167.57817341804363
put,535.0,2026-09-29,147.0,5.124302233986926e-06,-413.8420694567475
put,540.0,2026-09-29,226.0,5.1079919271625694e-06,-634.2218600723833
put,545.0,2026-09-29,109.0,5.836148089078874e-06,-349.490493459536
put,550.0,2026-09-29,380.0,5.783251435155242e-06,-1207.3640395143502
put,555.0,2026-09-29,303.0,6.610431856589315e-06,-1100.4112629260762
put,560.0,2026-09-29,349.0,6.507462774467922e-06,-1247.7273217927968
put,565.0,2026-09-29,149.0,7.443320386030039e-06,-609.30612938102
put,570.0,2026-09-29,69.0,7.879414274814479e-06,-298.6933758364459
put,575.0,2026-09-29,280.0,1.1393177033884669e-05,-1752.6106351724943
put,580.0,2026-09-29,208.0,1.2131297800975102e-05,-1386.287044583637
put,585.0,2026-09-29,43.0,1.2901906270222229e-05,-304.7929404418949
put,590.0,2026-09-29,220.0,1.3704164722620584e-05,-1656.3717568071504
put,595.0,2026-09-29,216.0,1.4536622294756894e-05,-1725.0425946101116
put,600.0,2026-09-29,245.0,1.6795239779006903e-05,-2260.65796206256
put,605.0,2026-09-29,231.0,2.6028464410580513e-05,-3303.262541361693
put,610.0,2026-09-29,143.0,2.795406748871007e-05,-2196.158155472172
put,615.0,2026-09-29,93.0,3.131274525733769e-05,-1599.8772359812192
put,620.0,2026-09-29,129.0,3.366336762613749e-05,-2385.7769361481055
put,625.0,2026-09-29,47.0,3.618470118869264e-05,-934.3410162521571
put,630.0,2026-09-29,706.0,3.888816061062772e-05,-15083.588245102363
put,635.0,2026-09-29,916.0,5.800182914092455e-05,-29189.034440622567
put,640.0,2026-09-29,370.0,6.3234622026536e-05,-12854.027263023958
put,645.0,2026-09-29,54.0,7.24240904955906e-05,-2148.618820237437
put,650.0,2026-09-29,250.0,9.619043002752987e-05,-13211.570317689953
put,655.0,2026-09-29,241.0,0.00010923071016716056,-14462.533084948405
put,660.0,2026-09-29,4023.0,0.00014428143463891713,-318891.5784751308
put,661.0,2026-09-29,4127.0,0.00014773500768103216,-334965.78902181116
put,662.0,2026-09-29,313.0,0.0001513033663449391,-26018.0949302646
put,663.0,2026-09-29,42.0,0.00017847959065142195,-4118.32311312194
put,664.0,2026-09-29,138.0,0.0001831069334603848,-13882.460342048598
put,665.0,2026-09-29,506.0,0.0001879034073930434,-52235.73837738733
put,666.0,2026-09-29,52.0,0.00019287764179072822,-5510.205511211628
put,667.0,2026-09-29,62.0,0.0001980388405552354,-6745.662833468513
put,668.0,2026-09-29,81.0,0.0002284855147117144,-10167.782716397036
put,669.0,2026-09-29,2879.0,0.0002349813651759212,-371670.1244892575
put,670.0,2026-09-29,4297.0,0.00024174174836045413,-570689.1004707279
put,671.0,2026-09-29,35.0,0.00024878162228724523,-4783.754739342293
put,672.0,2026-09-29,130.0,0.00028076586745495697,-20052.578617289822
put,673.0,2026-09-29,58.0,0.00028938129659167,-9221.063598620132
put,674.0,2026-09-29,65.0,0.00029837884757736547,-10655.257622690457
put,675.0,2026-09-29,731.0,0.00030778192276443553,-123606.99573540488
put,676.0,2026-09-29,26.0,0.00034786215927071977,-4968.932555788948
put,677.0,2026-09-29,50.0,0.00035539289662955267,-9762.50598502377
put,678.0,2026-09-29,61.0,0.0003631660201047326,-12170.757445388324
put,679.0,2026-09-29,14.0,0.0004109065205610554,-3160.4842786835998
put,680.0,2026-09-29,515.0,0.0004206928706347075,-119029.5925317952
put,681.0,2026-09-29,102.0,0.0004357213219490772,-24416.957653036832
put,682.0,2026-09-29,85.0,0.0004827077811653405,-22541.654603878036
put,683.0,2026-09-29,136.0,0.0004952732393506,-37005.50513284052
put,684.0,2026-09-29,91.0,0.0005489971341229058,-27446.946470809005
put,685.0,2026-09-29,180.0,0.0005643039503777036,-55804.363797507656
put,686.0,2026-09-29,57.0,0.0006192688176952425,-19392.62652664868
put,687.0,2026-09-29,43.0,0.0006376503754644315,-15063.768782776531
put,688.0,2026-09-29,32.0,0.000700473753148214,-12314.716288033507
put,689.0,2026-09-29,60.0,0.0007226042776616914,-23819.593421404683
put,690.0,2026-09-29,721.0,0.0007864135652990935,-311507.7289922268
put,691.0,2026-09-29,67.0,0.0008559946465650516,-31508.54994266628
put,692.0,2026-09-29,121.0,0.0008857919306028178,-58884.31883849186
put,693.0,2026-09-29,57.0,0.0009606859736449881,-30084.22798619823
put,694.0,2026-09-29,46.0,0.0010371231223868964,-26210.22289046321
put,695.0,2026-09-29,780.0,0.0011202496578205188,-480056.0952383253
put,696.0,2026-09-29,33.0,0.0012048836004470763,-21844.47435960563
put,697.0,2026-09-29,181.0,0.0012968258225978964,-128956.36718813675
put,698.0,2026-09-29,122.0,0.0013902591396492453,-93183.31472765846
put,699.0,2026-09-29,43.0,0.001491705556748282,-35239.85629659915
put,700.0,2026-09-29,2182.0,0.00160195339062807,-1920380.060023607
put,701.0,2026-09-29,116.0,0.001714150748678735,-109241.98113254235
put,702.0,2026-09-29,216.0,0.001876997552167332,-222740.92714339955
put,703.0,2026-09-29,58.0,0.0020120518521310523,-64113.5357078773
put,704.0,2026-09-29,216.0,0.0021957325002379853,-260564.80057588415
put,705.0,2026-09-29,1397.0,0.002387148304076085,-1832138.8023167762
put,706.0,2026-09-29,34.0,0.002596557242235789,-48501.97058963827
put,707.0,2026-09-29,901.0,0.0028149636438982743,-1393413.9265756684
put,708.0,2026-09-29,1944.0,0.0030482548015942144,-3255592.901030575
put,709.0,2026-09-29,93.0,0.0033392268837561406,-170612.73399035656
put,710.0,2026-09-29,606.0,0.0036516824899510223,-1215760.97530346
put,711.0,2026-09-29,99.0,0.00398079431504425,-216514.75540105722
put,712.0,2026-09-29,454.0,0.0043276074198043005,-1079409.5974767131
put,713.0,2026-09-29,107.0,0.004749558240568909,-279202.66596646124
put,714.0,2026-09-29,112.0,0.005145527295628474,-316614.26255619136
put,715.0,2026-09-29,443.0,0.005654552514237998,-1376209.4434569604
put,716.0,2026-09-29,99.0,0.006194321495087931,-336908.1387390311
put,717.0,2026-09-29,463.0,0.006759738580160551,-1719465.4645026738
put,718.0,2026-09-29,445.0,0.0074080029591708585,-1811105.3929761995
put,719.0,2026-09-29,682.0,0.008119694692022165,-3042332.2417195025
put,720.0,2026-09-29,583.0,0.008875191067567787,-2842685.615143746
put,721.0,2026-09-29,152.0,0.009704030356791793,-810360.5677543236
put,722.0,2026-09-29,188.0,0.01060411918403496,-1095254.4218291158
put,723.0,2026-09-29,628.0,0.011551280040673524,-3985403.7222226723
put,724.0,2026-09-29,113.0,0.01259124746138846,-781681.3827688836
put,725.0,2026-09-29,3233.0,0.013712086203512708,-24355205.88041052
put,726.0,2026-09-29,67.0,0.014877745787175366,-547639.1681310392
put,727.0,2026-09-29,241.0,0.016108740693431396,-2132854.3491027122
put,728.0,2026-09-29,73.0,0.017388429261261832,-697374.0433784126
put,729.0,2026-09-29,391.0,0.0187149804049881,-4020209.6321505085
put,730.0,2026-09-29,245.0,0.02006695609899896,-2701034.6191225518
put,731.0,2026-09-29,49.0,0.02145882924496954,-577676.4586572605
put,732.0,2026-09-29,176.0,0.02284124360275738,-2208589.377593213
put,733.0,2026-09-29,262.0,0.02420631058736917,-3484275.2687027045
put,734.0,2026-09-29,426.0,0.02557312769913806,-5985163.407246618
put,735.0,2026-09-29,530.0,0.02686122940871434,-7821396.833642176
put,736.0,2026-09-29,125.0,0.028095760708037106,-1929449.3127694083
put,737.0,2026-09-29,167.0,0.029241018014028987,-2682819.937310482
put,738.0,2026-09-29,237.0,0.03025066489904307,-3938817.296748515
put,739.0,2026-09-29,626.0,0.031145867959221054,-10711673.756168287
put,740.0,2026-09-29,383.0,0.03185573391996729,-6702995.916245923
put,741.0,2026-09-29,106.0,0.03236874934217083,-1885013.0034009463
put,742.0,2026-09-29,224.0,0.03266524401005459,-4019911.4878850435
put,743.0,2026-09-29,582.0,0.032730112849989695,-10465333.027765375
put,744.0,2026-09-29,172.0,0.032553772445770374,-3076184.191206897
put,745.0,2026-09-29,363.0,0.03213290275337902,-6408245.635005576
put,746.0,2026-09-29,196.0,0.03143446822562555,-3384891.519859676
put,747.0,2026-09-29,367.0,0.030501695837374644,-6149964.599362275
put,748.0,2026-09-29,41.0,0.029404956244434205,-662349.1142322951
put,749.0,2026-09-29,26.0,0.02765317188053569,-395003.4298530471
put,750.0,2026-09-29,76.0,0.02639932814522464,-1102272.6515444233
put,751.0,2026-09-29,11.0,0.02480725994556421,-149918.0926721537
put,752.0,2026-09-29,24.0,0.023175400194686186,-305577.27214242506
put,753.0,2026-09-29,5.0,0.02160059647620813,-59336.00653782168
put,754.0,2026-09-29,20.0,0.01887736229605894,-207421.54853909116
put,755.0,2026-09-29,32.0,0.01795044384290095,-315578.73821266496
put,756.0,2026-09-29,22.0,0.01685308510451828,-203697.01289502095
put,757.0,2026-09-29,8.0,0.01598555567825894,-70258.72918134472
put,758.0,2026-09-29,2.0,0.01511734994856184,-16610.711215690793
put,759.0,2026-09-29,1.0,0.014293977399257314,-7853.001071965722
put,760.0,2026-09-29,1.0,0.013509783387365245,-7422.170922735356
put,761.0,2026-09-29,20.0,0.012840148809600854,-141085.5768825184
put,764.0,2026-09-29,1.0,0.01105500288522438,-6073.533424836808
put,775.0,2026-09-29,0.0,0.007102166351949938,-0.0
call,405.0,2026-09-30,1.0,1.5610756464793354e-05,8.576429346991107
call,410.0,2026-09-30,1.0,0.0,0.0
call,415.0,2026-09-30,0.0,0.0,0.0
call,420.0,2026-09-30,2.0,1.828047872404604e-05,20.086308380960364
call,425.0,2026-09-30,21.0,0.0,0.0
call,430.0,2026-09-30,14.0,0.0,0.0
call,435.0,2026-09-30,13.0,0.0,0.0
call,440.0,2026-09-30,16.0,0.0,0.0
call,445.0,2026-09-30,0.0,2.5795074726252797e-05,0.0
call,450.0,2026-09-30,47.0,0.0,0.0
call,455.0,2026-09-30,0.0,2.020564645565573e-05,0.0
call,460.0,2026-09-30,0.0,0.0,0.0
call,465.0,2026-09-30,0.0,0.0,0.0
call,470.0,2026-09-30,0.0,0.0,0.0
call,475.0,2026-09-30,41.0,0.0,0.0
call,480.0,2026-09-30,0.0,3.9639429367744346e-05,0.0
call,485.0,2026-09-30,10.0,0.0,0.0
call,490.0,2026-09-30,0.0,0.00018147791318878334,0.0
call,495.0,2026-09-30,16.0,0.0,0.0
call,500.0,2026-09-30,3.0,4.995196924742512e-05,82.32968132450175
call,505.0,2026-09-30,0.0,5.4582417846775044e-05,0.0
call,510.0,2026-09-30,0.0,5.726454652561327e-05,0.0
call,515.0,2026-09-30,0.0,0.0,0.0
call,520.0,2026-09-30,1.0,6.199958570158202e-05,34.06209478134838
call,525.0,2026-09-30,28.0,6.34675710952011e-05,976.3206501504611
call,530.0,2026-09-30,1.0,0.00029888716118173784,164.20630392762007
call,535.0,2026-09-30,0.0,0.0,0.0
call,540.0,2026-09-30,1.0,2.238300046857487e-06,1.229704803385659
call,545.0,2026-09-30,2.0,8.84597918028706e-05,97.19825636353691
call,550.0,2026-09-30,31.0,9.868970518635563e-05,1680.8002774988083
call,555.0,2026-09-30,0.0,0.00010570334205001947,0.0
call,560.0,2026-09-30,0.0,0.00011238311275900873,0.0
call,565.0,2026-09-30,45.0,0.0,0.0
call,570.0,2026-09-30,2.0,0.00012607433523749938,138.5285371752288
call,575.0,2026-09-30,4.0,2.7218024339069113e-05,59.81349161013912
call,580.0,2026-09-30,13.0,3.271100366955683e-05,233.62525462233262
call,585.0,2026-09-30,2.0,3.814978855155815e-05,41.91839989983724
call,590.0,2026-09-30,7.0,7.996655645307096e-05,307.53107074732145
call,595.0,2026-09-30,159.0,5.2180178209050854e-05,4558.11468358278
call,600.0,2026-09-30,63.0,6.50682150202788e-05,2252.1224936942176
call,605.0,2026-09-30,48.0,6.980565433397871e-05,1840.8330602537076
call,610.0,2026-09-30,108.0,0.0007457158842806374,44246.580731667746
call,615.0,2026-09-30,106.0,0.00010653946370287394,6204.387828900029
call,620.0,2026-09-30,135.0,0.0008604752905804236,63819.696976482504
call,625.0,2026-09-30,75.0,0.0009306439100139418,38346.64463302697
call,630.0,2026-09-30,262.0,0.0010018287319663584,144204.01083705793
call,635.0,2026-09-30,313.0,0.0011147650668974498,191694.76553058042
call,640.0,2026-09-30,560.0,0.0011780195438734892,362429.123131034
call,645.0,2026-09-30,95.0,0.0012830613355653104,66965.88132222662
call,650.0,2026-09-30,798.0,0.0014060053869523012,616413.9258801929
call,651.0,2026-09-30,4.0,0.0,0.0
call,652.0,2026-09-30,0.0,0.0,0.0
call,653.0,2026-09-30,13.0,0.0,0.0
call,654.0,2026-09-30,9.0,0.0016801767456146647,8307.685449803814
call,655.0,2026-09-30,219.0,0.0017101087319623762,205755.00347501592
call,656.0,2026-09-30,12.0,0.001740853589078568,11476.938617697564
call,657.0,2026-09-30,5.0,0.0,0.0
call,658.0,2026-09-30,5.0,0.001797687658789946,4938.178757813938
call,659.0,2026-09-30,42.0,0.0,0.0
call,660.0,2026-09-30,1333.0,0.0018760098244465441,1373876.906262317
call,661.0,2026-09-30,1.0,0.001734904500202691,953.1431678741687
call,662.0,2026-09-30,58.0,0.0018189075862696095,57959.041342851946
call,663.0,2026-09-30,5.0,0.001808633093023382,4968.245444071875
call,664.0,2026-09-30,56.0,0.0,0.0
call,665.0,2026-09-30,715.0,0.0020710790479197736,813551.9354300658
call,666.0,2026-09-30,3.0,0.0019302918439845953,3181.4624082458654
call,667.0,2026-09-30,9.0,0.0019696529252498317,9739.00929826006
call,668.0,2026-09-30,23.0,0.0,0.0
call,669.0,2026-09-30,11.0,0.0021076563215902335,12737.231618267253
call,670.0,2026-09-30,308.0,0.002276712981993077,385249.0408048561
call,671.0,2026-09-30,11.0,0.0022028649652864837,13312.607467924394
call,672.0,2026-09-30,76.0,0.002204215872061303,92034.42074387844
call,673.0,2026-09-30,52.0,0.002303675218913389,65812.31380395488
call,674.0,2026-09-30,28.0,0.002359670295720631,36298.77112837695
call,675.0,2026-09-30,415.0,0.002412615778086638,550071.0971744072
call,676.0,2026-09-30,21.0,0.002613524304340801,30152.852519406286
call,677.0,2026-09-30,50.0,0.002533661791984887,69598.713544523
call,678.0,2026-09-30,87.0,0.002241871178383358,107155.00773166485
call,679.0,2026-09-30,57.0,0.0026583120180111515,83246.00025632467
call,680.0,2026-09-30,692.0,0.0028906412877821577,1098962.4707184983
call,681.0,2026-09-30,144.0,0.002797035654853592,221280.45729054624
call,682.0,2026-09-30,100.0,0.0028317958621364766,155576.6832407423
call,683.0,2026-09-30,33.0,0.0028951569441465178,52489.038451495384
call,684.0,2026-09-30,103.0,0.0029684631872814813,167977.63322904214
call,685.0,2026-09-30,433.0,0.003101076145211768,737705.280633903
call,686.0,2026-09-30,143.0,0.003186130032220665,250312.2473136417
call,687.0,2026-09-30,285.0,0.0032280878155892573,505443.67497731146
call,688.0,2026-09-30,35.0,0.0033663275989933516,64730.20578372852
call,689.0,2026-09-30,147.0,0.0035890010519134463,289850.1210087082
call,690.0,2026-09-30,2884.0,0.003560157343287147,5640881.987790183
call,691.0,2026-09-30,77.0,0.0034536317902396597,146099.69998482583
call,692.0,2026-09-30,63.0,0.003778293320243704,130773.21041684532
call,693.0,2026-09-30,44.0,0.0038904769355231393,94045.51458540687
call,694.0,2026-09-30,136.0,0.0040135209688524345,299879.66038377857
call,695.0,2026-09-30,190.0,0.004136411425741442,431777.3889025491
call,696.0,2026-09-30,55.0,0.004269516068449376,129010.15811895324
call,697.0,2026-09-30,179.0,0.00441039365339546,433723.4974260686
call,698.0,2026-09-30,60.0,0.0045505085842752705,150000.86172863116
call,699.0,2026-09-30,85.0,0.004702904854667253,219617.874426803
call,700.0,2026-09-30,2682.0,0.004659438572519199,6865543.604262521
call,701.0,2026-09-30,287.0,0.005036186535914316,794083.6790947415
call,702.0,2026-09-30,190.0,0.005212000614417007,544052.2676846813
call,703.0,2026-09-30,158.0,0.005401520086137272,468873.4570521796
call,704.0,2026-09-30,364.0,0.004695355240206825,938971.4876765681
call,705.0,2026-09-30,1405.0,0.005886369919340742,4543666.436117693
call,706.0,2026-09-30,422.0,0.004608901833493497,1068544.158972539
call,707.0,2026-09-30,306.0,0.0048801111697622706,820415.2179735882
call,708.0,2026-09-30,518.0,0.005144912146519671,1464165.9019842742
call,709.0,2026-09-30,359.0,0.0054402011387218695,1072980.8506690315
call,710.0,2026-09-30,10712.0,0.0057554733944688635,33871480.54185666
call,711.0,2026-09-30,441.0,0.006104563700542103,1479025.9197869147
call,712.0,2026-09-30,351.0,0.0064725157750149045,1248138.5577169002
call,713.0,2026-09-30,380.0,0.0068588754096190335,1431921.059275367
call,714.0,2026-09-30,697.0,0.007283532336695652,2789057.0411679577
call,715.0,2026-09-30,10696.0,0.008692812398682878,51081573.54368069
call,716.0,2026-09-30,3584.0,0.008213247749554018,16172065.438661573
call,717.0,2026-09-30,935.0,0.008734211439209171,4486605.430868354
call,718.0,2026-09-30,569.0,0.009279760618513475,2900892.300304708
call,719.0,2026-09-30,743.0,0.009864699695123992,4026755.385967597
call,720.0,2026-09-30,37567.0,0.010478050408341854,216256696.2253831
call,721.0,2026-09-30,25115.0,0.011136947587525757,153667463.94535702
call,722.0,2026-09-30,769.0,0.011824714178133,4995736.890583728
call,723.0,2026-09-30,957.0,0.012551558394553675,6599213.124997589
call,724.0,2026-09-30,538.0,0.013308309434242141,3933577.6844812166
call,725.0,2026-09-30,21634.0,0.014096235403543707,167541552.2311617
call,726.0,2026-09-30,10175.0,0.014915847238190443,83380579.73501332
call,727.0,2026-09-30,5590.0,0.014484085067346275,44482116.21036886
call,728.0,2026-09-30,1312.0,0.014927939052825835,10760098.673718672
call,729.0,2026-09-30,566.0,0.015496979213205324,4818879.286810541
call,730.0,2026-09-30,11295.0,0.01837688516124503,114035665.73630264
call,731.0,2026-09-30,357.0,0.01936408816457936,3797937.67048683
call,732.0,2026-09-30,1398.0,0.020250534087266653,15553431.428611169
call,733.0,2026-09-30,435.0,0.021272363114903346,5083789.505898336
call,734.0,2026-09-30,473.0,0.022145507140955107,5754788.096788484
call,735.0,2026-09-30,13649.0,0.022980314780831245,172321462.8414248
call,736.0,2026-09-30,553.0,0.02377207844328145,7222288.815268875
call,737.0,2026-09-30,352.0,0.024510152130423485,4739922.447297229
call,738.0,2026-09-30,890.0,0.02517898004827399,12311492.532171754
call,739.0,2026-09-30,380.0,0.025742618233541216,5374262.538403672
call,740.0,2026-09-30,12620.0,0.02622049949164731,181795396.2975449
call,741.0,2026-09-30,562.0,0.02660815238322117,8215492.438795784
call,742.0,2026-09-30,955.0,0.02681269526471958,14067807.261053534
call,743.0,2026-09-30,635.0,0.026960523731319547,9405559.07317788
call,744.0,2026-09-30,813.0,0.026909536721342817,12019304.343752211
call,745.0,2026-09-30,18011.0,0.02675035600047307,264697572.19314206
call,746.0,2026-09-30,581.0,0.026430808329054433,8436632.727163684
call,747.0,2026-09-30,6430.0,0.026001442807789068,91852501.0096708
call,748.0,2026-09-30,757.0,0.025461046479652482,10588993.820468113
call,749.0,2026-09-30,522.0,0.024767483084541093,7102887.624430813
call,750.0,2026-09-30,8257.0,0.023972609466188073,108747720.08670506
call,751.0,2026-09-30,336.0,0.023026935082237746,4250675.772055067
call,752.0,2026-09-30,1119.0,0.022020289551019232,13537412.966362495
call,753.0,2026-09-30,472.0,0.020919521807130435,5424707.389791473
call,754.0,2026-09-30,245.0,0.01976998420207958,2661061.871361084
call,755.0,2026-09-30,1329.0,0.01855624819656093,13548702.893254353
call,756.0,2026-09-30,395.0,0.01732265696670635,3759189.0466878363
call,757.0,2026-09-30,499.0,0.016070154968267112,4405580.853605377
call,758.0,2026-09-30,307.0,0.014826332413040984,2500660.154399504
call,759.0,2026-09-30,437.0,0.013591843131161836,3263189.960349888
call,760.0,2026-09-30,11930.0,0.01239454095983388,81236921.31683576
call,761.0,2026-09-30,532.0,0.01126867164873553,3293570.1834962894
call,762.0,2026-09-30,380.0,0.010148695687064018,2118733.788064423
call,763.0,2026-09-30,465.0,0.00911847150651096,2329472.371444607
call,764.0,2026-09-30,272.0,0.008150851920655853,1218020.1497756846
call,765.0,2026-09-30,6667.0,0.007265539645008345,26612207.291422233
call,766.0,2026-09-30,571.0,0.006390608380240823,2004753.029654273
call,767.0,2026-09-30,664.0,0.005662157164135275,2065535.0309413248
call,768.0,2026-09-30,246.0,0.004954925660360305,669660.7051434161
call,769.0,2026-09-30,219.0,0.004344681711589513,522738.69138141203
call,770.0,2026-09-30,2481.0,0.003754401158404626,5117407.545190575
call,771.0,2026-09-30,223.0,0.0032825840876409378,402164.0896374642
call,772.0,2026-09-30,3898.0,0.0028260429953466887,6052059.169162966
call,773.0,2026-09-30,93.0,0.002471223848900004,126263.43517237688
call,774.0,2026-09-30,270.0,0.0021261711449777946,315387.55308381835
call,775.0,2026-09-30,1560.0,0.0019218076927638487,1647089.0936616547
call,776.0,2026-09-30,225.0,0.0016085076748480788,198832.8882826034
call,777.0,2026-09-30,508.0,0.0014312055446612942,399436.99700562685
call,778.0,2026-09-30,353.0,0.0012523039023704793,242866.15932059477
call,779.0,2026-09-30,348.0,0.0010752919879289066,205583.48292502336
call,780.0,2026-09-30,1805.0,0.0010301168603795803,1021518.573316212
call,781.0,2026-09-30,165.0,0.0008688004415045193,78756.5245348907
call,782.0,2026-09-30,259.0,0.0008365475234956936,119034.52618917328
call,783.0,2026-09-30,288.0,0.0006913377056273587,109386.8956428634
call,784.0,2026-09-30,106.0,0.0006560691063479863,38206.56718992815
call,785.0,2026-09-30,1184.0,0.0005289705797291776,344085.0362169311
call,786.0,2026-09-30,309.0,0.0005043649320765973,85622.11039397308
call,787.0,2026-09-30,131.0,0.000481634268741174,34663.40657485904
call,788.0,2026-09-30,141.0,0.0004799656535132631,37180.210011781135
call,789.0,2026-09-30,152.0,0.00045945079241646114,38367.64636017366
call,790.0,2026-09-30,1744.0,0.0004403977358789782,421962.75949563587
call,791.0,2026-09-30,159.0,0.0004226725541945557,36921.87420102503
call,792.0,2026-09-30,168.0,0.00040615605648007335,37487.3534577556
call,793.0,2026-09-30,64.0,0.000390741919989038,13738.91845306113
call,794.0,2026-09-30,250.0,0.00037633508619941164,51688.89933140384
call,795.0,2026-09-30,464.0,0.0003628503817078884,92497.10291355003
call,796.0,2026-09-30,153.0,0.0003502113291470709,29437.721185459242
call,797.0,2026-09-30,84.0,0.00033834911920214755,15614.457572755011
call,798.0,2026-09-30,180.0,0.00025915818646802017,25628.312027735803
call,799.0,2026-09-30,285.0,0.0003167131008845654,49589.92529617213
call,800.0,2026-09-30,5546.0,0.0002442187103649755,744117.2363744125
call,801.0,2026-09-30,102.0,0.00023737048582736617,13301.770669843287
call,802.0,2026-09-30,186.0,0.00023089619862865011,23594.582271511983
call,803.0,2026-09-30,115.0,0.000224768945328911,14200.927615919505
call,804.0,2026-09-30,210.0,0.00021070534158309747,24309.577222044416
call,805.0,2026-09-30,501.0,0.00021345956566095538,58753.79355364047
call,806.0,2026-09-30,69.0,0.000200549447393528,7602.4421834980885
call,807.0,2026-09-30,139.0,0.0001958489702417211,14956.11026312961
call,808.0,2026-09-30,49.0,0.00019137811641463176,5151.941482586617
call,809.0,2026-09-30,1254.0,0.00018712204407791286,128915.47558078596
call,810.0,2026-09-30,943.0,0.00018306709819125694,94842.84126983372
call,811.0,2026-09-30,290.0,0.0001728439003159498,27538.141134529873
call,812.0,2026-09-30,48.0,0.00017551124087245945,4628.377138310252
call,813.0,2026-09-30,1327.0,0.00016601496640599256,121032.14505782683
call,814.0,2026-09-30,1845.0,0.00016282608110559547,165045.20314183165
call,815.0,2026-09-30,845.0,0.00015977587270693498,74173.7904421498
call,816.0,2026-09-30,1402.0,0.00015150810017874173,116698.81113664761
call,817.0,2026-09-30,52.0,0.00015406012276254297,4401.251122850007
call,818.0,2026-09-30,77.0,0.00014632502303054106,6190.017715684533
call,819.0,2026-09-30,83.0,0.00014881043207984977,6785.690319084125
call,820.0,2026-09-30,6350.0,0.00014155679116910734,493840.8373735917
call,821.0,2026-09-30,8.0,0.00013474746166757602,592.2337394909356
call,822.0,2026-09-30,0.0,4.2637032601826176e-11,0.0
call,823.0,2026-09-30,105.0,0.00013074997659311317,7542.468142691258
call,824.0,2026-09-30,0.0,0.0001288650120949353,0.0
call,825.0,2026-09-30,1247.0,0.000127050844531321,87041.54182327284
call,826.0,2026-09-30,2084.0,0.00012135292176215567,138941.03106287544
call,827.0,2026-09-30,740.0,0.0001236211456563518,50258.213795796095
call,828.0,2026-09-30,250.0,0.00011822836560529188,16238.438327937904
call,829.0,2026-09-30,68.0,0.00011313592113451532,4226.608241282595
call,830.0,2026-09-30,911.0,0.00011532264190872032,57718.56506899883
call,831.0,2026-09-30,58.0,0.0001104878635597686,3520.6685047025844
call,832.0,2026-09-30,3.0,0.00010591346328012792,174.56412252008923
call,833.0,2026-09-30,39.0,0.00010801858527696065,2314.4385672971907
call,834.0,2026-09-30,0.0,8.681683227913177e-14,0.0
call,835.0,2026-09-30,163.0,7.216256799037213e-05,6462.226110811023
call,836.0,2026-09-30,83.0,6.931530565365887e-05,3160.747482313641
call,837.0,2026-09-30,296.0,6.661612619750737e-05,10833.12242385786
call,838.0,2026-09-30,186.0,6.850647692791006e-05,7000.469109526722
call,839.0,2026-09-30,523.0,6.59070343687102e-05,18937.211279866704
call,840.0,2026-09-30,495.0,6.343844000805187e-05,17252.03217541185
call,841.0,2026-09-30,173.0,6.524170271488901e-05,6200.888978553142
call,842.0,2026-09-30,56.0,6.285915476418658e-05,1933.9227825568844
call,843.0,2026-09-30,666.0,6.059277260665227e-05,22170.608867754374
call,844.0,2026-09-30,0.0,2.879101704435437e-16,0.0
call,845.0,2026-09-30,568.0,6.0123766297649575e-05,18761.91134089911
call,846.0,2026-09-30,0.0,8.676245562403306e-17,0.0
call,847.0,2026-09-30,0.0,4.7291999462967985e-17,0.0
call,848.0,2026-09-30,0.0,2.9329615597980208e-06,0.0
call,849.0,2026-09-30,74.0,5.5730180419226586e-05,2265.712154273232
call,850.0,2026-09-30,1869.0,5.388737197903785e-05,55332.318882468186
call,851.0,2026-09-30,48.0,5.212750511768093e-05,1374.645588308205
call,852.0,2026-09-30,38.0,5.3645660071918075e-05,1119.9554709505044
call,853.0,2026-09-30,0.0,1.3447809518347214e-06,0.0
call,854.0,2026-09-30,0.0,1.14660275118517e-06,0.0
call,855.0,2026-09-30,180.0,5.175567958761982e-05,5118.150901409842
call,856.0,2026-09-30,31.0,4.7233546697629116e-05,804.4421477064465
call,857.0,2026-09-30,75.0,4.86355826790773e-05,2004.0010851055151
call,858.0,2026-09-30,35.0,8.960670636858714e-05,1723.0231973190196
call,859.0,2026-09-30,11.0,8.692877502429855e-05,525.3379929329874
call,860.0,2026-09-30,399.0,4.71222092043937e-05,10329.54291689833
call,861.0,2026-09-30,19.0,4.575358017682785e-05,477.59662539257835
call,862.0,2026-09-30,18.0,0.0001532177208462294,1515.179439840014
call,863.0,2026-09-30,39.0,6.331976061755444e-05,1356.7081597073222
call,864.0,2026-09-30,11.0,6.474497677777622e-05,391.27430638959805
call,865.0,2026-09-30,94.0,4.322329545926545e-05,2232.175282840104
call,870.0,2026-09-30,196.0,3.99168007399896e-05,4298.27663553645
call,875.0,2026-09-30,111.0,3.7092825817150824e-05,2262.014916999928
call,880.0,2026-09-30,180.0,3.466547346492946e-05,3428.089934785979
call,885.0,2026-09-30,517.0,3.256692752973638e-05,9250.173880457018
call,890.0,2026-09-30,216.0,3.074314273469721e-05,3648.249891493654
call,895.0,2026-09-30,0.0,6.485691955325202e-10,0.0
call,900.0,2026-09-30,672.0,2.7754291989574848e-05,10246.652114951212
call,905.0,2026-09-30,25.0,2.6525244548417023e-05,364.3191255564998
call,910.0,2026-09-30,0.0,2.740326805539565e-11,0.0
call,915.0,2026-09-30,43.0,2.2325184798194783e-05,527.4072356466805
call,920.0,2026-09-30,225.0,2.159055203152187e-05,2668.8786675816036
call,925.0,2026-09-30,69.0,2.093766466187616e-05,793.7064256130251
call,930.0,2026-09-30,77.0,2.0356583719661507e-05,861.1487717259383
call,935.0,2026-09-30,0.0,8.844568682916502e-14,0.0
call,940.0,2026-09-30,0.0,2.62961324858527e-14,0.0
call,945.0,2026-09-30,0.0,7.655508672706943e-15,0.0
call,950.0,2026-09-30,8123.0,8.360551260181281e-06,37310.74602861556
put,405.0,2026-09-30,6051.0,1.4052259630607163e-06,-4671.494951418941
put,410.0,2026-09-30,2093.0,1.335984744128612e-06,-1536.219568394406
put,415.0,2026-09-30,985.0,1.5228923650678742e-06,-824.1153540195182
put,420.0,2026-09-30,2030.0,1.4343514003185423e-06,-1599.6838684151319
put,425.0,2026-09-30,4404.0,1.6308831885854551e-06,-3945.9604852025486
put,430.0,2026-09-30,670.0,1.5204410781684105e-06,-559.6634726466135
put,435.0,2026-09-30,365.0,1.7245376224625946e-06,-345.8184050626724
put,440.0,2026-09-30,605.0,1.9536008485422255e-06,-649.3424204622277
put,445.0,2026-09-30,462.0,1.7987710598024762e-06,-456.5627052447749
put,450.0,2026-09-30,925.0,2.033012594706826e-06,-1033.1523491777307
put,455.0,2026-09-30,571.0,2.0623138319114507e-06,-646.954038899594
put,460.0,2026-09-30,637.0,2.0839002575188158e-06,-729.2877628041217
put,465.0,2026-09-30,588.0,2.3475587010352342e-06,-758.3616318054155
put,470.0,2026-09-30,1246.0,2.359456213990989e-06,-1615.1487671057826
put,475.0,2026-09-30,729.0,2.3607339092808933e-06,-945.4904186804112
put,480.0,2026-09-30,1522.0,2.6511007325715584e-06,-2216.784355311191
put,485.0,2026-09-30,482.0,2.975083012280813e-06,-787.8230660540933
put,490.0,2026-09-30,512.0,2.6082787594989577e-06,-733.6797481184092
put,495.0,2026-09-30,719.0,4.723262770963269e-06,-1865.750486518774
put,500.0,2026-09-30,3335.0,4.71918457728888e-06,-8646.59998388606
put,505.0,2026-09-30,495.0,4.692347777664534e-06,-1276.0801625673012
put,510.0,2026-09-30,553.0,5.253313740702957e-06,-1596.029945934335
put,515.0,2026-09-30,278.0,5.8799740200997185e-06,-898.0546558954024
put,520.0,2026-09-30,8055.0,5.804917456012352e-06,-25688.820196556324
put,525.0,2026-09-30,707.0,6.490744127975072e-06,-2521.1371302732537
put,530.0,2026-09-30,2229.0,6.363448900320156e-06,-7792.6504378109275
put,535.0,2026-09-30,841.0,9.223464003453245e-06,-4261.599360665708
put,540.0,2026-09-30,4210.0,6.914532633017279e-06,-15992.909957057997
put,545.0,2026-09-30,1191.0,1.0154516295587276e-05,-6644.3663178166325
put,550.0,2026-09-30,2080.0,1.0624790340179175e-05,-12141.330170646586
put,555.0,2026-09-30,5662.0,1.1094291140074382e-05,-34510.558622189106
put,560.0,2026-09-30,696.0,1.2414267775954605e-05,-4746.9309471193965
put,565.0,2026-09-30,2804.0,1.293371604480675e-05,-19924.337830482684
put,570.0,2026-09-30,1539.0,1.3443411561571583e-05,-11366.602692756524
put,575.0,2026-09-30,6150.0,1.5054012934354837e-05,-50863.93625189679
put,580.0,2026-09-30,1367.0,1.5607743670934425e-05,-11721.716251093601
put,585.0,2026-09-30,711.0,1.2506963823268292e-05,-4885.444230859412
put,590.0,2026-09-30,1199.0,1.8092905224141904e-05,-11918.183202732922
put,595.0,2026-09-30,469.0,2.0316319047150088e-05,-5234.804086005884
put,600.0,2026-09-30,16173.0,3.0475133622019684e-05,-270781.36346394126
put,605.0,2026-09-30,1501.0,3.3141607718826075e-05,-27329.82371408766
put,610.0,2026-09-30,4783.0,4.58361489163476e-05,-120445.63573306055
put,615.0,2026-09-30,673.0,5.0263542788003755e-05,-18584.49336114311
put,620.0,2026-09-30,2370.0,5.519935807275304e-05,-71872.86199228377
put,625.0,2026-09-30,2174.0,6.072160525150478e-05,-72524.60123057458
put,630.0,2026-09-30,1568.0,7.910480063804753e-05,-68144.60278138555
put,635.0,2026-09-30,1367.0,8.78465231396421e-05,-65974.43164098074
put,640.0,2026-09-30,7587.0,0.00011328988140389873,-472219.3421746788
put,645.0,2026-09-30,1654.0,0.0001409620105033172,-128091.45421590822
put,650.0,2026-09-30,25877.0,0.00017646335777219161,-2508713.2885742635
put,651.0,2026-09-30,252.0,0.00017965608869055662,-24872.82113658893
put,652.0,2026-09-30,122.0,0.00018292540053086072,-12260.732321925743
put,653.0,2026-09-30,99.0,0.0002097566248414066,-11408.62871252961
put,654.0,2026-09-30,55.0,0.0002138569373582511,-6462.024468605228
put,655.0,2026-09-30,1740.0,0.00021806727180155905,-208459.79395452482
put,656.0,2026-09-30,96.0,0.00022239183616031935,-11729.314716420278
put,657.0,2026-09-30,220.0,0.00025006924428442294,-30224.945617817935
put,658.0,2026-09-30,132.0,0.0002553335934995176,-18516.736834252137
put,659.0,2026-09-30,101.0,0.00026075413924707,-14468.88785821409
put,660.0,2026-09-30,8584.0,0.00028758906524040866,-1356265.2791605024
put,661.0,2026-09-30,158.0,0.0002940060685975823,-25520.897743481124
put,662.0,2026-09-30,143.0,0.00030062811705693825,-23618.276349425225
put,663.0,2026-09-30,132.0,0.0003316759264816629,-24053.066268106686
put,664.0,2026-09-30,169.0,0.0003395222761505109,-31523.725998132668
put,665.0,2026-09-30,4693.0,0.00034763780420967165,-896313.872103882
put,666.0,2026-09-30,259.0,0.0003766656604508032,-53596.73797865734
put,667.0,2026-09-30,309.0,0.00038605470362193664,-65537.50340162434
put,668.0,2026-09-30,191.0,0.00042221353565646114,-44304.52503175583
put,669.0,2026-09-30,473.0,0.0004332192778151522,-112577.46898283124
put,670.0,2026-09-30,3868.0,0.0004653361328965461,-988862.271652774
put,671.0,2026-09-30,182.0,0.00047794233266458433,-47789.16611918654
put,672.0,2026-09-30,232.0,0.0005182204604856877,-66051.86832081241
put,673.0,2026-09-30,152.0,0.0005328511414428526,-44497.135482058155
put,674.0,2026-09-30,141.0,0.0005728779089875185,-44377.59412857111
put,675.0,2026-09-30,10965.0,0.0005845161809871138,-3521176.054214542
put,676.0,2026-09-30,21340.0,0.0006018673753872489,-7056312.134667024
put,677.0,2026-09-30,1079.0,0.0006480316177220711,-384149.4415002291
put,678.0,2026-09-30,188.0,0.0006916639982664917,-71439.0360362894
put,679.0,2026-09-30,154.0,0.0007383348134583248,-62467.860667409535
put,680.0,2026-09-30,21697.0,0.0007622063963527429,-9085625.750121769
put,681.0,2026-09-30,14365.0,0.0008109186276714069,-6399786.305048962
put,682.0,2026-09-30,1966.0,0.0008629742008840435,-932102.9695273936
put,683.0,2026-09-30,606.0,0.000892557016703095,-297160.5532866182
put,684.0,2026-09-30,406.0,0.0009468961913996267,-211208.2941612936
put,685.0,2026-09-30,9095.0,0.0010049356742687576,-5021385.135072631
put,686.0,2026-09-30,286.0,0.0010669511532854518,-167645.97693875068
put,687.0,2026-09-30,14567.0,0.0011287779551720028,-9033607.249955377
put,688.0,2026-09-30,435.0,0.0011947835225154804,-285536.115605746
put,689.0,2026-09-30,152.0,0.001265287898656948,-105661.19253848898
put,690.0,2026-09-30,27835.0,0.0013406380355618025,-20501485.387649253
put,691.0,2026-09-30,650.0,0.0014158676329427717,-505613.4009205349
put,692.0,2026-09-30,286.0,0.0014962385864983644,-235098.27867430449
put,693.0,2026-09-30,173.0,0.0015821621641978522,-150376.39298183573
put,694.0,2026-09-30,236.0,0.00169851731033205,-220223.94895055448
put,695.0,2026-09-30,27409.0,0.0017916554593738674,-26979273.685570896
put,696.0,2026-09-30,2877.0,0.0019246373942719437,-3042085.017032652
put,697.0,2026-09-30,514.0,0.0020258469188979456,-572074.1314210626
put,698.0,2026-09-30,807.0,0.0021995472660216084,-975190.359564664
put,699.0,2026-09-30,526.0,0.0023184730952238858,-669993.1620019955
put,700.0,2026-09-30,29598.0,0.002477514264181624,-40286644.39398539
put,701.0,2026-09-30,508.0,0.0026730944103473585,-746037.3584804431
put,702.0,2026-09-30,587.0,0.0028409190194530268,-916177.2875332213
put,703.0,2026-09-30,443.0,0.003021338561413513,-735335.7581573847
put,704.0,2026-09-30,429.0,0.0032475774281115707,-765419.2353747886
put,705.0,2026-09-30,27415.0,0.003481448486202261,-52436149.0552508
put,706.0,2026-09-30,542.0,0.0037281680896959954,-1110138.9414155472
put,707.0,2026-09-30,1308.0,0.004013757409689777,-2884306.6412882954
put,708.0,2026-09-30,391.0,0.0043154345945498876,-927008.810508878
put,709.0,2026-09-30,1642.0,0.004634261316872731,-4180577.102879942
put,710.0,2026-09-30,9928.0,0.004966093959246964,-27086897.626496445
put,711.0,2026-09-30,1884.0,0.0053391564356651934,-5526321.028657659
put,712.0,2026-09-30,678.0,0.005733836513058179,-2135785.164023989
put,713.0,2026-09-30,933.0,0.006146232065641917,-3150454.1495478684
put,714.0,2026-09-30,1756.0,0.00663271835271541,-6398801.431931555
put,715.0,2026-09-30,3270.0,0.007134487975552621,-12817199.041725583
put,716.0,2026-09-30,3864.0,0.007661579539717851,-16264398.1798574
put,717.0,2026-09-30,1316.0,0.008213619164519233,-5938448.811375864
put,718.0,2026-09-30,1674.0,0.008826746916457875,-8117806.4772134535
put,719.0,2026-09-30,662.0,0.009466915566590215,-3443095.4214245584
put,720.0,2026-09-30,49584.0,0.010148983919081209,-276469157.3988926
put,721.0,2026-09-30,429.0,0.010872057711648434,-2562427.6202213545
put,722.0,2026-09-30,447.0,0.011632952992633314,-2856801.4784836727
put,723.0,2026-09-30,537.0,0.012428955167081345,-3666835.8845483977
put,724.0,2026-09-30,355.0,0.013259406545630816,-2586038.614190533
put,725.0,2026-09-30,3370.0,0.014120881054390057,-26144134.031740323
put,726.0,2026-09-30,375.0,0.01501152522134465,-3092706.1192180435
put,727.0,2026-09-30,970.0,0.01592953130130065,-8489014.932945078
put,728.0,2026-09-30,319.0,0.016864724582826073,-2955646.5770483534
put,729.0,2026-09-30,385.0,0.017818392010285622,-3768875.6141749807
put,730.0,2026-09-30,50144.0,0.018770393479018578,-517100451.7243556
put,731.0,2026-09-30,354.0,0.019731888354147308,-3837553.801043338
put,732.0,2026-09-30,514.0,0.02068349697041184,-5840763.906551919
put,733.0,2026-09-30,381.0,0.02160601520298652,-4522537.937753693
put,734.0,2026-09-30,571.0,0.02251846937317984,-7064111.429303079
put,735.0,2026-09-30,7546.0,0.023368283631659832,-96878226.93335599
put,736.0,2026-09-30,404.0,0.02419420343500089,-5370012.032494008
put,737.0,2026-09-30,340.0,0.024958480459059823,-4662078.946293664
put,738.0,2026-09-30,201.0,0.02562506180516126,-2829720.523061032
put,739.0,2026-09-30,117.0,0.02620625263348486,-1684509.0586149604
put,740.0,2026-09-30,1132.0,0.026706423755121687,-16609047.54246259
put,741.0,2026-09-30,160.0,0.02706860852642729,-2379405.600970923
put,742.0,2026-09-30,174.0,0.02728596820818458,-2608381.9289049343
put,743.0,2026-09-30,119.0,0.02743160811280604,-1793414.9877198958
put,744.0,2026-09-30,588.0,0.027342270171713777,-8832719.972259466
put,745.0,2026-09-30,1335.0,0.027171545523691016,-19928663.462209117
put,746.0,2026-09-30,639.0,0.026842994051817802,-9423546.522936273
put,747.0,2026-09-30,433.0,0.026360334119022603,-6270777.229673304
put,748.0,2026-09-30,250.0,0.025761199156672774,-3538251.0924318554
put,749.0,2026-09-30,33.0,0.02501322707716828,-453488.4509470058
put,750.0,2026-09-30,551.0,0.024136541995413218,-7306497.062569099
put,751.0,2026-09-30,70.0,0.02302147370894147,-885347.4219621966
put,752.0,2026-09-30,23.0,0.021994302170660777,-277920.5042148144
put,753.0,2026-09-30,5.0,0.01893359844173333,-52009.86566091317
put,754.0,2026-09-30,4.0,0.01817816590161267,-39947.77725593779
put,755.0,2026-09-30,75.0,0.018536758806901765,-763796.4370343821
put,756.0,2026-09-30,24.0,0.016631409597044913,-219292.03957019956
put,757.0,2026-09-30,2.0,0.015848972473390736,-17414.606774117256
put,758.0,2026-09-30,4.0,0.015020559668920982,-33008.71909527165
put,760.0,2026-09-30,24.0,0.013584975582132154,-179123.542447445
put,761.0,2026-09-30,5.0,0.01291028053000927,-35464.04335535355
put,762.0,2026-09-30,7.0,0.012276708746997532,-47213.10449866408
put,763.0,2026-09-30,3.0,0.009844312766207824,-16225.168799374054
put,765.0,2026-09-30,11.0,0.008388240288242851,-50692.78056700284
put,766.0,2026-09-30,0.0,0.010081453524656822,-0.0
put,767.0,2026-09-30,1.0,0.009627996907874456,-5289.547333574855
put,769.0,2026-09-30,0.0,0.005094898791457979,-0.0
put,770.0,2026-09-30,11.0,0.008480889636936995,-51252.689790110206
put,771.0,2026-09-30,2.0,0.008144350301442617,-8948.886634033204
put,772.0,2026-09-30,1.0,0.007837323618437777,-4305.76522250077
put,773.0,2026-09-30,0.0,0.0,-0.0
put,774.0,2026-09-30,2.0,0.007276740114647164,-7995.569927752824
put,775.0,2026-09-30,54.0,0.007022252753544657,-208330.464676651
put,776.0,2026-09-30,4.0,0.006782025170638884,-14903.969538357576
put,777.0,2026-09-30,1.0,0.006554874437943358,-3601.1975218629123
put,778.0,2026-09-30,3.0,0.006341879247093093,-10452.538814344329
put,779.0,2026-09-30,0.0,0.006138844294710646,-0.0
put,780.0,2026-09-30,0.0,0.005947034787284811,-0.0
put,782.0,2026-09-30,0.0,0.0034564000384260324,-0.0
put,783.0,2026-09-30,0.0,0.0,-0.0
put,784.0,2026-09-30,0.0,0.0033964313936750835,-0.0
put,785.0,2026-09-30,0.0,0.0,-0.0
put,789.0,2026-09-30,0.0,0.0032608279008586455,-0.0
put,790.0,2026-09-30,5.0,0.00447448895608991,-12291.248820114464
put,791.0,2026-09-30,0.0,0.004362046563239399,-0.0
put,792.0,2026-09-30,0.0,0.003186417714617608,-0.0
put,795.0,2026-09-30,0.0,0.0,-0.0
put,797.0,2026-09-30,0.0,0.003065500699868442,-0.0
put,800.0,2026-09-30,1.0,0.003527288068844942,-1937.8648931689552
put,801.0,2026-09-30,0.0,0.0035129742801568564,-0.0
put,805.0,2026-09-30,0.0,0.0028904246148178923,-0.0
put,806.0,2026-09-30,0.0,0.0,-0.0
put,809.0,2026-09-30,0.0,0.0033250913138484824,-0.0
put,810.0,2026-09-30,0.0,0.0,-0.0
put,815.0,2026-09-30,0.0,0.0027028722689543022,-0.0
put,819.0,2026-09-30,0.0,0.0,-0.0
put,820.0,2026-09-30,0.0,0.002408671867423431,-0.0
put,821.0,2026-09-30,0.0,0.0023694536829323314,-0.0
put,822.0,2026-09-30,0.0,0.0,-0.0
put,825.0,2026-09-30,0.0,0.0025362645900818322,-0.0
put,830.0,2026-09-30,0.0,0.0024633467998929617,-0.0
put,831.0,2026-09-30,0.0,0.0,-0.0
put,833.0,2026-09-30,0.0,0.0,-0.0
put,835.0,2026-09-30,0.0,0.0020783781251225543,-0.0
put,840.0,2026-09-30,1.0,0.0017799809581447337,-977.9078266288183
put,841.0,2026-09-30,0.0,0.0017565970223212147,-0.0
put,842.0,2026-09-30,0.0,0.0,-0.0
put,843.0,2026-09-30,0.0,0.0,-0.0
put,845.0,2026-09-30,0.0,0.0020239614313550384,-0.0
put,848.0,2026-09-30,0.0,0.0,-0.0
put,850.0,2026-09-30,2.0,0.001596855413752466,-1754.6001264314218
put,851.0,2026-09-30,0.0,0.001543877908634321,-0.0
put,853.0,2026-09-30,0.0,0.0,-0.0
put,855.0,2026-09-30,0.0,0.0019227855944860658,-0.0
put,860.0,2026-09-30,0.0,0.0018835396766658922,-0.0
put,865.0,2026-09-30,0.0,0.0018444423263329342,-0.0
put,890.0,2026-09-30,0.0,0.0016649909220670769,-0.0
put,935.0,2026-09-30,0.0,0.0015725041010654524,-0.0
put,950.0,2026-09-30,0.0,0.0002965075722018952,-0.0
call,610.0,2026-10-01,0.0,0.00025830323527871614,0.0
call,640.0,2026-10-01,30.0,0.001401888172311263,23105.596879931592
call,645.0,2026-10-01,30.0,0.0015214630936876087,25076.403100313855
call,650.0,2026-10-01,1.0,0.0016564181103269492,910.0233498827857
call,675.0,2026-10-01,1.0,0.0026954454494410207,1480.8569660243954
call,680.0,2026-10-01,2.0,0.0030045285270382297,3301.3296557763883
call,687.0,2026-10-01,5.0,0.0035859549495444033,9850.480127475279
call,689.0,2026-10-01,5.0,0.0037817449087124543,10388.307604139234
call,690.0,2026-10-01,2.0,0.0038819327526023687,4265.4079009624265
call,691.0,2026-10-01,3.0,0.0039933507485987495,6581.748417577006
call,695.0,2026-10-01,19.0,0.004467467713819756,46633.454604525345
call,700.0,2026-10-01,2.0,0.0051792366511803824,5690.865437606885
call,705.0,2026-10-01,4.0,0.006092639163909347,13388.996092232916
call,708.0,2026-10-01,0.0,0.006725960849243685,0.0
call,709.0,2026-10-01,2.0,0.0069643438857963135,7652.313764472303
call,710.0,2026-10-01,29.0,0.007227575344879274,115152.45232484915
call,711.0,2026-10-01,0.0,0.007493195429251728,0.0
call,712.0,2026-10-01,2.0,0.007770374207815551,8537.967464076282
call,713.0,2026-10-01,0.0,0.00806536480343727,0.0
call,714.0,2026-10-01,0.0,0.008367810755699862,0.0
call,715.0,2026-10-01,214.0,0.00868325984858911,1020890.4391559638
call,716.0,2026-10-01,23.0,0.00901350799040975,113894.89268636689
call,717.0,2026-10-01,107.0,0.009356379999257224,550014.5713077909
call,718.0,2026-10-01,37.0,0.009714138103993412,197464.28779650494
call,719.0,2026-10-01,46.0,0.010033766409687431,253573.80271639876
call,720.0,2026-10-01,343.0,0.01046677841763584,1972376.0297348367
call,721.0,2026-10-01,33.0,0.010866999043361891,197018.10355829858
call,722.0,2026-10-01,41.0,0.011294146194479063,254401.59358642812
call,723.0,2026-10-01,17.0,0.011666774011694726,108963.8080737888
call,724.0,2026-10-01,19.0,0.012330718357419475,128713.63188213257
call,725.0,2026-10-01,1243.0,0.012804740883433795,8744288.720794987
call,726.0,2026-10-01,33.0,0.01290840366320609,234028.65865193625
call,727.0,2026-10-01,139.0,0.013457989321597669,1027726.4770165115
call,728.0,2026-10-01,32.0,0.013929542384132134,244889.06502458075
call,729.0,2026-10-01,285.0,0.014428434721232647,2259158.203333711
call,730.0,2026-10-01,1790.0,0.015160458630661044,14908980.142421637
call,731.0,2026-10-01,70.0,0.017880096622099922,687623.1143561752
call,732.0,2026-10-01,242.0,0.018646575714884157,2479116.9838137724
call,733.0,2026-10-01,138.0,0.019333532208864638,1465793.725497294
call,734.0,2026-10-01,80.0,0.020015954367104818,879728.891187183
call,735.0,2026-10-01,693.0,0.020641771385402744,7858918.120851807
call,736.0,2026-10-01,118.0,0.021231780560963448,1376420.0488109565
call,737.0,2026-10-01,50.0,0.021803785377271186,598941.5862288886
call,738.0,2026-10-01,111.0,0.022297827197802357,1359778.248946305
call,739.0,2026-10-01,707.0,0.022729280407297672,8828515.13623102
call,740.0,2026-10-01,3724.0,0.023132207226753267,47327036.63996522
call,741.0,2026-10-01,78.0,0.02340857912372258,1003118.4576368824
call,742.0,2026-10-01,75.0,0.02363990468606474,974068.6146450723
call,743.0,2026-10-01,43.0,0.02376455137722281,561410.6428027448
call,744.0,2026-10-01,72.0,0.02380830689518968,941767.2291626546
call,745.0,2026-10-01,440.0,0.023732562698609676,5736934.335843988
call,746.0,2026-10-01,188.0,0.023604300542254836,2437987.926617289
call,747.0,2026-10-01,100.0,0.0233290294351802,1281678.9060538802
call,748.0,2026-10-01,58.0,0.022994391012921743,732710.5947723993
call,749.0,2026-10-01,65.0,0.022546176263620245,805135.2113127679
call,750.0,2026-10-01,557.0,0.022014537046475404,6736701.706959261
call,751.0,2026-10-01,147.0,0.021405085764533382,1728689.0166120247
call,752.0,2026-10-01,63.0,0.02067151411792196,715476.5488676864
call,753.0,2026-10-01,85.0,0.01989900105036004,929250.42052674
call,754.0,2026-10-01,115.0,0.019063301889418988,1204421.588827198
call,755.0,2026-10-01,313.0,0.018188624860318563,3127712.090607878
call,756.0,2026-10-01,117.0,0.01724853983170841,1108717.1447499725
call,757.0,2026-10-01,54.0,0.01628842890450851,483231.8177120526
call,758.0,2026-10-01,146.0,0.01530727622524001,1227816.1476134644
call,759.0,2026-10-01,40.0,0.0143127869837018,314533.39651052555
call,760.0,2026-10-01,929.0,0.013318855950798363,6797750.20281184
call,761.0,2026-10-01,9.0,0.012346080556431833,61045.57396623887
call,762.0,2026-10-01,16.0,0.01138883515946323,100111.01287494983
call,763.0,2026-10-01,15.0,0.010453806628838203,86148.61249184661
call,764.0,2026-10-01,21.0,0.009541340355730479,110080.71671878548
call,765.0,2026-10-01,153.0,0.008698950040225533,731207.8296098165
call,766.0,2026-10-01,8.0,0.007862611282418485,34557.26456234094
call,767.0,2026-10-01,38.0,0.007127101675331415,148791.84080514812
call,768.0,2026-10-01,3.0,0.006390561344528024,10532.775522294194
call,769.0,2026-10-01,9.0,0.005721220830410263,28288.751866117364
call,770.0,2026-10-01,88.0,0.005129458365543197,247991.47226768636
call,771.0,2026-10-01,2.0,0.004536697310438181,4984.853109381038
call,772.0,2026-10-01,12.0,0.004103349134834857,27052.180862842575
call,774.0,2026-10-01,2.0,0.0031966696062437332,3512.451313356156
call,775.0,2026-10-01,79.0,0.002886296493557546,125271.01569844261
call,780.0,2026-10-01,166.0,0.001575123726994152,143649.89975822016
call,785.0,2026-10-01,255.0,0.0009369298915358145,131259.22655770337
call,790.0,2026-10-01,10.0,0.0005955770420181632,3272.0543895989517
call,795.0,2026-10-01,1.0,0.00041893869297180043,230.1616906968389
call,800.0,2026-10-01,1007.0,0.000353319056871421,195469.543489614
call,805.0,2026-10-01,35.0,0.00031524452868738007,6061.752047017253
call,810.0,2026-10-01,114.0,0.00020844481180825483,13055.049023328562
call,815.0,2026-10-01,10.0,0.00018783403410826513,1031.945713920391
call,820.0,2026-10-01,41.0,0.00017131595265847536,3858.9062521962037
call,825.0,2026-10-01,125.0,0.0001479470242623589,10160.119430673732
call,830.0,2026-10-01,20.0,0.0001379702347223659,1515.9956825318575
call,835.0,2026-10-01,15.0,0.000122030509926139,1005.6393316869435
call,840.0,2026-10-01,89.0,0.00010909369144545958,5334.235798919484
call,845.0,2026-10-01,41.0,0.00010430121260932796,2349.3935923886606
call,850.0,2026-10-01,96.0,6.652194174334529e-05,3508.4776659364215
call,855.0,2026-10-01,45.0,6.153660288375269e-05,1521.3481014483507
call,860.0,2026-10-01,81.0,5.731468102335088e-05,2550.5477834790645
call,865.0,2026-10-01,28.0,5.371259839874419e-05,826.260058247253
call,870.0,2026-10-01,108.0,4.784200425674539e-05,2838.6750883721797
call,875.0,2026-10-01,130.0,4.538818179667798e-05,3241.669267079776
call,880.0,2026-10-01,102.0,4.097459014885856e-05,2296.1346670846306
call,885.0,2026-10-01,74.0,3.927311387527611e-05,1596.6496209775719
call,890.0,2026-10-01,45.0,3.7783320355071586e-05,934.1039315607013
call,895.0,2026-10-01,45.0,3.647469962657452e-05,901.7513549230883
call,900.0,2026-10-01,3.0,3.198664091512618e-05,52.719642345618915
put,500.0,2026-10-01,1.0,7.510868815889981e-06,-4.126413468769202
put,505.0,2026-10-01,20.0,8.289200825317986e-06,-91.08046158005469
put,510.0,2026-10-01,61.0,8.148733793658576e-06,-273.087946006227
put,515.0,2026-10-01,0.0,8.979662439625406e-06,-0.0
put,520.0,2026-10-01,106.0,9.89288273631286e-06,-576.1177981249683
put,525.0,2026-10-01,27.0,9.642034147494093e-06,-143.02600069198766
put,530.0,2026-10-01,136.0,1.0607060336680783e-05,-792.5314645468425
put,535.0,2026-10-01,57.0,1.0942824171713447e-05,-342.67848831564515
put,540.0,2026-10-01,309.0,1.125886058431796e-05,-1911.3291637698992
put,545.0,2026-10-01,204.0,1.2365848202406602e-05,-1385.915155822147
put,550.0,2026-10-01,138.0,1.3582585668100017e-05,-1029.7791750232716
put,555.0,2026-10-01,114.0,1.3911361835448036e-05,-871.2786332628876
put,560.0,2026-10-01,1134.0,1.4201026680630341e-05,-8847.393908048241
put,565.0,2026-10-01,48.0,1.5575091345752217e-05,-410.7280898558396
put,570.0,2026-10-01,138.0,1.70873161923822e-05,-1295.4943043929686
put,575.0,2026-10-01,120.0,1.7345975137414925e-05,-1143.5694142526443
put,580.0,2026-10-01,220.0,1.9019856237413435e-05,-2298.8597501445956
put,585.0,2026-10-01,315.0,2.0866364106098424e-05,-3611.1032053293707
put,590.0,2026-10-01,324.0,4.0610626916107405e-05,-7228.8176514058
put,595.0,2026-10-01,292.0,4.352310895376373e-05,-6982.088149641837
put,600.0,2026-10-01,45.0,4.6642618278825556e-05,-1153.1292830564528
put,605.0,2026-10-01,31.0,4.998524296333134e-05,-851.3067303724018
put,610.0,2026-10-01,25.0,6.713135739675045e-05,-922.0362654739239
put,615.0,2026-10-01,106.0,7.249048933936592e-05,-4221.525941058747
put,620.0,2026-10-01,33.0,9.095369429026274e-05,-1648.9855469008216
put,625.0,2026-10-01,38.0,0.00011232509881043437,-2345.0006723592187
put,630.0,2026-10-01,91.0,0.00012280873218944226,-6139.785600040903
put,635.0,2026-10-01,69.0,0.00016418014866008215,-6223.752316889584
put,640.0,2026-10-01,136.0,0.00019469458924138854,-14547.064224498265
put,645.0,2026-10-01,9.0,0.00023210156059301016,-1147.633284919617
put,650.0,2026-10-01,54.0,0.00029271057407974165,-8683.89846591899
put,655.0,2026-10-01,164.0,0.0003647393086813274,-32863.13450325289
put,660.0,2026-10-01,43.0,0.00044277200877764416,-10459.987824603702
put,665.0,2026-10-01,61.0,0.0005585242577073381,-18717.784406044408
put,666.0,2026-10-01,1.0,0.0005757432047016909,-316.3088815247656
put,667.0,2026-10-01,20.0,0.000607471996126796,-6674.808702329068
put,668.0,2026-10-01,39.0,0.0006458322427613415,-13837.795105521569
put,670.0,2026-10-01,101.0,0.0006984845320757032,-38757.9441480105
put,671.0,2026-10-01,0.0,0.0007375530826704192,-0.0
put,672.0,2026-10-01,1.0,0.000756548405275261,-415.64186591824847
put,673.0,2026-10-01,17.0,0.0007964960473790012,-7439.009476924785
put,674.0,2026-10-01,0.0,0.0008387364276779899,-0.0
put,675.0,2026-10-01,47.0,0.0008615363006342694,-22246.106123001293
put,676.0,2026-10-01,19.0,0.0009046775163045432,-9443.434310183527
put,677.0,2026-10-01,34.0,0.0009536428567094852,-17813.417334606896
put,678.0,2026-10-01,32.0,0.0010019823526127307,-17615.404349677723
put,679.0,2026-10-01,20.0,0.0010531035475002182,-11571.339531906371
put,680.0,2026-10-01,273.0,0.001103403309074024,-165492.94892906444
put,681.0,2026-10-01,23.0,0.0011604863254195891,-14663.931694329349
put,682.0,2026-10-01,27.0,0.0012168378619969362,-18050.07638738164
put,683.0,2026-10-01,23.0,0.0012764400200731092,-16129.125226437156
put,684.0,2026-10-01,4.0,0.0013351110945790427,-2933.9990022559605
put,685.0,2026-10-01,285.0,0.0014017100087393441,-219475.27407657157
put,687.0,2026-10-01,10.0,0.0015617632080123865,-8580.206757088574
put,688.0,2026-10-01,12.0,0.001631358023715618,-10755.066376134833
put,689.0,2026-10-01,5.0,0.00173149667526679,-4756.3546755298785
put,690.0,2026-10-01,267.0,0.001810498297404004,-265577.90933466
put,691.0,2026-10-01,2.0,0.0019226841439349196,-2112.6157152252003
put,692.0,2026-10-01,56.0,0.0020066032336432194,-61735.09210635905
put,693.0,2026-10-01,38.0,0.0021261499802588393,-44387.435987551195
put,694.0,2026-10-01,1026.0,0.0022469854114998446,-1266572.8641851272
put,695.0,2026-10-01,444.0,0.0023722357932369357,-578659.9033888631
put,696.0,2026-10-01,3.0,0.002505478558083776,-4129.471857869594
put,697.0,2026-10-01,20.0,0.002692502799868753,-29584.805940351685
put,698.0,2026-10-01,60.0,0.002812622354658271,-92713.98330592204
put,699.0,2026-10-01,61.0,0.002984916894074128,-100033.3112165652
put,700.0,2026-10-01,775.0,0.0031454823208953014,-1339280.411225548
put,701.0,2026-10-01,520.0,0.003336214268934828,-953103.0180892255
put,702.0,2026-10-01,19.0,0.003555384383201811,-37112.715044988756
put,703.0,2026-10-01,9.0,0.003763933064771881,-18610.88247879623
put,704.0,2026-10-01,21.0,0.004002915568182018,-46182.59052519939
put,705.0,2026-10-01,301.0,0.004252921765416735,-703293.259337763
put,706.0,2026-10-01,12.0,0.004514666838732479,-29763.87819892008
put,707.0,2026-10-01,8.0,0.004827956701321147,-21219.537763001634
put,708.0,2026-10-01,63.0,0.005094310161858584,-176322.80986655518
put,709.0,2026-10-01,5.0,0.005414377521383552,-14873.086507629903
put,710.0,2026-10-01,415.0,0.005765539203602993,-1314530.2722189475
put,711.0,2026-10-01,27.0,0.0061334125753176195,-90980.53977226501
put,712.0,2026-10-01,55.0,0.00652973726137484,-197306.30428828363
put,713.0,2026-10-01,19.0,0.006944687379884244,-72491.7972368626
put,714.0,2026-10-01,20.0,0.00740509133120066,-81366.00267038947
put,715.0,2026-10-01,677.0,0.007854501501542798,-2921392.1731657768
put,716.0,2026-10-01,39.0,0.008336035877255543,-178610.4019343083
put,717.0,2026-10-01,70.0,0.008860965480323722,-340770.2323180829
put,718.0,2026-10-01,86.0,0.009404945034692847,-444362.3743313797
put,719.0,2026-10-01,43.0,0.009977727348330205,-235712.52136934744
put,720.0,2026-10-01,285.0,0.010572208236459232,-1655362.582720173
put,721.0,2026-10-01,25.0,0.011203076531493956,-153872.09863593883
put,722.0,2026-10-01,31.0,0.011847395548624308,-201774.90335150962
put,723.0,2026-10-01,54.0,0.012520571199563721,-371450.08981705195
put,724.0,2026-10-01,63.0,0.013215052320342664,-457395.6205301505
put,725.0,2026-10-01,251.0,0.01393160145823606,-1921132.54488875
put,726.0,2026-10-01,113.0,0.014655819017411514,-909852.7298642605
put,727.0,2026-10-01,224.0,0.015405749053394292,-1895891.1673873137
put,728.0,2026-10-01,56.0,0.01616144118814141,-497222.39234605664
put,729.0,2026-10-01,60.0,0.016915742167867405,-557602.7063716803
put,730.0,2026-10-01,1474.0,0.017676410107059545,-14314431.946282307
put,731.0,2026-10-01,119.0,0.01844014863378367,-1205574.1974591555
put,732.0,2026-10-01,190.0,0.01918810471291478,-2002941.414234677
put,733.0,2026-10-01,94.0,0.019929242734385403,-1029203.4090584317
put,734.0,2026-10-01,218.0,0.020621565782128853,-2469793.8061547684
put,735.0,2026-10-01,460.0,0.02130122483833335,-5383255.264501874
put,736.0,2026-10-01,1147.0,0.021938036814640655,-13824318.929308407
put,737.0,2026-10-01,389.0,0.022522803355604706,-4813429.463923878
put,738.0,2026-10-01,132.0,0.023054490556786156,-1671906.6560607774
put,739.0,2026-10-01,844.0,0.023521184314039857,-10906469.705315003
put,740.0,2026-10-01,3733.0,0.023892435168019165,-49000551.925620586
put,741.0,2026-10-01,131.0,0.024218308109972594,-1743001.1007425222
put,742.0,2026-10-01,79.0,0.024433632179387026,-1060468.2946280756
put,743.0,2026-10-01,193.0,0.024568993411990318,-2605117.033487137
put,744.0,2026-10-01,266.0,0.024577056984168108,-3591650.5780088278
put,745.0,2026-10-01,200.0,0.02449673683496309,-2691663.702149447
put,746.0,2026-10-01,65.0,0.02432508404147889,-868660.8962398032
put,747.0,2026-10-01,182.0,0.02402550501294585,-2402295.7827566736
put,748.0,2026-10-01,36.0,0.023606425610351603,-466890.7817629599
put,749.0,2026-10-01,39.0,0.023096689339031397,-494876.5848587517
put,750.0,2026-10-01,248.0,0.022499255275482282,-3065507.547247229
put,751.0,2026-10-01,10.0,0.021794909772550296,-119739.55535715804
put,755.0,2026-10-01,5.0,0.016342328116779825,-44891.745885282995
put,757.0,2026-10-01,1.0,0.015203039795046685,-8352.432949407237
put,760.0,2026-10-01,3.0,0.013417554930007625,-22114.503956187214
put,761.0,2026-10-01,1.0,0.012613988194110198,-6930.027944164595
put,765.0,2026-10-01,2.0,0.010772735198554506,-11836.915464361511
put,767.0,2026-10-01,1.0,0.008048096153875119,-4421.562029820219
put,770.0,2026-10-01,0.0,0.008760866952650664,-0.0
