tipo,strike,vencimiento,oi,gamma,gex_contrib
call,500.0,2026-09-25,0.0,0.0,0.0
call,520.0,2026-09-25,0.0,0.0,0.0
call,550.0,2026-09-25,0.0,0.0,0.0
call,555.0,2026-09-25,0.0,0.0,0.0
call,565.0,2026-09-25,0.0,0.0,0.0
call,570.0,2026-09-25,0.0,0.0,0.0
call,575.0,2026-09-25,0.0,0.0,0.0
call,580.0,2026-09-25,0.0,0.0,0.0
call,585.0,2026-09-25,39.0,0.0,0.0
call,590.0,2026-09-25,0.0,0.0,0.0
call,595.0,2026-09-25,4.0,0.0,0.0
call,600.0,2026-09-25,9.0,0.0,0.0
call,605.0,2026-09-25,4.0,0.0,0.0
call,610.0,2026-09-25,0.0,0.0,0.0
call,615.0,2026-09-25,0.0,0.0,0.0
call,620.0,2026-09-25,26.0,0.0,0.0
call,625.0,2026-09-25,0.0,0.0,0.0
call,630.0,2026-09-25,0.0,0.0,0.0
call,635.0,2026-09-25,0.0,0.0,0.0
call,640.0,2026-09-25,0.0,0.0,0.0
call,645.0,2026-09-25,0.0,0.0,0.0
call,650.0,2026-09-25,8.0,0.0,0.0
call,655.0,2026-09-25,0.0,0.0,0.0
call,660.0,2026-09-25,6.0,0.0,0.0
call,665.0,2026-09-25,8.0,0.0,0.0
call,670.0,2026-09-25,21.0,0.0,0.0
call,675.0,2026-09-25,13.0,0.0,0.0
call,680.0,2026-09-25,15.0,0.0,0.0
call,685.0,2026-09-25,18.0,0.0,0.0
call,690.0,2026-09-25,37.0,0.0,0.0
call,695.0,2026-09-25,49.0,0.0,0.0
call,700.0,2026-09-25,71.0,0.0,0.0
call,705.0,2026-09-25,81.0,0.0,0.0
call,710.0,2026-09-25,91.0,0.0,0.0
call,715.0,2026-09-25,77.0,0.0,0.0
call,720.0,2026-09-25,146.0,0.0,0.0
call,721.0,2026-09-25,73.0,0.0,0.0
call,722.0,2026-09-25,90.0,0.0,0.0
call,723.0,2026-09-25,81.0,0.0,0.0
call,724.0,2026-09-25,41.0,0.0,0.0
call,725.0,2026-09-25,23.0,0.0,0.0
call,726.0,2026-09-25,74.0,0.0,0.0
call,727.0,2026-09-25,70.0,0.0,0.0
call,728.0,2026-09-25,86.0,0.0,0.0
call,729.0,2026-09-25,45.0,0.0,0.0
call,730.0,2026-09-25,38.0,0.0,0.0
call,731.0,2026-09-25,58.0,0.0,0.0
call,732.0,2026-09-25,31.0,0.0,0.0
call,733.0,2026-09-25,88.0,0.0,0.0
call,734.0,2026-09-25,25.0,0.0,0.0
call,735.0,2026-09-25,453.0,0.0,0.0
call,736.0,2026-09-25,116.0,0.0,0.0
call,737.0,2026-09-25,83.0,0.0,0.0
call,738.0,2026-09-25,58.0,0.0,0.0
call,739.0,2026-09-25,47.0,0.0,0.0
call,740.0,2026-09-25,434.0,0.0,0.0
call,741.0,2026-09-25,268.0,0.0,0.0
call,742.0,2026-09-25,328.0,0.0,0.0
call,743.0,2026-09-25,226.0,0.0,0.0
call,744.0,2026-09-25,598.0,0.0,0.0
call,745.0,2026-09-25,166.0,0.0,0.0
call,746.0,2026-09-25,246.0,0.0,0.0
call,747.0,2026-09-25,132.0,0.0,0.0
call,748.0,2026-09-25,101.0,0.0,0.0
call,749.0,2026-09-25,274.0,0.0,0.0
call,750.0,2026-09-25,692.0,0.0,0.0
call,751.0,2026-09-25,352.0,0.0,0.0
call,752.0,2026-09-25,525.0,0.0,0.0
call,753.0,2026-09-25,411.0,0.0,0.0
call,754.0,2026-09-25,801.0,0.0,0.0
call,755.0,2026-09-25,1060.0,0.0,0.0
call,756.0,2026-09-25,844.0,0.0,0.0
call,757.0,2026-09-25,1047.0,0.0,0.0
call,758.0,2026-09-25,1609.0,0.0,0.0
call,759.0,2026-09-25,1532.0,0.0,0.0
call,760.0,2026-09-25,5143.0,0.0,0.0
call,761.0,2026-09-25,3193.0,0.0,0.0
call,762.0,2026-09-25,2074.0,0.0,0.0
call,763.0,2026-09-25,4839.0,0.0,0.0
call,764.0,2026-09-25,3223.0,0.0,0.0
call,765.0,2026-09-25,6765.0,0.0,0.0
call,766.0,2026-09-25,2731.0,0.0,0.0
call,767.0,2026-09-25,5237.0,0.0,0.0
call,768.0,2026-09-25,6300.0,0.0,0.0
call,769.0,2026-09-25,6281.0,0.0,0.0
call,770.0,2026-09-25,15712.0,0.0,0.0
call,771.0,2026-09-25,5905.0,0.0,0.0
call,772.0,2026-09-25,28410.0,0.0,0.0
call,773.0,2026-09-25,9170.0,0.0,0.0
call,774.0,2026-09-25,10018.0,0.0,0.0
call,775.0,2026-09-25,15654.0,0.0,0.0
call,776.0,2026-09-25,6453.0,0.0,0.0
call,777.0,2026-09-25,6073.0,0.0,0.0
call,778.0,2026-09-25,5854.0,0.0,0.0
call,779.0,2026-09-25,3127.0,0.0,0.0
call,780.0,2026-09-25,18140.0,0.0,0.0
call,781.0,2026-09-25,3652.0,0.0,0.0
call,782.0,2026-09-25,5374.0,0.0,0.0
call,783.0,2026-09-25,6282.0,0.0,0.0
call,784.0,2026-09-25,2497.0,0.0,0.0
call,785.0,2026-09-25,30711.0,0.0,0.0
call,786.0,2026-09-25,10220.0,0.0,0.0
call,787.0,2026-09-25,3542.0,0.0,0.0
call,788.0,2026-09-25,4557.0,0.0,0.0
call,789.0,2026-09-25,1767.0,0.0,0.0
call,790.0,2026-09-25,21902.0,0.0,0.0
call,791.0,2026-09-25,6297.0,0.0,0.0
call,792.0,2026-09-25,1448.0,0.0,0.0
call,793.0,2026-09-25,1785.0,0.0,0.0
call,794.0,2026-09-25,4213.0,0.0,0.0
call,795.0,2026-09-25,3571.0,0.0,0.0
call,796.0,2026-09-25,2752.0,0.0,0.0
call,797.0,2026-09-25,2976.0,0.0,0.0
call,798.0,2026-09-25,1525.0,0.0,0.0
call,799.0,2026-09-25,598.0,0.0,0.0
call,800.0,2026-09-25,6041.0,0.0,0.0
call,801.0,2026-09-25,905.0,0.0,0.0
call,802.0,2026-09-25,449.0,0.0,0.0
call,803.0,2026-09-25,600.0,0.0,0.0
call,804.0,2026-09-25,678.0,0.0,0.0
call,805.0,2026-09-25,1869.0,0.0,0.0
call,806.0,2026-09-25,770.0,0.0,0.0
call,807.0,2026-09-25,710.0,0.0,0.0
call,808.0,2026-09-25,529.0,0.0,0.0
call,809.0,2026-09-25,2814.0,0.0,0.0
call,810.0,2026-09-25,1430.0,0.0,0.0
call,811.0,2026-09-25,274.0,0.0,0.0
call,812.0,2026-09-25,302.0,0.0,0.0
call,813.0,2026-09-25,609.0,0.0,0.0
call,814.0,2026-09-25,197.0,0.0,0.0
call,815.0,2026-09-25,1322.0,0.0,0.0
call,816.0,2026-09-25,1291.0,0.0,0.0
call,817.0,2026-09-25,577.0,0.0,0.0
call,818.0,2026-09-25,367.0,0.0,0.0
call,819.0,2026-09-25,1715.0,0.0,0.0
call,820.0,2026-09-25,3587.0,0.0,0.0
call,821.0,2026-09-25,4230.0,0.0,0.0
call,822.0,2026-09-25,110.0,0.0,0.0
call,823.0,2026-09-25,522.0,0.0,0.0
call,824.0,2026-09-25,236.0,0.0,0.0
call,825.0,2026-09-25,3332.0,0.0,0.0
call,830.0,2026-09-25,501.0,0.0,0.0
call,835.0,2026-09-25,283.0,0.0,0.0
call,840.0,2026-09-25,224.0,0.0,0.0
call,845.0,2026-09-25,517.0,0.0,0.0
call,850.0,2026-09-25,158.0,0.0,0.0
call,855.0,2026-09-25,203.0,0.0,0.0
call,860.0,2026-09-25,94.0,0.0,0.0
call,865.0,2026-09-25,59.0,0.0,0.0
call,870.0,2026-09-25,242.0,0.0,0.0
call,875.0,2026-09-25,12.0,0.0,0.0
call,880.0,2026-09-25,27.0,0.0,0.0
call,885.0,2026-09-25,0.0,0.0,0.0
call,890.0,2026-09-25,6.0,0.0,0.0
call,895.0,2026-09-25,2755.0,0.0,0.0
call,900.0,2026-09-25,2688.0,0.0,0.0
call,910.0,2026-09-25,0.0,0.0,0.0
call,915.0,2026-09-25,32.0,0.0,0.0
call,920.0,2026-09-25,0.0,0.0,0.0
call,925.0,2026-09-25,2.0,0.0,0.0
call,930.0,2026-09-25,2.0,0.0,0.0
put,500.0,2026-09-25,2482.0,0.0,-0.0
put,505.0,2026-09-25,759.0,0.0,-0.0
put,510.0,2026-09-25,210.0,0.0,-0.0
put,515.0,2026-09-25,78.0,0.0,-0.0
put,520.0,2026-09-25,645.0,0.0,-0.0
put,525.0,2026-09-25,99.0,0.0,-0.0
put,530.0,2026-09-25,18140.0,0.0,-0.0
put,535.0,2026-09-25,109.0,0.0,-0.0
put,540.0,2026-09-25,506.0,0.0,-0.0
put,545.0,2026-09-25,81.0,0.0,-0.0
put,550.0,2026-09-25,237.0,0.0,-0.0
put,555.0,2026-09-25,247.0,0.0,-0.0
put,560.0,2026-09-25,1150.0,0.0,-0.0
put,565.0,2026-09-25,24.0,0.0,-0.0
put,570.0,2026-09-25,76.0,0.0,-0.0
put,575.0,2026-09-25,157.0,0.0,-0.0
put,580.0,2026-09-25,196.0,0.0,-0.0
put,585.0,2026-09-25,52.0,0.0,-0.0
put,590.0,2026-09-25,362.0,0.0,-0.0
put,595.0,2026-09-25,2157.0,0.0,-0.0
put,600.0,2026-09-25,599.0,0.0,-0.0
put,605.0,2026-09-25,1015.0,0.0,-0.0
put,610.0,2026-09-25,864.0,0.0,-0.0
put,615.0,2026-09-25,995.0,0.0,-0.0
put,620.0,2026-09-25,4758.0,0.0,-0.0
put,625.0,2026-09-25,1173.0,0.0,-0.0
put,630.0,2026-09-25,890.0,0.0,-0.0
put,635.0,2026-09-25,1271.0,0.0,-0.0
put,640.0,2026-09-25,12139.0,0.0,-0.0
put,645.0,2026-09-25,1434.0,0.0,-0.0
put,650.0,2026-09-25,1081.0,0.0,-0.0
put,655.0,2026-09-25,1454.0,0.0,-0.0
put,660.0,2026-09-25,1480.0,0.0,-0.0
put,665.0,2026-09-25,2649.0,0.0,-0.0
put,670.0,2026-09-25,8686.0,0.0,-0.0
put,675.0,2026-09-25,11458.0,0.0,-0.0
put,680.0,2026-09-25,3601.0,0.0,-0.0
put,685.0,2026-09-25,1770.0,0.0,-0.0
put,690.0,2026-09-25,1794.0,0.0,-0.0
put,695.0,2026-09-25,3848.0,0.0,-0.0
put,700.0,2026-09-25,2143.0,0.0,-0.0
put,705.0,2026-09-25,1907.0,0.0,-0.0
put,710.0,2026-09-25,3449.0,0.0,-0.0
put,715.0,2026-09-25,4170.0,0.0,-0.0
put,720.0,2026-09-25,5386.0,0.0,-0.0
put,721.0,2026-09-25,636.0,0.0,-0.0
put,722.0,2026-09-25,1428.0,0.0,-0.0
put,723.0,2026-09-25,1097.0,0.0,-0.0
put,724.0,2026-09-25,717.0,0.0,-0.0
put,725.0,2026-09-25,12369.0,0.0,-0.0
put,726.0,2026-09-25,5082.0,0.0,-0.0
put,727.0,2026-09-25,18950.0,0.0,-0.0
put,728.0,2026-09-25,1737.0,0.0,-0.0
put,729.0,2026-09-25,630.0,0.0,-0.0
put,730.0,2026-09-25,135841.0,0.0,-0.0
put,731.0,2026-09-25,6034.0,0.0,-0.0
put,732.0,2026-09-25,2460.0,0.0,-0.0
put,733.0,2026-09-25,761.0,0.0,-0.0
put,734.0,2026-09-25,2518.0,0.0,-0.0
put,735.0,2026-09-25,3788.0,0.0,-0.0
put,736.0,2026-09-25,2121.0,0.0,-0.0
put,737.0,2026-09-25,909.0,0.0,-0.0
put,738.0,2026-09-25,1298.0,0.0,-0.0
put,739.0,2026-09-25,1683.0,0.0,-0.0
put,740.0,2026-09-25,24432.0,0.0,-0.0
put,741.0,2026-09-25,2906.0,0.0,-0.0
put,742.0,2026-09-25,1031.0,0.0,-0.0
put,743.0,2026-09-25,2756.0,0.0,-0.0
put,744.0,2026-09-25,2003.0,0.0,-0.0
put,745.0,2026-09-25,145800.0,0.0,-0.0
put,746.0,2026-09-25,3615.0,0.0,-0.0
put,747.0,2026-09-25,2085.0,0.0,-0.0
put,748.0,2026-09-25,2789.0,0.0,-0.0
put,749.0,2026-09-25,2688.0,0.0,-0.0
put,750.0,2026-09-25,19381.0,0.0,-0.0
put,751.0,2026-09-25,2551.0,0.0,-0.0
put,752.0,2026-09-25,4621.0,0.0,-0.0
put,753.0,2026-09-25,2156.0,0.0,-0.0
put,754.0,2026-09-25,4120.0,0.0,-0.0
put,755.0,2026-09-25,22417.0,0.0,-0.0
put,756.0,2026-09-25,3240.0,0.0,-0.0
put,757.0,2026-09-25,4177.0,0.0,-0.0
put,758.0,2026-09-25,4915.0,0.0,-0.0
put,759.0,2026-09-25,4565.0,0.0,-0.0
put,760.0,2026-09-25,30041.0,0.0,-0.0
put,761.0,2026-09-25,3852.0,0.0,-0.0
put,762.0,2026-09-25,6229.0,0.0,-0.0
put,763.0,2026-09-25,4611.0,0.0,-0.0
put,764.0,2026-09-25,3209.0,0.0,-0.0
put,765.0,2026-09-25,7578.0,0.0,-0.0
put,766.0,2026-09-25,7936.0,0.0,-0.0
put,767.0,2026-09-25,5259.0,0.0,-0.0
put,768.0,2026-09-25,5091.0,0.0,-0.0
put,769.0,2026-09-25,4660.0,0.0,-0.0
put,770.0,2026-09-25,6581.0,0.0,-0.0
put,771.0,2026-09-25,2574.0,0.0,-0.0
put,772.0,2026-09-25,6307.0,0.0,-0.0
put,773.0,2026-09-25,3625.0,0.0,-0.0
put,774.0,2026-09-25,2823.0,0.0,-0.0
put,775.0,2026-09-25,2275.0,0.0,-0.0
put,776.0,2026-09-25,1051.0,0.0,-0.0
put,777.0,2026-09-25,1826.0,0.0,-0.0
put,778.0,2026-09-25,649.0,0.0,-0.0
put,779.0,2026-09-25,526.0,0.0,-0.0
put,780.0,2026-09-25,144.0,0.0,-0.0
put,781.0,2026-09-25,1.0,0.0,-0.0
put,782.0,2026-09-25,0.0,0.0,-0.0
put,783.0,2026-09-25,3.0,0.0,-0.0
put,784.0,2026-09-25,0.0,0.0,-0.0
put,785.0,2026-09-25,4.0,0.0,-0.0
put,786.0,2026-09-25,0.0,0.0,-0.0
put,787.0,2026-09-25,1.0,0.0,-0.0
put,788.0,2026-09-25,0.0,0.0,-0.0
put,789.0,2026-09-25,0.0,0.0,-0.0
put,790.0,2026-09-25,0.0,0.0,-0.0
put,791.0,2026-09-25,0.0,0.0,-0.0
put,792.0,2026-09-25,0.0,0.0,-0.0
put,793.0,2026-09-25,0.0,0.0,-0.0
put,794.0,2026-09-25,0.0,0.0,-0.0
put,795.0,2026-09-25,5.0,0.0,-0.0
put,796.0,2026-09-25,4.0,0.0,-0.0
put,797.0,2026-09-25,0.0,0.0,-0.0
put,798.0,2026-09-25,0.0,0.0,-0.0
put,799.0,2026-09-25,0.0,0.0,-0.0
put,800.0,2026-09-25,10.0,0.0,-0.0
put,801.0,2026-09-25,0.0,0.0,-0.0
put,802.0,2026-09-25,0.0,0.0,-0.0
put,803.0,2026-09-25,0.0,0.0,-0.0
put,804.0,2026-09-25,0.0,0.0,-0.0
put,805.0,2026-09-25,0.0,0.0,-0.0
put,806.0,2026-09-25,0.0,0.0,-0.0
put,807.0,2026-09-25,0.0,0.0,-0.0
put,808.0,2026-09-25,0.0,0.0,-0.0
put,809.0,2026-09-25,0.0,0.0,-0.0
put,810.0,2026-09-25,0.0,0.0,-0.0
put,811.0,2026-09-25,0.0,0.0,-0.0
put,812.0,2026-09-25,0.0,0.0,-0.0
put,813.0,2026-09-25,0.0,0.0,-0.0
put,818.0,2026-09-25,0.0,0.0,-0.0
put,819.0,2026-09-25,0.0,0.0,-0.0
put,820.0,2026-09-25,0.0,0.0,-0.0
put,821.0,2026-09-25,0.0,0.0,-0.0
put,823.0,2026-09-25,0.0,0.0,-0.0
put,824.0,2026-09-25,0.0,0.0,-0.0
put,825.0,2026-09-25,1.0,0.0,-0.0
put,830.0,2026-09-25,0.0,0.0,-0.0
put,835.0,2026-09-25,0.0,0.0,-0.0
put,850.0,2026-09-25,0.0,0.0,-0.0
put,855.0,2026-09-25,0.0,0.0,-0.0
put,865.0,2026-09-25,0.0,0.0,-0.0
put,870.0,2026-09-25,0.0,0.0,-0.0
call,605.0,2026-09-28,0.0,0.00037594654311518726,0.0
call,610.0,2026-09-28,0.0,0.00039994181749673427,0.0
call,615.0,2026-09-28,0.0,0.00042622854000176863,0.0
call,620.0,2026-09-28,0.0,0.0004551173689552925,0.0
call,645.0,2026-09-28,5.0,0.0006548338112640659,1927.0617728214656
call,650.0,2026-09-28,12.0,0.0007077453253040546,4998.650727532018
call,665.0,2026-09-28,25.0,0.0009117989992472125,13416.327667582918
call,670.0,2026-09-28,22.0,0.0010011918663890603,12963.86590777378
call,675.0,2026-09-28,35.0,0.0010992683437678283,22644.685977362493
call,680.0,2026-09-28,34.0,0.0012112974783827246,24239.534026019588
call,685.0,2026-09-28,50.0,0.001346088266730288,39613.03153623199
call,690.0,2026-09-28,49.0,0.001497876066757441,43198.284295040314
call,695.0,2026-09-28,33.0,0.0016815883976456808,32660.902317012136
call,700.0,2026-09-28,38.0,0.0018930978785120444,42340.03396379797
call,705.0,2026-09-28,29.0,0.002154146940769435,36767.81815005267
call,710.0,2026-09-28,19.0,0.002463336438209546,27546.845211202246
call,715.0,2026-09-28,44.0,0.0,0.0
call,718.0,2026-09-28,43.0,0.0,0.0
call,719.0,2026-09-28,22.0,0.0,0.0
call,720.0,2026-09-28,26.0,0.0,0.0
call,721.0,2026-09-28,30.0,0.0,0.0
call,722.0,2026-09-28,24.0,0.0,0.0
call,723.0,2026-09-28,16.0,0.0,0.0
call,724.0,2026-09-28,17.0,0.0,0.0
call,725.0,2026-09-28,28.0,0.0,0.0
call,726.0,2026-09-28,41.0,0.0,0.0
call,727.0,2026-09-28,38.0,0.0,0.0
call,728.0,2026-09-28,41.0,0.0,0.0
call,729.0,2026-09-28,54.0,0.0,0.0
call,730.0,2026-09-28,48.0,0.0,0.0
call,731.0,2026-09-28,46.0,0.0,0.0
call,732.0,2026-09-28,43.0,0.0,0.0
call,733.0,2026-09-28,30.0,0.0,0.0
call,734.0,2026-09-28,88.0,0.0,0.0
call,735.0,2026-09-28,165.0,0.0,0.0
call,736.0,2026-09-28,82.0,0.0,0.0
call,737.0,2026-09-28,63.0,0.0,0.0
call,738.0,2026-09-28,231.0,0.0,0.0
call,739.0,2026-09-28,216.0,0.0,0.0
call,740.0,2026-09-28,262.0,0.0,0.0
call,741.0,2026-09-28,78.0,0.0,0.0
call,742.0,2026-09-28,97.0,0.0,0.0
call,743.0,2026-09-28,121.0,0.0,0.0
call,744.0,2026-09-28,51.0,0.0,0.0
call,745.0,2026-09-28,53.0,0.0,0.0
call,746.0,2026-09-28,65.0,0.0,0.0
call,747.0,2026-09-28,49.0,0.0,0.0
call,748.0,2026-09-28,67.0,0.0,0.0
call,749.0,2026-09-28,55.0,0.0,0.0
call,750.0,2026-09-28,109.0,0.0,0.0
call,751.0,2026-09-28,165.0,0.0002479612592633833,24080.323337575464
call,752.0,2026-09-28,188.0,0.0016360880915543075,181033.5506891197
call,753.0,2026-09-28,158.0,0.0037872336895945395,352187.3295184984
call,754.0,2026-09-28,155.0,0.005791339651716844,528329.9991426314
call,755.0,2026-09-28,164.0,0.00853711585995311,824042.4034016792
call,756.0,2026-09-28,233.0,0.011796677239855915,1617745.330146008
call,757.0,2026-09-28,131.0,0.01570124004838392,1210597.5360799388
call,758.0,2026-09-28,319.0,0.020132737528098802,3779967.374159822
call,759.0,2026-09-28,221.0,0.025189893103396865,3276522.350846744
call,760.0,2026-09-28,929.0,0.030827186628547627,16855597.12073304
call,761.0,2026-09-28,540.0,0.037017918711825006,11765226.538160548
call,762.0,2026-09-28,281.0,0.04355362505713201,7203194.879842975
call,763.0,2026-09-28,277.0,0.0501386826299889,8174236.987083693
call,764.0,2026-09-28,292.0,0.05641909461762124,9696243.217253119
call,765.0,2026-09-28,986.0,0.062011703000856656,35986955.7561704
call,766.0,2026-09-28,379.0,0.06620299714288087,14767650.23996547
call,767.0,2026-09-28,858.0,0.06894954445768743,34818753.99871029
call,768.0,2026-09-28,1236.0,0.06937552009149393,50468367.79093591
call,769.0,2026-09-28,1583.0,0.06754698173374582,62933429.562437676
call,770.0,2026-09-28,4416.0,0.0637731341439995,165752986.57834762
call,771.0,2026-09-28,889.0,0.05834478304779036,30527998.16335423
call,772.0,2026-09-28,1597.0,0.051426119259983076,48337390.96324123
call,773.0,2026-09-28,3248.0,0.04401079830905788,84133664.14468747
call,774.0,2026-09-28,1673.0,0.036567791608454546,36007188.39041188
call,775.0,2026-09-28,3605.0,0.029591730749857305,62787063.575594924
call,776.0,2026-09-28,2114.0,0.023553777626628768,29306239.20715434
call,777.0,2026-09-28,2446.0,0.018227307154922934,26240584.310734816
call,778.0,2026-09-28,854.0,0.014014543943988936,7044195.117646667
call,779.0,2026-09-28,608.0,0.010832685247905881,3876450.4806351997
call,780.0,2026-09-28,12127.0,0.008326213889229503,59428596.981852144
call,781.0,2026-09-28,1255.0,0.006119892542011707,4520454.049446256
call,782.0,2026-09-28,875.0,0.004806875742764923,2475514.5625776015
call,783.0,2026-09-28,1488.0,0.003699336753013387,3239823.379465796
call,784.0,2026-09-28,921.0,0.0030388480330885057,1647263.779861032
call,785.0,2026-09-28,734.0,0.0024832668588275547,1072788.2030326484
call,786.0,2026-09-28,1892.0,0.001988151271005518,2213936.161326746
call,787.0,2026-09-28,1300.0,0.0015537487628723625,1188827.0679353552
call,788.0,2026-09-28,579.0,0.0014105777933021068,480695.5955421802
call,789.0,2026-09-28,302.0,0.0012883953398971648,229007.98469991397
call,790.0,2026-09-28,877.0,0.000998579993717174,515438.6618431731
call,791.0,2026-09-28,568.0,0.0008992074664452465,300609.5522318559
call,792.0,2026-09-28,677.0,0.0008377789082530393,333820.21136678866
call,793.0,2026-09-28,288.0,0.0007621853910493754,129195.57665508446
call,794.0,2026-09-28,918.0,0.0005867970330384691,317048.0797398699
call,795.0,2026-09-28,890.0,0.0005401621713240648,282949.355907997
call,796.0,2026-09-28,105.0,0.0004992579922079659,30853.81431931512
call,797.0,2026-09-28,350.0,0.0004631958016343692,95417.31583110431
call,798.0,2026-09-28,864.0,0.0004312497441067107,219299.24147003793
call,799.0,2026-09-28,251.0,0.00040282285547679915,59508.96019004373
call,800.0,2026-09-28,653.0,0.00037742097328696556,145055.34895835584
call,801.0,2026-09-28,38.0,0.0003546325196603208,7931.524881791634
call,802.0,2026-09-28,26.0,0.0003341127121236002,5112.824484951284
call,803.0,2026-09-28,532.0,0.0002278965372086671,71358.2014392381
call,804.0,2026-09-28,696.0,0.00021700428906673143,88893.92737901668
call,805.0,2026-09-28,67.0,0.00020705823192331715,8165.10625254715
call,806.0,2026-09-28,54.0,0.00019795023272688915,6291.356760069549
call,807.0,2026-09-28,47.0,0.0001895872055680402,5244.467759160251
call,808.0,2026-09-28,49.0,0.0001818886766264616,5245.613397086818
call,809.0,2026-09-28,33.0,0.00017478479426392217,3394.783824594311
call,810.0,2026-09-28,126.0,0.00015985468139066608,11854.696532881333
call,815.0,2026-09-28,7.0,8.577449122205763e-05,353.3871287394706
call,820.0,2026-09-28,11.0,7.011240723899762e-05,453.9229075021199
call,825.0,2026-09-28,244.0,5.3627124664081934e-05,7701.385712318878
call,830.0,2026-09-28,123.0,4.658118023707452e-05,3372.1752473724064
call,835.0,2026-09-28,16.0,4.126160850542971e-05,388.5623109531185
call,840.0,2026-09-28,280.0,3.4193782527214694e-05,5635.07516319811
call,850.0,2026-09-28,89.0,1.0494024469128804e-05,549.7011123797057
call,855.0,2026-09-28,1284.0,9.511273713581002e-06,7187.837336129806
call,860.0,2026-09-28,366.0,8.723247060937554e-06,1879.116884439125
call,865.0,2026-09-28,120.0,8.08334950270894e-06,570.9093289348517
put,550.0,2026-09-28,76.0,3.1010614424482064e-07,-13.871342658762162
put,555.0,2026-09-28,460.0,3.7476701245125053e-07,-101.46440780966842
put,560.0,2026-09-28,150.0,3.14681795733833e-07,-27.781610329079815
put,565.0,2026-09-28,90.0,3.804326630991688e-07,-20.151846365364214
put,570.0,2026-09-28,3.0,4.602626717290801e-07,-0.8126836930734922
put,585.0,2026-09-28,320.0,5.528469333309907e-07,-104.12365867422078
put,590.0,2026-09-28,144.0,4.385633465736601e-07,-37.16972610978392
put,595.0,2026-09-28,136.0,5.321229223487534e-07,-42.593704395452136
put,600.0,2026-09-28,34.0,6.468592166665914e-07,-12.944438729756904
put,610.0,2026-09-28,1.0,6.003730197844083e-07,-0.3533586311392735
put,615.0,2026-09-28,10.0,7.324937880910992e-07,-4.311203097881346
put,620.0,2026-09-28,29.0,8.963442153592178e-07,-15.299151829636871
put,625.0,2026-09-28,28.0,1.1005018814304704e-06,-18.13607726540916
put,630.0,2026-09-28,304.0,7.942988691261472e-07,-142.11897431374538
put,635.0,2026-09-28,102.0,2.741017698661002e-06,-164.5532818114785
put,640.0,2026-09-28,183.0,2.688058302052116e-06,-289.5238267618209
put,645.0,2026-09-28,92.0,3.366453859197484e-06,-182.28671995856493
put,650.0,2026-09-28,16.0,3.277033255767807e-06,-30.85996065237738
put,655.0,2026-09-28,4198.0,4.145122451157221e-06,-10241.753889355332
put,660.0,2026-09-28,3808.0,1.1101847761289706e-05,-24882.0835449323
put,665.0,2026-09-28,148.0,5.123021608528972e-06,-446.25432655758385
put,670.0,2026-09-28,160.0,1.3006613937699782e-05,-1224.8383309251299
put,675.0,2026-09-28,2655.0,1.501445450794163e-05,-23462.19394556845
put,680.0,2026-09-28,130.0,1.742705926288574e-05,-1333.4047473628818
put,685.0,2026-09-28,135.0,1.896983112672459e-05,-1507.2724802142247
put,690.0,2026-09-28,88.0,2.225544622232162e-05,-1152.6926265768573
put,695.0,2026-09-28,254.0,2.43412202400095e-05,-3638.9040065606696
put,700.0,2026-09-28,169.0,4.6338865699467504e-05,-4609.211534356387
put,705.0,2026-09-28,260.0,5.7122664718737274e-05,-8741.306398170807
put,710.0,2026-09-28,233.0,6.602074455482904e-05,-9053.79955937844
put,715.0,2026-09-28,1340.0,0.00011231586987900268,-88580.97578549293
put,718.0,2026-09-28,300.0,0.00012723639348496708,-22466.071767727477
put,719.0,2026-09-28,103.0,0.00013471156536058417,-8166.512742708604
put,720.0,2026-09-28,531.0,0.00014280182381158404,-44629.58123821444
put,721.0,2026-09-28,166.0,0.00018576646007438408,-18149.72002427662
put,722.0,2026-09-28,179.0,0.00019779071995868876,-20837.877419330864
put,723.0,2026-09-28,159.0,0.000202594130840874,-18959.135071495697
put,724.0,2026-09-28,1068.0,0.00021627140229339093,-135945.51539268374
put,725.0,2026-09-28,1511.0,0.0002218487857687401,-197294.98994993774
put,726.0,2026-09-28,325.0,0.00023750892420053998,-45431.57888728173
put,727.0,2026-09-28,42.0,0.00030025161431557147,-7422.140618078182
put,728.0,2026-09-28,143.0,0.00031019845035591014,-26107.795245240788
put,729.0,2026-09-28,96.0,0.00033423450549875726,-18885.00277536876
put,730.0,2026-09-28,595.0,0.0003461275005856668,-121212.5558391431
put,731.0,2026-09-28,149.0,0.0004322403911862612,-37905.84240131528
put,732.0,2026-09-28,326.0,0.00045964710498745025,-88193.5178135175
put,733.0,2026-09-28,262.0,0.00047975350089486863,-73979.94098801531
put,734.0,2026-09-28,517.0,0.0005120470067854356,-155809.8507352421
put,735.0,2026-09-28,8988.0,0.0006201631686432648,-3280677.728989281
put,736.0,2026-09-28,369.0,0.0006660900979617148,-144661.8052248449
put,737.0,2026-09-28,884.0,0.000793304498995779,-412749.65500134416
put,738.0,2026-09-28,609.0,0.0008406436022604249,-301317.07394269155
put,739.0,2026-09-28,1475.0,0.0009965100125289871,-865103.8078853851
put,740.0,2026-09-28,3027.0,0.0011602889322076797,-2067155.3092382844
put,741.0,2026-09-28,1519.0,0.0013537842568097894,-1210324.3475402754
put,742.0,2026-09-28,487.0,0.0015547437589751045,-445638.1062463344
put,743.0,2026-09-28,800.0,0.0018067293738737353,-850702.3431804385
put,744.0,2026-09-28,711.0,0.0020695153965117428,-866029.7258757572
put,745.0,2026-09-28,1110.0,0.0024791030802482072,-1619616.1563634255
put,746.0,2026-09-28,506.0,0.0028122549888671025,-837528.7987801059
put,747.0,2026-09-28,476.0,0.003457918612602314,-968760.1296240416
put,748.0,2026-09-28,1217.0,0.004051731000261752,-2902189.183421501
put,749.0,2026-09-28,1754.0,0.004855829189800337,-5012882.524138756
put,750.0,2026-09-28,1438.0,0.00574884881910195,-4865576.56006321
put,751.0,2026-09-28,517.0,0.006894105400029787,-2097794.7709823833
put,752.0,2026-09-28,475.0,0.008198977687161761,-2292175.4184185597
put,753.0,2026-09-28,1031.0,0.009933525274276012,-6027769.033154683
put,754.0,2026-09-28,478.0,0.011841291697564245,-3331359.5863293447
put,755.0,2026-09-28,2541.0,0.01399827347993253,-20935034.244928718
put,756.0,2026-09-28,705.0,0.016767849036913744,-6957624.86195308
put,757.0,2026-09-28,733.0,0.0198311825477539,-8555534.039875617
put,758.0,2026-09-28,652.0,0.023467218606972776,-9005415.414524455
put,759.0,2026-09-28,679.0,0.027519616911480062,-10997822.217104
put,760.0,2026-09-28,5463.0,0.03204075954379615,-103021659.15701672
put,761.0,2026-09-28,778.0,0.03692013148605789,-16905864.0670535
put,762.0,2026-09-28,1507.0,0.04201432936761388,-37265351.73048092
put,763.0,2026-09-28,729.0,0.04721796073363303,-20259526.53321376
put,764.0,2026-09-28,1568.0,0.052002006665423574,-47991099.24138887
put,765.0,2026-09-28,1869.0,0.05620116660936357,-61822870.88760245
put,766.0,2026-09-28,895.0,0.05955859522646903,-31373431.14115569
put,767.0,2026-09-28,979.0,0.06152109584479688,-35448779.83866751
put,768.0,2026-09-28,1901.0,0.061830704505979765,-69180046.3161721
put,769.0,2026-09-28,1115.0,0.06060898097043633,-39774651.78621386
put,770.0,2026-09-28,3524.0,0.05759398851950694,-119455896.47632773
put,771.0,2026-09-28,881.0,0.05341594499520566,-27697550.384843227
put,772.0,2026-09-28,1255.0,0.048183175316884645,-35590466.4144303
put,773.0,2026-09-28,1094.0,0.04275295985416928,-27528214.62571928
put,774.0,2026-09-28,1065.0,0.03729944069474867,-23380105.36532381
put,775.0,2026-09-28,670.0,0.03216539390281145,-12684057.833969757
put,776.0,2026-09-28,395.0,0.0276432091130493,-6426582.563148186
put,777.0,2026-09-28,289.0,0.02377641955903427,-4044257.8311520745
put,778.0,2026-09-28,519.0,0.02079087514518129,-6350891.085282097
put,779.0,2026-09-28,533.0,0.018350081410821936,-5756516.330391939
put,780.0,2026-09-28,297.0,0.016438916072909576,-2873585.768823739
put,781.0,2026-09-28,55.0,0.014829057289670714,-480032.6408347032
put,782.0,2026-09-28,0.0,0.013466539317701243,-0.0
put,783.0,2026-09-28,1.0,0.012274128029425934,-7224.123896279681
put,784.0,2026-09-28,0.0,0.011247566443194442,-0.0
put,785.0,2026-09-28,0.0,0.010357513396621684,-0.0
put,786.0,2026-09-28,0.0,0.009557087928571682,-0.0
put,787.0,2026-09-28,0.0,0.008865578669215108,-0.0
put,788.0,2026-09-28,0.0,0.008244839270994734,-0.0
put,789.0,2026-09-28,0.0,0.007684533575418232,-0.0
put,790.0,2026-09-28,0.0,0.0071853688964377315,-0.0
put,791.0,2026-09-28,1.0,0.006925125976575304,-4075.8877479677585
put,792.0,2026-09-28,0.0,0.006513052129202376,-0.0
put,793.0,2026-09-28,0.0,0.006133767885673679,-0.0
put,794.0,2026-09-28,0.0,0.0057481528346588024,-0.0
put,795.0,2026-09-28,0.0,0.005471997636583542,-0.0
put,796.0,2026-09-28,0.0,0.008326935275136428,-0.0
put,797.0,2026-09-28,0.0,0.007891879710376469,-0.0
put,798.0,2026-09-28,0.0,0.0076924895111106905,-0.0
put,799.0,2026-09-28,0.0,0.007385440431098075,-0.0
put,800.0,2026-09-28,70.0,0.007024119226616616,-289390.6206906687
put,801.0,2026-09-28,0.0,0.006851758911558052,-0.0
put,802.0,2026-09-28,0.0,0.006519788290042068,-0.0
put,803.0,2026-09-28,0.0,0.006293498066109924,-0.0
put,804.0,2026-09-28,0.0,0.006078568512544365,-0.0
put,805.0,2026-09-28,0.0,0.005883076939992486,-0.0
put,806.0,2026-09-28,0.0,0.005684547240803072,-0.0
put,807.0,2026-09-28,0.0,0.005501982807514962,-0.0
put,808.0,2026-09-28,0.0,0.005329244883442178,-0.0
put,809.0,2026-09-28,0.0,0.0051656473591398175,-0.0
put,810.0,2026-09-28,0.0,0.00505133118737063,-0.0
put,815.0,2026-09-28,0.0,0.004333659069686061,-0.0
put,820.0,2026-09-28,0.0,0.0037932518761595664,-0.0
put,825.0,2026-09-28,0.0,0.003389390718248538,-0.0
put,830.0,2026-09-28,0.0,0.002970198066246516,-0.0
put,835.0,2026-09-28,0.0,0.002631427769090825,-0.0
put,840.0,2026-09-28,0.0,0.0023786781381299614,-0.0
call,640.0,2026-09-29,3.0,0.0007333636625780208,1294.8968627649683
call,680.0,2026-09-29,59.0,0.0014167209594443215,49196.12171746914
call,685.0,2026-09-29,102.0,0.0015645211416953125,93923.90587451104
call,690.0,2026-09-29,40.0,0.0017308616361202582,40748.99292780121
call,695.0,2026-09-29,56.0,0.0019297401523870588,63603.555970958725
call,700.0,2026-09-29,45.0,0.0021640736761098364,57316.42478990608
call,705.0,2026-09-29,61.0,0.0,0.0
call,710.0,2026-09-29,77.0,0.0,0.0
call,715.0,2026-09-29,76.0,0.0,0.0
call,718.0,2026-09-29,445.0,0.0,0.0
call,719.0,2026-09-29,255.0,0.0,0.0
call,720.0,2026-09-29,115.0,0.0,0.0
call,721.0,2026-09-29,159.0,0.0,0.0
call,722.0,2026-09-29,103.0,0.0,0.0
call,723.0,2026-09-29,94.0,0.0,0.0
call,724.0,2026-09-29,53.0,0.0,0.0
call,725.0,2026-09-29,83.0,0.0,0.0
call,726.0,2026-09-29,93.0,0.0,0.0
call,727.0,2026-09-29,101.0,0.0,0.0
call,728.0,2026-09-29,59.0,0.0,0.0
call,729.0,2026-09-29,120.0,0.0,0.0
call,730.0,2026-09-29,132.0,0.0,0.0
call,731.0,2026-09-29,151.0,0.0,0.0
call,732.0,2026-09-29,89.0,0.0,0.0
call,733.0,2026-09-29,84.0,0.0,0.0
call,734.0,2026-09-29,142.0,0.0,0.0
call,735.0,2026-09-29,135.0,0.0,0.0
call,736.0,2026-09-29,71.0,0.0,0.0
call,737.0,2026-09-29,92.0,0.0,0.0
call,738.0,2026-09-29,82.0,0.0,0.0
call,739.0,2026-09-29,101.0,0.0,0.0
call,740.0,2026-09-29,195.0,0.0,0.0
call,741.0,2026-09-29,177.0,0.0,0.0
call,742.0,2026-09-29,170.0,0.00035756668118125455,35776.71831132712
call,743.0,2026-09-29,259.0,0.0007431582592933505,113285.83485875679
call,744.0,2026-09-29,120.0,0.0011954058559664586,84428.9059635353
call,745.0,2026-09-29,112.0,0.0018266743003795504,120413.08355550982
call,746.0,2026-09-29,108.0,0.0025137555140676473,159786.95785027312
call,747.0,2026-09-29,91.0,0.0033798931585321723,181025.14375072453
call,748.0,2026-09-29,272.0,0.004314196929426561,690658.5715370759
call,749.0,2026-09-29,248.0,0.005329974286414856,777985.1929318658
call,750.0,2026-09-29,551.0,0.006556060776656346,2126126.5289001884
call,751.0,2026-09-29,195.0,0.00801692565060101,920104.1805601108
call,752.0,2026-09-29,150.0,0.009689831571317553,855464.5629912951
call,753.0,2026-09-29,220.0,0.011480751905686157,1486577.480523566
call,754.0,2026-09-29,87.0,0.013614544291962809,697135.017925833
call,755.0,2026-09-29,293.0,0.015916363509486376,2744770.3035737956
call,756.0,2026-09-29,243.0,0.018528410437322954,2649957.8906058143
call,757.0,2026-09-29,193.0,0.021430238931642424,2434326.6791739883
call,758.0,2026-09-29,124.0,0.02456259274128081,1792629.047145541
call,759.0,2026-09-29,206.0,0.027942413026274558,3387861.6350466036
call,760.0,2026-09-29,269.0,0.0315121563664983,4989131.3684850475
call,761.0,2026-09-29,208.0,0.035204695620139385,4309813.382624463
call,762.0,2026-09-29,500.0,0.038921024329654774,11453779.08937668
call,763.0,2026-09-29,219.0,0.0426354599610583,5495530.266796781
call,764.0,2026-09-29,251.0,0.046002722442731986,6795975.305914192
call,765.0,2026-09-29,597.0,0.049041801419053746,17231983.980701696
call,766.0,2026-09-29,234.0,0.05148260958608743,7090403.434551284
call,767.0,2026-09-29,333.0,0.053090146338196524,10405254.154792884
call,768.0,2026-09-29,313.0,0.05388294218415642,9926363.520999718
call,769.0,2026-09-29,460.0,0.053425728198903386,14464479.779172588
call,770.0,2026-09-29,814.0,0.051896779748832764,24863333.295962635
call,771.0,2026-09-29,1363.0,0.04945545604722388,39673873.43115475
call,772.0,2026-09-29,1245.0,0.046090137054664936,33773174.7870854
call,773.0,2026-09-29,511.0,0.042005120119740995,12633324.970382137
call,774.0,2026-09-29,907.0,0.03749289275568909,20014777.813613158
call,775.0,2026-09-29,1255.0,0.0328044956583244,24231016.185452335
call,776.0,2026-09-29,840.0,0.02816528312116337,13924767.222303458
call,777.0,2026-09-29,654.0,0.023855523776681237,9182506.436301943
call,778.0,2026-09-29,798.0,0.019792383334194433,9295987.29903619
call,779.0,2026-09-29,1736.0,0.016289870436945304,16644160.21465005
call,780.0,2026-09-29,1933.0,0.013129186115091193,14937028.012637492
call,781.0,2026-09-29,382.0,0.010741619728564824,2415058.599967237
call,782.0,2026-09-29,464.0,0.008569529481327968,2340289.016595595
call,783.0,2026-09-29,1177.0,0.007047447751911415,4882057.2092612535
call,784.0,2026-09-29,208.0,0.00564899288273302,691558.4610373835
call,785.0,2026-09-29,705.0,0.004641248106531106,1925832.1771268223
call,786.0,2026-09-29,459.0,0.0037794413688145593,1021021.3762221986
call,787.0,2026-09-29,330.0,0.0032144190315596386,624325.3470510395
call,788.0,2026-09-29,204.0,0.0027168739742746994,326207.6920944304
call,789.0,2026-09-29,852.0,0.0022791800142318488,1142911.9126021236
call,790.0,2026-09-29,582.0,0.0018951389423774545,649170.2025406511
call,791.0,2026-09-29,652.0,0.0017419020432786446,668445.2799392353
call,792.0,2026-09-29,522.0,0.0014249971750069058,437803.3123278987
call,793.0,2026-09-29,287.0,0.0013241480403145011,223672.69756265928
call,794.0,2026-09-29,182.0,0.0012351137230540272,132303.96866239855
call,795.0,2026-09-29,334.0,0.000972367546763718,191148.74856906384
call,796.0,2026-09-29,233.0,0.0009164339108079806,125675.7856007224
call,797.0,2026-09-29,629.0,0.0008449160064452602,312794.2203116001
call,798.0,2026-09-29,441.0,0.0008011832309953029,207952.8979582977
call,799.0,2026-09-29,370.0,0.0007615818336737664,165848.99219377094
call,800.0,2026-09-29,464.0,0.0007086874477126322,193538.44965406728
call,801.0,2026-09-29,46.0,0.0005434835849115877,14714.272672145344
call,802.0,2026-09-29,17.0,0.0005227646752372017,5230.578102883446
call,803.0,2026-09-29,44.0,0.0005036613586501225,13043.250820677442
call,804.0,2026-09-29,44.0,0.0004630800132503617,11992.321148192237
call,805.0,2026-09-29,40.0,0.00044797787075644737,10546.566349569035
call,806.0,2026-09-29,84.0,0.0004139728963415094,20466.601358488937
call,807.0,2026-09-29,79.0,0.0004019097468957716,18687.455286371765
call,808.0,2026-09-29,671.0,0.0003906316066097449,154271.05042671395
call,809.0,2026-09-29,743.0,0.00036338474348243183,158909.56548298718
call,810.0,2026-09-29,45.0,0.00026738601188883577,7081.833862444499
call,815.0,2026-09-29,149.0,0.00021430239926972555,18793.507359754032
call,820.0,2026-09-29,3.0,0.0001700550445857545,300.26541396578045
call,825.0,2026-09-29,1.0,9.730633236666431e-05,57.27111524534341
call,835.0,2026-09-29,242.0,7.28196761978899e-05,10371.9077661895
call,845.0,2026-09-29,25.0,5.402939229085828e-05,794.9954225141679
call,850.0,2026-09-29,72.0,2.3500708006049552e-05,995.8822217991197
call,855.0,2026-09-29,1085.0,2.2640101371275872e-05,14457.814288565354
call,860.0,2026-09-29,358.0,1.856485012668248e-05,3911.731261495563
call,865.0,2026-09-29,183.0,1.547208728413009e-05,1666.4586162712637
call,890.0,2026-09-29,1.0,1.0158300493005824e-05,5.978821563632107
put,550.0,2026-09-29,6.0,6.842910013337487e-07,-2.416498978775353
put,560.0,2026-09-29,110.0,2.0803160881961382e-06,-134.68416853218406
put,565.0,2026-09-29,20.0,1.046825222931613e-06,-12.322496702133986
put,570.0,2026-09-29,41.0,1.2069238960502044e-06,-29.124486663274347
put,575.0,2026-09-29,30.0,9.494758040779171e-07,-16.764850819711018
put,580.0,2026-09-29,48.0,1.0918867333533988e-06,-30.847030528755408
put,595.0,2026-09-29,5.0,1.6681224193176353e-06,-4.908993536006004
put,600.0,2026-09-29,15.0,1.2412065841369297e-06,-10.957963926056557
put,605.0,2026-09-29,0.0,1.4256026570602384e-06,-0.0
put,610.0,2026-09-29,135.0,3.892167941039494e-06,-309.2572404419625
put,615.0,2026-09-29,149.0,1.8881004110577097e-06,-165.57924265937277
put,620.0,2026-09-29,95.0,2.1781707992159005e-06,-121.78956337197046
put,625.0,2026-09-29,41.0,5.034599559791496e-06,-121.49078182471827
put,635.0,2026-09-29,21.0,5.52776308821325e-06,-68.32242190881217
put,640.0,2026-09-29,1.0,1.3793849901689597e-05,-8.11857921455554
put,645.0,2026-09-29,15.0,1.4866724663784093e-05,-131.25053850535272
put,650.0,2026-09-29,245.0,1.601698632855989e-05,-2309.624755767422
put,655.0,2026-09-29,55.0,1.7249083874229495e-05,-558.3715216943195
put,660.0,2026-09-29,8.0,2.079415696707347e-05,-97.90972744536502
put,665.0,2026-09-29,1174.0,2.248955965066548e-05,-15539.734178446392
put,670.0,2026-09-29,6776.0,2.4322176967356478e-05,-96999.69708460143
put,675.0,2026-09-29,8081.0,4.2533686020190634e-05,-202298.50077115925
put,680.0,2026-09-29,36.0,4.715597113316887e-05,-999.1569890385103
put,685.0,2026-09-29,67.0,5.243693199362838e-05,-2067.790868822491
put,690.0,2026-09-29,262.0,7.972992898328243e-05,-12294.679309603292
put,695.0,2026-09-29,48.0,9.37185777545237e-05,-2647.655421388523
put,700.0,2026-09-29,1494.0,0.00010776945048194968,-94763.43670277655
put,705.0,2026-09-29,965.0,0.00015727414926035364,-89326.26899543591
put,710.0,2026-09-29,663.0,0.00018694516215877013,-72949.49601591752
put,715.0,2026-09-29,2505.0,0.0002673631907915259,-394188.43859499955
put,718.0,2026-09-29,193.0,0.0003465093031393818,-39361.05630482285
put,719.0,2026-09-29,16.0,0.0003626918515669117,-3415.484493052653
put,720.0,2026-09-29,2998.0,0.00037381398240868453,-659601.6102154541
put,721.0,2026-09-29,1.0,0.00043908963633464154,-258.4328537920747
put,722.0,2026-09-29,10.0,0.00046145553544487035,-2715.9664235910186
put,723.0,2026-09-29,124.0,0.0004777302691164755,-34865.74752670813
put,724.0,2026-09-29,500.0,0.0005538319905262096,-162983.1018420483
put,725.0,2026-09-29,1077.0,0.0005753885172078877,-364729.9528901776
put,726.0,2026-09-29,48.0,0.0006080313784719779,-17177.57155686203
put,727.0,2026-09-29,86.0,0.0006964353946338562,-35251.19328634914
put,728.0,2026-09-29,79.0,0.0007270387151511407,-33804.86187704113
put,729.0,2026-09-29,58.0,0.0008345162435513003,-28487.69589989025
put,730.0,2026-09-29,346.0,0.0008746082715640397,-178108.32352183506
put,731.0,2026-09-29,156.0,0.0009836961260984646,-90319.20289355604
put,732.0,2026-09-29,189.0,0.0010349539135515408,-115127.0434866458
put,733.0,2026-09-29,416.0,0.0011679277388154954,-285959.046656596
put,734.0,2026-09-29,87.0,0.0013094673186713611,-67051.49310169401
put,735.0,2026-09-29,689.0,0.0014490418161603254,-587617.4402427833
put,736.0,2026-09-29,840.0,0.001617648405349054,-799756.8281176061
put,737.0,2026-09-29,168.0,0.0017962364443654757,-177609.96228163716
put,738.0,2026-09-29,63.0,0.0019847494842210444,-73593.72470216271
put,739.0,2026-09-29,675.0,0.0021977135231279745,-873110.859732098
put,740.0,2026-09-29,2553.0,0.0025186043559115674,-3784472.045269096
put,741.0,2026-09-29,10180.0,0.0028689048571004486,-17189310.652593013
put,742.0,2026-09-29,276.0,0.003250623542166038,-528044.2222928256
put,743.0,2026-09-29,659.0,0.003645692553236813,-1414034.45691899
put,744.0,2026-09-29,1152.0,0.004096384548768559,-2777459.501030228
put,745.0,2026-09-29,1379.0,0.004683010088551607,-3800877.704993641
put,746.0,2026-09-29,495.0,0.005316023761476179,-1548769.0064189485
put,747.0,2026-09-29,342.0,0.006094684797717477,-1226794.7042608412
put,748.0,2026-09-29,2299.0,0.006955124448742711,-9411057.203036338
put,749.0,2026-09-29,269.0,0.007891936519415348,-1249483.1387980678
put,750.0,2026-09-29,1481.0,0.009086500495333586,-7920384.218569664
put,751.0,2026-09-29,395.0,0.01037455012350479,-2411908.9303835207
put,752.0,2026-09-29,619.0,0.011785525318343574,-4293724.061676137
put,753.0,2026-09-29,846.0,0.013461369915538085,-6702767.549548531
put,754.0,2026-09-29,707.0,0.015336487285126939,-6381750.915357397
put,755.0,2026-09-29,2226.0,0.01736534526209817,-22751137.7071539
put,756.0,2026-09-29,626.0,0.01969798987497378,-7257562.419798761
put,757.0,2026-09-29,426.0,0.022208107877946633,-5568211.131101184
put,758.0,2026-09-29,742.0,0.024962307065620793,-10901422.286100486
put,759.0,2026-09-29,711.0,0.02790591728904591,-11677784.055571223
put,760.0,2026-09-29,1564.0,0.031005898530967163,-28541421.995527506
put,761.0,2026-09-29,313.0,0.03421391080074008,-6302917.070164466
put,762.0,2026-09-29,656.0,0.037387319187884606,-14435196.55383914
put,763.0,2026-09-29,2008.0,0.04059543397451951,-47977259.114114374
put,764.0,2026-09-29,869.0,0.0434780942139928,-22237441.182248592
put,765.0,2026-09-29,960.0,0.04609991259161122,-26047489.499556538
put,766.0,2026-09-29,1057.0,0.04808207437118676,-29912500.564349357
put,767.0,2026-09-29,475.0,0.049452872950938156,-13825462.645887077
put,768.0,2026-09-29,641.0,0.04998536806327552,-18857992.57973619
put,769.0,2026-09-29,1497.0,0.04960894299396898,-43709547.52060689
put,770.0,2026-09-29,749.0,0.04832391401950391,-21302886.686016288
put,771.0,2026-09-29,449.0,0.04620418134662419,-12210182.561931428
put,772.0,2026-09-29,349.0,0.04336928277611695,-8908451.165687947
put,773.0,2026-09-29,463.0,0.04004401649278672,-10912221.157753946
put,774.0,2026-09-29,492.0,0.036367285295922105,-10531022.070705786
put,775.0,2026-09-29,643.0,0.03261687499789788,-12343771.074849138
put,776.0,2026-09-29,202.0,0.02897548696676971,-3444900.238520639
put,777.0,2026-09-29,106.0,0.0255701260037861,-1595266.591020572
put,778.0,2026-09-29,336.0,0.022506916332745156,-4450920.2265372565
put,779.0,2026-09-29,177.0,0.0198072978375364,-2063445.653458409
put,780.0,2026-09-29,695.0,0.017630668471763818,-7211873.830115689
put,781.0,2026-09-29,159.0,0.015925389533667074,-1490327.533091903
put,782.0,2026-09-29,173.0,0.014514112504916368,-1477852.6168264542
put,783.0,2026-09-29,1.0,0.01329538736085146,-7825.201538843167
put,784.0,2026-09-29,0.0,0.012240887866978018,-0.0
put,785.0,2026-09-29,0.0,0.011309823857615881,-0.0
put,786.0,2026-09-29,0.0,0.01048175870777796,-0.0
put,787.0,2026-09-29,0.0,0.009751516656319185,-0.0
put,788.0,2026-09-29,0.0,0.009093785321823415,-0.0
put,789.0,2026-09-29,0.0,0.00851783555088844,-0.0
put,790.0,2026-09-29,0.0,0.008121731751182266,-0.0
put,791.0,2026-09-29,0.0,0.007643554928300284,-0.0
put,792.0,2026-09-29,0.0,0.007244455881278607,-0.0
put,793.0,2026-09-29,0.0,0.006806014662753702,-0.0
put,794.0,2026-09-29,0.0,0.006444550920007628,-0.0
put,795.0,2026-09-29,0.0,0.006108267331442661,-0.0
put,796.0,2026-09-29,0.0,0.005687270089348428,-0.0
put,797.0,2026-09-29,0.0,0.005519682148232806,-0.0
put,798.0,2026-09-29,0.0,0.005291207366062037,-0.0
put,799.0,2026-09-29,0.0,0.005046228140647904,-0.0
put,800.0,2026-09-29,0.0,0.007307226098147353,-0.0
put,801.0,2026-09-29,0.0,0.007053731210888614,-0.0
put,802.0,2026-09-29,0.0,0.006871856091593095,-0.0
put,803.0,2026-09-29,0.0,0.006588547992288825,-0.0
put,804.0,2026-09-29,0.0,0.006375534678240756,-0.0
put,805.0,2026-09-29,0.0,0.006172670603058557,-0.0
put,806.0,2026-09-29,0.0,0.00598076164523826,-0.0
put,807.0,2026-09-29,0.0,0.005799036157249777,-0.0
put,808.0,2026-09-29,0.0,0.005721289331075561,-0.0
put,809.0,2026-09-29,0.0,0.005460255287313482,-0.0
put,810.0,2026-09-29,0.0,0.005309715017805189,-0.0
put,815.0,2026-09-29,0.0,0.004713178319321503,-0.0
put,820.0,2026-09-29,0.0,0.004161997755226271,-0.0
put,825.0,2026-09-29,0.0,0.0036749235892177324,-0.0
put,830.0,2026-09-29,0.0,0.0032515645134975017,-0.0
put,835.0,2026-09-29,0.0,0.0029205457656453038,-0.0
call,375.0,2026-09-30,0.0,7.446685750553158e-05,0.0
call,380.0,2026-09-30,7.0,7.703849039089502e-05,317.39518980277796
call,410.0,2026-09-30,1.0,0.0,0.0
call,415.0,2026-09-30,73.0,0.0,0.0
call,420.0,2026-09-30,0.0,0.0001028663442448743,0.0
call,425.0,2026-09-30,3.0,0.0001065856926439658,188.19786971053958
call,440.0,2026-09-30,0.0,0.0,0.0
call,450.0,2026-09-30,0.0,0.0,0.0
call,460.0,2026-09-30,0.0,0.0,0.0
call,470.0,2026-09-30,0.0,0.0,0.0
call,475.0,2026-09-30,0.0,0.00015660660478580078,0.0
call,480.0,2026-09-30,0.0,0.00016281955183853087,0.0
call,485.0,2026-09-30,0.0,0.00016931515074913915,0.0
call,490.0,2026-09-30,1.0,0.00017678770029796255,104.05107778157777
call,495.0,2026-09-30,0.0,0.00018394478146805708,0.0
call,500.0,2026-09-30,0.0,0.00019220030679269082,0.0
call,505.0,2026-09-30,0.0,0.0002002343406004836,0.0
call,510.0,2026-09-30,1.0,0.00020868595388062107,122.82527790427683
call,515.0,2026-09-30,0.0,0.0002182165655804121,0.0
call,520.0,2026-09-30,0.0,0.0002276390615551495,0.0
call,525.0,2026-09-30,0.0,0.00023758890535493008,0.0
call,530.0,2026-09-30,0.0,0.00024900076322387655,0.0
call,535.0,2026-09-30,0.0,0.00026019288947246955,0.0
call,540.0,2026-09-30,27.0,0.00027206193493712987,4323.406620809212
call,545.0,2026-09-30,0.0,0.0002855490888897503,0.0
call,550.0,2026-09-30,0.0,0.00029901222390865163,0.0
call,555.0,2026-09-30,0.0,0.0003141508754117746,0.0
call,560.0,2026-09-30,0.0,0.00032951269117506056,0.0
call,565.0,2026-09-30,0.0,0.00034571601699204106,0.0
call,570.0,2026-09-30,0.0,0.0003642512938329153,0.0
call,575.0,2026-09-30,0.0,0.00038268140846334074,0.0
call,580.0,2026-09-30,0.0,0.00040382435166692887,0.0
call,585.0,2026-09-30,0.0,0.0004252203296817368,0.0
call,590.0,2026-09-30,0.0,0.00044830117083248023,0.0
call,594.0,2026-09-30,4.0,0.0004693610493955771,1104.9982091738314
call,595.0,2026-09-30,0.0,0.0004744046098392131,0.0
call,596.0,2026-09-30,0.0,0.00047951540414861883,0.0
call,597.0,2026-09-30,0.0,0.00048486305744876816,0.0
call,598.0,2026-09-30,0.0,0.0004902850901563159,0.0
call,599.0,2026-09-30,0.0,0.0004956099737958993,0.0
call,600.0,2026-09-30,6.0,0.0005010074219510745,1769.2530241430989
call,601.0,2026-09-30,0.0,0.0005066566152040685,0.0
call,602.0,2026-09-30,0.0,0.0005123861266508772,0.0
call,603.0,2026-09-30,0.0,0.0005181975604454626,0.0
call,604.0,2026-09-30,0.0,0.0005255741847058484,0.0
call,605.0,2026-09-30,0.0,0.0005315751198453042,0.0
call,606.0,2026-09-30,0.0,0.0005376634236049024,0.0
call,607.0,2026-09-30,0.0,0.0005438408881205248,0.0
call,608.0,2026-09-30,0.0,0.0005501093544042439,0.0
call,609.0,2026-09-30,0.0,0.0005564625923011173,0.0
call,610.0,2026-09-30,0.0,0.0005629187217491146,0.0
call,611.0,2026-09-30,0.0,0.0005694716853959304,0.0
call,612.0,2026-09-30,0.0,0.0005761235369858748,0.0
call,613.0,2026-09-30,0.0,0.0005828763881186642,0.0
call,614.0,2026-09-30,0.0,0.0005897324102730669,0.0
call,615.0,2026-09-30,0.0,0.0005969101103644616,0.0
call,616.0,2026-09-30,0.0,0.0006059561989087862,0.0
call,617.0,2026-09-30,0.0,0.0006131675376811316,0.0
call,618.0,2026-09-30,0.0,0.0006204919929191647,0.0
call,619.0,2026-09-30,0.0,0.0006279320844038831,0.0
call,620.0,2026-09-30,1.0,0.0006357228116453239,374.1642863759411
call,621.0,2026-09-30,0.0,0.0006436413427540549,0.0
call,622.0,2026-09-30,0.0,0.0006514512855009236,0.0
call,623.0,2026-09-30,2.0,0.0006593878552300494,776.1854121879804
call,624.0,2026-09-30,0.0,0.0006677005941651062,0.0
call,625.0,2026-09-30,0.0,0.0006761533562399563,0.0
call,626.0,2026-09-30,0.0,0.0006844953531321744,0.0
call,627.0,2026-09-30,0.0,0.0006952972127098765,0.0
call,628.0,2026-09-30,0.0,0.0007042179591138774,0.0
call,629.0,2026-09-30,0.0,0.0007130275690354308,0.0
call,630.0,2026-09-30,0.0,0.0007225268140281018,0.0
call,631.0,2026-09-30,1.0,0.0007316486924071065,430.62291592759
call,632.0,2026-09-30,0.0,0.0007412064819703568,0.0
call,633.0,2026-09-30,3.0,0.000750934594062434,1325.9217760733836
call,634.0,2026-09-30,0.0,0.0007605503386060364,0.0
call,635.0,2026-09-30,1.0,0.000770919118300537,453.7361196870492
call,636.0,2026-09-30,0.0,0.0007808884320509451,0.0
call,637.0,2026-09-30,0.0,0.0007916383878971751,0.0
call,638.0,2026-09-30,0.0,0.000804423585437624,0.0
call,639.0,2026-09-30,0.0,0.0008153034080499813,0.0
call,640.0,2026-09-30,2.0,0.0008263875656840381,972.7658285027143
call,641.0,2026-09-30,0.0,0.0008376815040505714,0.0
call,642.0,2026-09-30,0.0,0.0008491908589479481,0.0
call,643.0,2026-09-30,0.0,0.0008612522483633198,0.0
call,644.0,2026-09-30,3.0,0.0008728793614332931,1541.2390937381788
call,645.0,2026-09-30,0.0,0.0008854126015236225,0.0
call,646.0,2026-09-30,0.0,0.0008978497644245628,0.0
call,647.0,2026-09-30,0.0,0.0009105338010789776,0.0
call,648.0,2026-09-30,0.0,0.000270765212710347,0.0
call,649.0,2026-09-30,10.0,0.0009395902891974601,5530.100911959586
call,650.0,2026-09-30,8.0,0.00018181646923428094,856.086687043625
call,651.0,2026-09-30,0.0,0.0009669019207565388,0.0
call,652.0,2026-09-30,0.0,0.000981365601339432,0.0
call,653.0,2026-09-30,0.0,0.0009957462772584083,0.0
call,654.0,2026-09-30,0.0,0.001010429801459542,0.0
call,655.0,2026-09-30,0.0,0.0002562668209213636,0.0
call,656.0,2026-09-30,3.0,0.0010411529344677428,1838.3589715387495
call,657.0,2026-09-30,0.0,0.001056808146081794,0.0
call,658.0,2026-09-30,0.0,0.0010757806520800758,0.0
call,659.0,2026-09-30,0.0,0.0010926148019547396,0.0
call,660.0,2026-09-30,1.0,0.0011093888915816581,652.9476295773264
call,661.0,2026-09-30,10.0,0.001126539124330815,6630.416587362952
call,662.0,2026-09-30,0.0,0.0011445334003777844,0.0
call,663.0,2026-09-30,0.0,0.00116294482002608,0.0
call,664.0,2026-09-30,0.0,0.0011813145672031503,0.0
call,665.0,2026-09-30,1.0,0.0012001120028964272,706.3440903949604
call,666.0,2026-09-30,1.0,0.0012198413773514278,717.9561124561061
call,667.0,2026-09-30,1.0,0.0012430366861536724,731.6080626555954
call,668.0,2026-09-30,0.0,0.0012632795464807476,0.0
call,669.0,2026-09-30,0.0,0.0012840124767532555,0.0
call,670.0,2026-09-30,21.0,0.0013057790259328288,16139.256351215541
call,671.0,2026-09-30,1.0,0.0013280900813593293,781.6675262111214
call,672.0,2026-09-30,0.0,0.0013504181878451072,0.0
call,673.0,2026-09-30,0.0,0.0013733091316965019,0.0
call,674.0,2026-09-30,1.0,0.0013973511085024262,822.4321524286241
call,675.0,2026-09-30,21.0,0.0014254881805298202,17618.84569616457
call,676.0,2026-09-30,0.0,0.0014502834441598256,0.0
call,677.0,2026-09-30,0.0,0.001475730513445954,0.0
call,678.0,2026-09-30,6.0,0.0015024660209985031,5305.79475444066
call,679.0,2026-09-30,3.0,0.0015293031833617516,2700.28363198447
call,680.0,2026-09-30,13.0,0.0015568691512416924,11912.145853027527
call,681.0,2026-09-30,7.0,0.0015858417389316669,6533.598168544488
call,682.0,2026-09-30,3.0,0.0016189359084427988,2858.547724454657
call,683.0,2026-09-30,4.0,0.0016489575467150209,3882.0757250099637
call,684.0,2026-09-30,16.0,0.001680520111480112,15825.528906222273
call,685.0,2026-09-30,32.0,0.0017122955930931655,32249.519918719026
call,686.0,2026-09-30,4.0,0.001745711427980067,4109.859572148901
call,687.0,2026-09-30,16.0,0.0017793870375163222,16756.56292668237
call,688.0,2026-09-30,8.0,0.0018185405962206503,8562.636821787648
call,689.0,2026-09-30,13.0,0.0018543573871478878,14188.331525309706
call,690.0,2026-09-30,21.0,0.0018912657321477461,23375.794734944688
call,691.0,2026-09-30,10.0,0.0019293127428856858,11355.262268621816
call,692.0,2026-09-30,9.0,0.0019693583928214096,10431.86130422573
call,693.0,2026-09-30,5.0,0.0020098522700204,5914.644925096733
call,694.0,2026-09-30,11.0,0.0020558648772205854,13310.114418384912
call,695.0,2026-09-30,34.0,0.001970848004444953,39439.06275413044
call,696.0,2026-09-30,15.0,0.0019176411122774312,16929.850679184652
call,697.0,2026-09-30,35.0,0.002190807988633559,45130.162458114086
call,698.0,2026-09-30,11.0,0.0022431188889856166,14522.437440928938
call,699.0,2026-09-30,18.0,0.0021453566972599353,22728.2790125819
call,700.0,2026-09-30,82.0,0.00222328576663615,107300.97708886316
call,701.0,2026-09-30,13.0,0.00226812590670382,17354.217977880544
call,702.0,2026-09-30,7.0,0.00230902409436773,9513.077644336208
call,703.0,2026-09-30,27.0,0.002512466318817113,39926.25252718364
call,704.0,2026-09-30,16.0,0.002512895020601946,23664.038600414413
call,705.0,2026-09-30,33.0,0.0024527914626264044,47639.70926357567
call,706.0,2026-09-30,24.0,0.002569754535671501,36299.230584941215
call,707.0,2026-09-30,0.0,0.0025014762707133813,0.0
call,708.0,2026-09-30,12.0,0.002680444106424154,18931.391566492974
call,709.0,2026-09-30,10.0,0.0027608103296542885,16249.167213945166
call,710.0,2026-09-30,43.0,0.002684781955236594,67947.27003034105
call,711.0,2026-09-30,6.0,0.002951384588892398,10422.492523109042
call,712.0,2026-09-30,7.0,0.0031391449593940607,12933.139073076482
call,713.0,2026-09-30,5.0,0.0030426628191542507,8954.026358319632
call,714.0,2026-09-30,11.0,0.003020654317417059,19556.37018205433
call,715.0,2026-09-30,92.0,0.002688276430394242,145564.77329984965
call,716.0,2026-09-30,30.0,0.003502863634394877,61849.90288346695
call,717.0,2026-09-30,58.0,0.003390172782749122,115729.57630165614
call,718.0,2026-09-30,45.0,0.0037075554403663297,98196.20510063373
call,719.0,2026-09-30,42.0,0.003814813472250928,94301.18165168869
call,720.0,2026-09-30,43.0,0.003932278985585574,99519.30045830218
call,721.0,2026-09-30,105.0,0.004049286997705649,250243.26320806303
call,722.0,2026-09-30,73.0,0.004177378010151987,179482.1127109497
call,723.0,2026-09-30,79.0,0.004112237288834694,191205.24211117974
call,724.0,2026-09-30,152.0,0.004115337435279654,368165.9120957515
call,725.0,2026-09-30,154.0,0.0042142388320191414,381974.5272508977
call,726.0,2026-09-30,630.0,0.004396359945672783,1630152.8535750674
call,727.0,2026-09-30,595.0,0.004555235024930881,1595226.2645573774
call,728.0,2026-09-30,655.0,0.004695946551952451,1810335.1416316477
call,729.0,2026-09-30,591.0,0.005013638312511025,1743953.9700127484
call,730.0,2026-09-30,5760.0,0.001498292260576443,5079413.352085195
call,731.0,2026-09-30,1143.0,0.005261522372248349,3539583.715807602
call,732.0,2026-09-30,892.0,0.005482526280774342,2878326.878096604
call,733.0,2026-09-30,980.0,0.005684110638601591,3278559.9927812577
call,734.0,2026-09-30,755.0,0.005961338937857013,2649020.4015731798
call,735.0,2026-09-30,1783.0,0.006369495552505987,6684222.816351831
call,736.0,2026-09-30,752.0,0.006481353695587068,2868653.5372786256
call,737.0,2026-09-30,640.0,0.006766218972946373,2548710.799964969
call,738.0,2026-09-30,412.0,0.007080653814880513,1716979.5169746883
call,739.0,2026-09-30,327.0,0.007415877536280855,1427265.7319368962
call,740.0,2026-09-30,2413.0,0.0074729829823896475,10613187.866126647
call,741.0,2026-09-30,596.0,0.008158504651709284,2861879.6194345057
call,742.0,2026-09-30,1517.0,0.008541092146103884,7625942.471753115
call,743.0,2026-09-30,882.0,0.009019058564694258,4681923.666958956
call,744.0,2026-09-30,650.0,0.009494781251665635,3632393.223997855
call,745.0,2026-09-30,3993.0,0.009704137005344253,22806086.448258925
call,746.0,2026-09-30,924.0,0.01030835876982622,5606037.946288563
call,747.0,2026-09-30,984.0,0.01096032221771106,6347649.7757562725
call,748.0,2026-09-30,393.0,0.011672140058176262,2699837.2010742906
call,749.0,2026-09-30,482.0,0.012445175838434849,3530551.996932812
call,750.0,2026-09-30,5620.0,0.013269927385577814,43893417.76915066
call,751.0,2026-09-30,1075.0,0.014172894399095236,8967296.962128608
call,752.0,2026-09-30,748.0,0.014206956900154936,6254566.255879886
call,753.0,2026-09-30,500.0,0.015577187734047008,4584094.848798268
call,754.0,2026-09-30,702.0,0.017071707599213552,7053564.019091414
call,755.0,2026-09-30,3480.0,0.018705241001610265,38312199.78082605
call,756.0,2026-09-30,1138.0,0.020455596791070115,13700895.480268111
call,757.0,2026-09-30,1328.0,0.022348532383368765,17467937.131351072
call,758.0,2026-09-30,923.0,0.024371460988891126,13239689.564202828
call,759.0,2026-09-30,1604.0,0.0265085439191784,25025615.849640165
call,760.0,2026-09-30,5014.0,0.02883149072301682,85083620.9822204
call,761.0,2026-09-30,6173.0,0.031545221953757814,114610498.38931343
call,762.0,2026-09-30,2302.0,0.03321473034578762,45001872.71055054
call,763.0,2026-09-30,1285.0,0.035361764721157894,26744322.1276273
call,764.0,2026-09-30,1576.0,0.03737183132863553,34665313.31791991
call,765.0,2026-09-30,4978.0,0.03927412141141156,115068355.72873169
call,766.0,2026-09-30,1681.0,0.041921691353600216,41476399.24418304
call,767.0,2026-09-30,1721.0,0.04307034147871833,43626836.47479911
call,768.0,2026-09-30,2902.0,0.04361521448875288,74495485.91965912
call,769.0,2026-09-30,3253.0,0.04362707221426249,83528497.34963505
call,770.0,2026-09-30,8225.0,0.04306405545236801,208470865.43282804
call,771.0,2026-09-30,3320.0,0.041911650787175486,81896885.71746443
call,772.0,2026-09-30,3125.0,0.040227648846134965,73989349.44294147
call,773.0,2026-09-30,3701.0,0.03794847987733195,82662399.09119277
call,774.0,2026-09-30,2310.0,0.03533572244206838,48041935.01918036
call,775.0,2026-09-30,20521.0,0.03239216239153086,391230764.2757813
call,776.0,2026-09-30,1258.0,0.029261978636841695,21666006.37853721
call,777.0,2026-09-30,3425.0,0.0260857464330072,52584576.5334332
call,778.0,2026-09-30,2396.0,0.022939492885842697,32349320.54102417
call,779.0,2026-09-30,3984.0,0.019954251945997186,46789598.41969868
call,780.0,2026-09-30,15365.0,0.0171633748540459,155213606.06930336
call,781.0,2026-09-30,2805.0,0.014648645838097473,24183818.867017698
call,782.0,2026-09-30,2849.0,0.012338211648915477,20688985.80908671
call,783.0,2026-09-30,1736.0,0.01038496421904059,10610827.689157028
call,784.0,2026-09-30,4013.0,0.008706111262907079,20563067.894557867
call,785.0,2026-09-30,8160.0,0.007304659717127858,35082027.512822844
call,786.0,2026-09-30,22012.0,0.00617185176850573,79959400.20364326
call,787.0,2026-09-30,2819.0,0.005108306783969219,8475524.504300686
call,788.0,2026-09-30,1331.0,0.004337095922569071,3397595.083760968
call,789.0,2026-09-30,4209.0,0.003618695153108462,8964487.399581097
call,790.0,2026-09-30,12113.0,0.003162887081709276,22549137.83494369
call,791.0,2026-09-30,1442.0,0.0027739982729359713,2354322.6639051684
call,792.0,2026-09-30,1544.0,0.0023927630760857467,2174410.4717218066
call,793.0,2026-09-30,1793.0,0.0020251214117689444,2137105.1541712866
call,794.0,2026-09-30,4152.0,0.0019093711148159308,4665973.089407015
call,795.0,2026-09-30,5498.0,0.0016256269934381393,5260417.020021584
call,796.0,2026-09-30,1497.0,0.0015125930148353732,1332718.50338199
call,797.0,2026-09-30,2360.0,0.0014118917131440438,1961136.9792669532
call,798.0,2026-09-30,1062.0,0.001186289569342567,741497.6264851561
call,799.0,2026-09-30,5890.0,0.0011153071420913691,3866378.0335363992
call,800.0,2026-09-30,56610.0,0.0010513065924790616,35028140.20032584
call,801.0,2026-09-30,2864.0,0.0009934016144723778,1674527.9919999754
call,802.0,2026-09-30,2306.0,0.0008253274106413631,1120160.1247464207
call,803.0,2026-09-30,3242.0,0.000767557193026264,1464597.5156448097
call,804.0,2026-09-30,743.0,0.0007479810926894994,327095.0488721461
call,805.0,2026-09-30,5509.0,0.000698823403843668,2265868.7521760883
call,806.0,2026-09-30,2298.0,0.0006685991442591647,904295.5160604565
call,807.0,2026-09-30,2907.0,0.0006407450429895728,1096288.4117371822
call,808.0,2026-09-30,996.0,0.0006023263808073326,353090.2781000895
call,809.0,2026-09-30,7450.0,0.00047692914927296293,2091243.846892591
call,810.0,2026-09-30,11055.0,0.00046075006074633624,2997910.648329198
call,811.0,2026-09-30,2429.0,0.00044566853735877074,637138.7614473363
call,812.0,2026-09-30,1079.0,0.00042239428482404167,268246.4694714947
call,813.0,2026-09-30,1113.0,0.00040099487775992584,262680.91840625805
call,814.0,2026-09-30,5434.0,0.0003812802195811583,1219434.4101772057
call,815.0,2026-09-30,6422.0,0.0003785934025652598,1430994.2196598265
call,816.0,2026-09-30,2121.0,0.00036092426332507874,450558.6002245593
call,817.0,2026-09-30,1129.0,0.00034455811957897516,228955.44016773556
call,818.0,2026-09-30,6018.0,0.00026663084058149933,944402.443079826
call,819.0,2026-09-30,2711.0,0.00024466050690574286,390380.3287197406
call,820.0,2026-09-30,8234.0,0.00024550046789257056,1189755.50642873
call,821.0,2026-09-30,6659.0,0.00022600740371813015,885780.7092108474
call,822.0,2026-09-30,2840.0,0.0002271107489816874,379621.2948960405
call,823.0,2026-09-30,327.0,0.00021879990630588826,42110.405261359345
call,824.0,2026-09-30,3905.0,0.00021101339290749654,484981.9724332539
call,825.0,2026-09-30,42043.0,0.00020370852948163706,5040776.5720257955
call,826.0,2026-09-30,13914.0,0.00019684682836633874,1612036.820952272
call,827.0,2026-09-30,298.0,0.0001903935170593863,33393.578198828094
call,828.0,2026-09-30,1830.0,0.0001843171227832552,198523.2191027895
call,829.0,2026-09-30,1714.0,0.00017858910944508634,180160.81003967448
call,830.0,2026-09-30,2275.0,0.00012404728522987725,166097.54056824805
call,831.0,2026-09-30,1048.0,0.00011559684226479327,71302.012831163
call,832.0,2026-09-30,1668.0,0.0001078370092208211,105866.46639697561
call,833.0,2026-09-30,831.0,0.00010998252005588947,53792.19015434221
call,834.0,2026-09-30,990.0,0.00010284103830506623,59923.36372499647
call,835.0,2026-09-30,1152.0,0.00010491946276042082,71138.23304858441
call,836.0,2026-09-30,580.0,9.832481661456952e-05,33564.924550880154
call,837.0,2026-09-30,915.0,0.00010033754228706703,54035.489462133795
call,838.0,2026-09-30,976.0,9.422858359775375e-05,54128.62777614737
call,839.0,2026-09-30,889.0,8.857136870786577e-05,46343.587892420815
call,840.0,2026-09-30,1447.0,9.050166171573949e-05,77076.08041961586
call,841.0,2026-09-30,889.0,8.523394730843558e-05,44597.33417392313
call,842.0,2026-09-30,1975.0,8.710085145408643e-05,101247.43673952643
call,843.0,2026-09-30,1304.0,8.218271479522902e-05,63074.32499942884
call,844.0,2026-09-30,324.0,8.39891464203324e-05,16016.31915734298
call,845.0,2026-09-30,2233.0,7.938585194588176e-05,104334.12293512202
call,846.0,2026-09-30,1112.0,7.509271140966085e-05,49147.01094766457
call,847.0,2026-09-30,875.0,7.681589618728576e-05,39559.763935086754
call,848.0,2026-09-30,952.0,7.27805780261839e-05,40779.97784320172
call,849.0,2026-09-30,1026.0,6.90073582050116e-05,41671.32398675207
call,850.0,2026-09-30,6269.0,7.064793293742544e-05,260670.72869007118
call,851.0,2026-09-30,63.0,6.708751189973746e-05,2487.578367423059
call,852.0,2026-09-30,736.0,6.375021837260908e-05,27615.571018829625
call,853.0,2026-09-30,1464.0,6.531066982173867e-05,56275.55039481712
call,854.0,2026-09-30,1707.0,6.685155345544184e-05,67164.46525185804
call,855.0,2026-09-30,605.0,6.366319448322013e-05,22669.311913943842
call,856.0,2026-09-30,534.0,6.066508605372787e-05,19066.659536260773
call,857.0,2026-09-30,1726.0,2.8088096973460887e-05,28533.670636031475
call,858.0,2026-09-30,1216.0,2.9257682559009677e-05,20939.583311546903
call,859.0,2026-09-30,950.0,3.04317703820236e-05,17015.525269170368
call,860.0,2026-09-30,881.0,2.6680971639576e-05,13834.774548499663
call,865.0,2026-09-30,3789.0,2.3337078061996754e-05,52043.39514961589
call,870.0,2026-09-30,1586.0,2.426970197324342e-05,22654.90070059736
call,875.0,2026-09-30,726.0,2.1634709628191278e-05,9244.47448250508
call,880.0,2026-09-30,1034.0,1.9478798178233017e-05,11854.33601381895
call,885.0,2026-09-30,624.0,1.7696363241757705e-05,6499.248618370161
call,890.0,2026-09-30,773.0,1.620884250537207e-05,7374.388830512031
call,895.0,2026-09-30,4579.0,1.4956966483796132e-05,40309.61968261065
call,900.0,2026-09-30,6857.0,1.3895439870171303e-05,56079.09357226586
put,375.0,2026-09-30,15485.0,2.4876065860298906e-07,-2267.1875304842674
put,380.0,2026-09-30,11608.0,3.4905630896836743e-07,-2384.7750978390045
put,385.0,2026-09-30,9275.0,3.3953912858000766e-07,-1853.5243024487156
put,390.0,2026-09-30,1739.0,3.2805735355588704e-07,-335.77155020984577
put,395.0,2026-09-30,3683.0,3.1469595233423747e-07,-682.1618260028944
put,400.0,2026-09-30,10009.0,2.9957567123005384e-07,-1764.7848504372466
put,405.0,2026-09-30,9932.0,4.2346343678798615e-07,-2475.4101389141124
put,410.0,2026-09-30,2305.0,4.020688836753061e-07,-545.4637959839669
put,415.0,2026-09-30,3557.0,3.7860562338963413e-07,-792.6207947266581
put,420.0,2026-09-30,894.0,3.533426648926893e-07,-185.92086684436762
put,425.0,2026-09-30,3338.0,5.030447186487993e-07,-988.2969675417145
put,430.0,2026-09-30,655.0,4.6825551403011416e-07,-180.51726162834103
put,435.0,2026-09-30,150725.0,4.3160226891844846e-07,-38288.07643626525
put,440.0,2026-09-30,1015.0,3.93574544811975e-07,-235.11892138791012
put,445.0,2026-09-30,592.0,5.667814162644084e-07,-197.48396828882656
put,450.0,2026-09-30,11301.0,5.153542299915302e-07,-3427.814066429598
put,455.0,2026-09-30,1210.0,4.629753931697905e-07,-329.7143249389739
put,460.0,2026-09-30,1325.0,6.710993396369328e-07,-523.3560227764663
put,465.0,2026-09-30,251.0,6.010197354861017e-07,-88.78855562984064
put,470.0,2026-09-30,1829.0,5.309100080037877e-07,-571.5170014394805
put,475.0,2026-09-30,1816.0,6.026827360907361e-07,-644.1679781519632
put,480.0,2026-09-30,1472.0,6.834554547404961e-07,-592.1238587224065
put,485.0,2026-09-30,710.0,5.921329932651181e-07,-247.44127552511586
put,490.0,2026-09-30,1323.0,8.7626207508752e-07,-682.3204636685773
put,495.0,2026-09-30,815.0,7.560467229134522e-07,-362.6609381502554
put,500.0,2026-09-30,3165.0,8.531288527204506e-07,-1589.2158249914728
put,505.0,2026-09-30,909.0,9.618854002514252e-07,-514.6141846900184
put,510.0,2026-09-30,637.0,8.104589545739171e-07,-303.8540252960665
put,515.0,2026-09-30,1380.0,9.107314795797435e-07,-739.7142265385645
put,520.0,2026-09-30,1366.0,1.022683090160713e-06,-822.2167332651885
put,525.0,2026-09-30,935.0,1.1476632648657274e-06,-631.5687430451623
put,530.0,2026-09-30,976.0,1.2871892557412898e-06,-739.4124525834148
put,535.0,2026-09-30,301233.0,1.0466543459958765e-06,-185566.83678582322
put,540.0,2026-09-30,1861.0,1.1692001760105201e-06,-1280.6480184175625
put,545.0,2026-09-30,969.0,1.3054369499767606e-06,-744.5163075762017
put,550.0,2026-09-30,1528.0,1.4569213107206088e-06,-1310.2494520727016
put,555.0,2026-09-30,1100.0,1.6254072401898577e-06,-1052.3238459449094
put,560.0,2026-09-30,1337.0,1.259744345732583e-06,-991.3074307973303
put,565.0,2026-09-30,622.0,2.021571345071845e-06,-740.0720357785614
put,570.0,2026-09-30,1772.0,1.5502649647771144e-06,-1616.8293583993027
put,575.0,2026-09-30,1398.0,1.7188559890831484e-06,-1414.2988875569458
put,580.0,2026-09-30,2531.0,1.9052965931234727e-06,-2838.2410216249464
put,585.0,2026-09-30,1343.0,2.111583437097189e-06,-1669.0863142100256
put,590.0,2026-09-30,8605.0,2.339974670731914e-06,-11851.042830207778
put,594.0,2026-09-30,257.0,2.3327270083691025e-06,-352.85118285011197
put,595.0,2026-09-30,528.0,2.5930324874051416e-06,-805.8169848892891
put,596.0,2026-09-30,318.0,2.8798884825244588e-06,-539.0106268568195
put,597.0,2026-09-30,20623.0,2.075839039673779e-06,-25196.490476193932
put,598.0,2026-09-30,7076.0,2.3156212758965138e-06,-9643.837683078085
put,599.0,2026-09-30,1150.0,2.5807634835454546e-06,-1746.7895375985004
put,600.0,2026-09-30,29335.0,2.873674218472374e-06,-49615.59008755233
put,601.0,2026-09-30,691.0,3.1969609753588252e-06,-1300.1992733362931
put,602.0,2026-09-30,231.0,2.2879567803787837e-06,-311.067280851147
put,603.0,2026-09-30,516.0,2.5571296091161763e-06,-776.5992722692555
put,604.0,2026-09-30,10415.0,2.8552882228962505e-06,-17502.648252797986
put,605.0,2026-09-30,9851.0,3.185234023243223e-06,-18467.8441860758
put,606.0,2026-09-30,851.0,2.8412343019634524e-06,-1423.0859992760584
put,607.0,2026-09-30,74.0,2.521340266704796e-06,-109.81400125930237
put,608.0,2026-09-30,479.0,2.8237867430049575e-06,-796.0895902008945
put,609.0,2026-09-30,254.0,3.159429808266525e-06,-472.32068377783924
put,610.0,2026-09-30,1330.0,3.5315378114359797e-06,-2764.4582671740436
put,611.0,2026-09-30,469.0,6.0210457959354655e-06,-1662.0317266801887
put,612.0,2026-09-30,493.0,6.673821446335849e-06,-1936.4934801947913
put,613.0,2026-09-30,457.0,6.0500775101603855e-06,-1627.3151787805575
put,614.0,2026-09-30,155.0,6.714814971228777e-06,-612.5764333197985
put,615.0,2026-09-30,824.0,6.0741026126349034e-06,-2945.8041707897173
put,616.0,2026-09-30,1192.0,6.7506816559089185e-06,-4736.073354885805
put,617.0,2026-09-30,27472.0,7.495572574548896e-06,-121196.37437035854
put,618.0,2026-09-30,24856.0,6.781071316664744e-06,-99202.83620173331
put,619.0,2026-09-30,3155.0,7.539833580516344e-06,-14000.890545390512
put,620.0,2026-09-30,3481.0,6.805621989854062e-06,-13943.326049562196
put,621.0,2026-09-30,1157.0,7.57811895138193e-06,-5160.470664469554
put,622.0,2026-09-30,929.0,6.823960407281494e-06,-3731.184709747523
put,623.0,2026-09-30,610.0,7.610013345951823e-06,-2732.183033315007
put,624.0,2026-09-30,320.0,8.478109753936656e-06,-1596.7743565160822
put,625.0,2026-09-30,3081.0,7.63508676734164e-06,-13845.231182615302
put,626.0,2026-09-30,511.0,8.519202359640188e-06,-2562.2079306279684
put,627.0,2026-09-30,524.0,7.652895110926827e-06,-2360.2151006206163
put,628.0,2026-09-30,144.0,8.552825380697607e-06,-724.8808623635027
put,629.0,2026-09-30,323.0,7.662980926759359e-06,-1456.782794634216
put,630.0,2026-09-30,3625.0,1.7431726679040112e-05,-37191.436691607334
put,631.0,2026-09-30,147.0,1.7565876541054853e-05,-1519.783403085002
put,632.0,2026-09-30,232.0,1.7699018622818132e-05,-2416.749891446983
put,633.0,2026-09-30,477.0,1.783106165106377e-05,-5005.991608555722
put,634.0,2026-09-30,236.0,1.7961910722188587e-05,-2494.9340666596736
put,635.0,2026-09-30,151047.0,1.80914671775325e-05,-1608349.503234879
put,636.0,2026-09-30,818.0,1.8219628475248422e-05,-8771.77245206137
put,637.0,2026-09-30,511.0,1.8346288058769997e-05,-5517.770652386645
put,638.0,2026-09-30,25239.0,2.0365091165362737e-05,-302519.26659178204
put,639.0,2026-09-30,24371.0,2.0519392421747e-05,-294328.54499942675
put,640.0,2026-09-30,3775.0,2.0672314992891513e-05,-45930.44006956129
put,641.0,2026-09-30,379.0,2.0823738150980088e-05,-4645.071899669547
put,642.0,2026-09-30,93.0,2.0973536124610815e-05,-1148.019179235875
put,643.0,2026-09-30,278.0,2.1121577914104355e-05,-3455.9360072690342
put,644.0,2026-09-30,433.0,2.1267727101346598e-05,-5420.052733958456
put,645.0,2026-09-30,608.0,2.141184165417197e-05,-7662.176272281633
put,646.0,2026-09-30,451.0,2.1553773725310646e-05,-5721.295743720395
put,647.0,2026-09-30,4706.0,2.2851865802600707e-05,-63294.813492769805
put,648.0,2026-09-30,30327.0,2.4230857911360517e-05,-432506.6395387106
put,649.0,2026-09-30,29718.0,2.4405835608363988e-05,-426881.95480984426
put,650.0,2026-09-30,5692.0,2.4578611770742162e-05,-82341.12149370361
put,651.0,2026-09-30,469.0,2.4749010025146674e-05,-6831.643747584063
put,652.0,2026-09-30,465.0,2.491684627761605e-05,-6819.312023214216
put,653.0,2026-09-30,2522.0,2.5081928414476963e-05,-37230.643516938675
put,654.0,2026-09-30,2156.0,2.5244055994168118e-05,-32033.355094653223
put,655.0,2026-09-30,912.0,2.540301993005077e-05,-13635.614794097417
put,656.0,2026-09-30,198.0,2.7014557692061405e-05,-3148.165738368571
put,657.0,2026-09-30,882.0,2.8732568456515054e-05,-14915.491600828347
put,658.0,2026-09-30,2314.0,2.893379735776053e-05,-39406.08835368088
put,659.0,2026-09-30,1695.0,2.913180726289093e-05,-29062.412800509526
put,660.0,2026-09-30,7841.0,2.9326345599009036e-05,-135339.30400475135
put,661.0,2026-09-30,415.0,2.9517148054187046e-05,-7209.69723065323
put,662.0,2026-09-30,225.0,4.5796606822460926e-05,-6064.714430820645
put,663.0,2026-09-30,1686.0,4.62988267705683e-05,-45943.29011635963
put,664.0,2026-09-30,1982.0,4.6803348707825994e-05,-54597.79632644955
put,665.0,2026-09-30,1935.0,4.730999838390184e-05,-53880.10572237376
put,666.0,2026-09-30,553.0,4.781858773324186e-05,-15563.827673179096
put,667.0,2026-09-30,1357.0,4.832891398335634e-05,-38599.47700767389
put,668.0,2026-09-30,588.0,5.152429078261242e-05,-17831.336068911605
put,669.0,2026-09-30,570.0,5.209665735256725e-05,-17477.49759860614
put,670.0,2026-09-30,3261.0,5.2671588258509203e-05,-101093.15479900426
put,671.0,2026-09-30,362.0,5.324885678041954e-05,-11345.23236858138
put,672.0,2026-09-30,709.0,5.686961772172317e-05,-23731.275478790893
put,673.0,2026-09-30,1743.0,5.752033055034315e-05,-59008.32634229418
put,674.0,2026-09-30,1122.0,5.817447302675836e-05,-38416.68189436008
put,675.0,2026-09-30,27505.0,5.883179415024187e-05,-952397.5705095613
put,676.0,2026-09-30,20207.0,5.949202022989294e-05,-707546.6760543203
put,677.0,2026-09-30,3901.0,6.0154853228961334e-05,-138115.09881058882
put,678.0,2026-09-30,3232.0,6.444746207282843e-05,-122594.70370736622
put,679.0,2026-09-30,943.0,6.520143487213169e-05,-36187.900091471434
put,680.0,2026-09-30,8874.0,6.595946822793308e-05,-344501.4916471053
put,681.0,2026-09-30,694.0,8.859861470750958e-05,-36189.36298342635
put,682.0,2026-09-30,752.0,8.992915824192966e-05,-39802.73412186216
put,683.0,2026-09-30,1800.0,9.128101025288733e-05,-96704.67723282304
put,684.0,2026-09-30,15260.0,9.526921180102865e-05,-855660.8120249275
put,685.0,2026-09-30,12103.0,9.947227890135425e-05,-708581.219814339
put,686.0,2026-09-30,222.0,0.0001010414936705057,-13202.229218759181
put,687.0,2026-09-30,1689.0,0.00010263865466348114,-102031.70338319668
put,688.0,2026-09-30,984.0,0.00010426428046080512,-60384.45981240825
put,689.0,2026-09-30,767.0,0.00010591889121115912,-47814.90820974087
put,690.0,2026-09-30,7320.0,0.00011081119138480051,-477407.504937993
put,691.0,2026-09-30,2050.0,0.00011598507418032632,-139942.78169314185
put,692.0,2026-09-30,332.0,0.00014402177645029155,-28142.377466040693
put,693.0,2026-09-30,450.0,0.00014682011912137732,-38885.94186124357
put,694.0,2026-09-30,1134.0,0.0001496921228722499,-99909.44319665269
put,695.0,2026-09-30,6013.0,0.00015703153786932647,-555741.2382779759
put,696.0,2026-09-30,266.0,0.00016020465185125594,-25081.37235941768
put,697.0,2026-09-30,3723.0,0.000163466538279395,-358192.4590994934
put,698.0,2026-09-30,284.0,0.00016682074394341884,-27884.504417018077
put,699.0,2026-09-30,4681.0,0.00020223547067440697,-557173.5710050432
put,700.0,2026-09-30,24141.0,0.00020691842574302555,-2940011.0200715233
put,701.0,2026-09-30,3027.0,0.00021781816766839435,-388061.9466804356
put,702.0,2026-09-30,1100.0,0.00022305099323183215,-144408.04324960225
put,703.0,2026-09-30,1907.0,0.0002284702375659427,-256433.56080957336
put,704.0,2026-09-30,793.0,0.00023408559921355492,-109255.2766298802
put,705.0,2026-09-30,4103.0,0.00027681161439615083,-668467.599300362
put,706.0,2026-09-30,1311.0,0.0002843155667195287,-219380.42170735705
put,707.0,2026-09-30,21187.0,0.0002962981723616338,-3694817.3635285604
put,708.0,2026-09-30,1293.0,0.0003089875051682487,-235144.04205346602
put,709.0,2026-09-30,1434.0,0.0003178444151658261,-268261.4531761916
put,710.0,2026-09-30,12567.0,0.0003664457671250725,-2710415.43091434
put,711.0,2026-09-30,1016.0,0.00037783293195060847,-225937.36161603336
put,712.0,2026-09-30,1391.0,0.00038976901132755076,-319101.59436305554
put,713.0,2026-09-30,935.0,0.0004022921196294723,-221384.7354965097
put,714.0,2026-09-30,1829.0,0.0004651849681850358,-500764.9396768106
put,715.0,2026-09-30,6447.0,0.00048136533527515707,-1826530.8798988364
put,716.0,2026-09-30,900.0,0.0004984252822140821,-264020.1719265421
put,717.0,2026-09-30,3248.0,0.0005614941004232957,-1073385.5753421856
put,718.0,2026-09-30,1169.0,0.0005827914384442688,-400979.5378008407
put,719.0,2026-09-30,826.0,0.0006570101810291057,-319408.6574923188
put,720.0,2026-09-30,15178.0,0.0006836505625779377,-6107215.722434303
put,721.0,2026-09-30,1901.0,0.0007022914961011321,-785767.502018862
put,722.0,2026-09-30,2552.0,0.0007835806266619716,-1176952.3939492446
put,723.0,2026-09-30,853.0,0.0008180544643909682,-410701.025139549
put,724.0,2026-09-30,1351.0,0.0009140657117196615,-726820.72699166
put,725.0,2026-09-30,16023.0,0.0010080974285080078,-9506942.69816027
put,726.0,2026-09-30,1055.0,0.0010434659332066141,-647925.7963606538
put,727.0,2026-09-30,1353.0,0.0011535316714488342,-918590.3024986552
put,728.0,2026-09-30,1371.0,0.0012599341377848778,-1016669.5930281263
put,729.0,2026-09-30,1873.0,0.0013774463416282158,-1518472.7546430698
put,730.0,2026-09-30,27561.0,0.001507342893440228,-24451278.11702738
put,731.0,2026-09-30,2422.0,0.0016413485299788184,-2339750.161826652
put,732.0,2026-09-30,2170.0,0.0017893898051660636,-2285384.2452990008
put,733.0,2026-09-30,970.0,0.0019420168090737676,-1108713.2954503566
put,734.0,2026-09-30,1958.0,0.002170201114587861,-2500962.65224971
put,735.0,2026-09-30,13829.0,0.0023482365488974493,-19112925.042294618
put,736.0,2026-09-30,8018.0,0.002613141128116451,-12331714.283553971
put,737.0,2026-09-30,10056.0,0.002893920248317679,-17127988.3870769
put,738.0,2026-09-30,1341.0,0.003191141845142711,-2518659.29459348
put,739.0,2026-09-30,1773.0,0.003505542338030866,-3658124.557290703
put,740.0,2026-09-30,25989.0,0.003916703232024458,-59910752.17190366
put,741.0,2026-09-30,2743.0,0.004282684961446291,-6914112.993384466
put,742.0,2026-09-30,1584.0,0.00475891513963683,-4436675.592526402
put,743.0,2026-09-30,1866.0,0.005320318395044629,-5843106.465486938
put,744.0,2026-09-30,2947.0,0.005923591980758568,-10274479.004255893
put,745.0,2026-09-30,21964.0,0.00657255925935504,-84965082.24845769
put,746.0,2026-09-30,3221.0,0.007328454493142463,-13893051.860336846
put,747.0,2026-09-30,2942.0,0.008131954913671538,-14080956.833946696
put,748.0,2026-09-30,2117.0,0.009000777519664887,-11214900.418156095
put,749.0,2026-09-30,1871.0,0.010047396665249881,-11064247.253866483
put,750.0,2026-09-30,26107.0,0.011152590703284471,-171367029.95663115
put,751.0,2026-09-30,1600.0,0.012386593042358335,-11664507.011987243
put,752.0,2026-09-30,5088.0,0.01374355372431504,-41156713.133223966
put,753.0,2026-09-30,2644.0,0.015193368217259218,-23643406.58876452
put,754.0,2026-09-30,6302.0,0.016824637593735176,-62404894.55264625
put,755.0,2026-09-30,23144.0,0.01856899820881549,-252942281.56368783
put,756.0,2026-09-30,2897.0,0.02041714247935056,-34812722.74686676
put,757.0,2026-09-30,7515.0,0.022390639222283862,-99035298.25530243
put,758.0,2026-09-30,3664.0,0.024462331074313667,-52753082.45274098
put,759.0,2026-09-30,1625.0,0.02661738913991511,-25457359.519309793
put,760.0,2026-09-30,14176.0,0.02879624878579659,-240261485.65043548
put,761.0,2026-09-30,58786.0,0.031024661861901115,-1073434387.4264711
put,762.0,2026-09-30,1534.0,0.03321473034578762,-29988215.785397276
put,763.0,2026-09-30,2608.0,0.03528645221408401,-54163923.89989915
put,764.0,2026-09-30,1890.0,0.037212276440741314,-41394494.11161592
put,765.0,2026-09-30,13744.0,0.03893023703586299,-314916003.39390624
put,766.0,2026-09-30,2558.0,0.04030842013785599,-60686327.06846761
put,767.0,2026-09-30,3346.0,0.0412669949593108,-81268701.03156771
put,768.0,2026-09-30,1618.0,0.04186103714161579,-39864198.625329286
put,769.0,2026-09-30,1758.0,0.041676566936307634,-43122640.37454401
put,770.0,2026-09-30,8038.0,0.0411617359279698,-194731505.12619492
put,771.0,2026-09-30,1479.0,0.04005728816089197,-34869382.39879351
put,772.0,2026-09-30,1948.0,0.03848460117352686,-44123553.318963565
put,773.0,2026-09-30,1384.0,0.03611681681221703,-29419825.54940057
put,774.0,2026-09-30,1128.0,0.03365379921396655,-22342807.079887018
put,775.0,2026-09-30,7434.0,0.03115052114057391,-136295780.2252143
put,776.0,2026-09-30,1148.0,0.028650551322206983,-19358397.7192562
put,777.0,2026-09-30,588.0,0.026129382158236174,-9042759.977081794
put,778.0,2026-09-30,358.0,0.02369893777247886,-4993515.978650653
put,779.0,2026-09-30,182.0,0.021416340876051956,-2294093.927741485
put,780.0,2026-09-30,383.0,0.019319774898880735,-4355072.333541386
put,781.0,2026-09-30,117.0,0.01743289727409996,-1200466.290464239
put,782.0,2026-09-30,136.0,0.01718112626624095,-1375260.8328448937
put,783.0,2026-09-30,174.0,0.015835850161511737,-1621754.7131171282
put,784.0,2026-09-30,1.0,0.014891905873255612,-8764.856682464082
put,785.0,2026-09-30,23.0,0.0139591881872763,-188965.50601688135
put,786.0,2026-09-30,3.0,0.013243539434542591,-23384.05697032869
put,787.0,2026-09-30,0.0,0.012494720134082505,-0.0
put,788.0,2026-09-30,15.0,0.011814308666229062,-104302.35371806032
put,789.0,2026-09-30,0.0,0.011172429827589658,-0.0
put,790.0,2026-09-30,4.0,0.010614119585524006,-24988.403168657645
put,791.0,2026-09-30,0.0,0.010080593342646072,-0.0
put,792.0,2026-09-30,0.0,0.009601693148109759,-0.0
put,793.0,2026-09-30,0.0,0.009181034130759746,-0.0
put,794.0,2026-09-30,7.0,0.008771260223140743,-36137.206079810996
put,795.0,2026-09-30,1.0,0.008389073761341993,-4937.516382562779
put,796.0,2026-09-30,0.0,0.008036357645088915,-0.0
put,797.0,2026-09-30,0.0,0.007705677781576479,-0.0
put,798.0,2026-09-30,0.0,0.007387073275643296,-0.0
put,799.0,2026-09-30,0.0,0.007098851072245019,-0.0
put,800.0,2026-09-30,21.0,0.006829702708399178,-84414.22371193426
put,802.0,2026-09-30,0.0,0.006350766117244213,-0.0
put,804.0,2026-09-30,0.0,0.006548182408122705,-0.0
put,805.0,2026-09-30,1.0,0.006209050067909901,-3654.4304297013896
put,806.0,2026-09-30,0.0,0.006155118561836757,-0.0
put,808.0,2026-09-30,0.0,0.00588305399936246,-0.0
put,809.0,2026-09-30,0.0,0.00563558671451439,-0.0
put,810.0,2026-09-30,1.0,0.005538558245967164,-3259.8023158716887
put,812.0,2026-09-30,0.0,0.005186261485594933,-0.0
put,815.0,2026-09-30,0.0,0.004799136163152825,-0.0
put,820.0,2026-09-30,0.0,0.004271044259533721,-0.0
put,823.0,2026-09-30,0.0,0.003988675140054882,-0.0
put,825.0,2026-09-30,2.0,0.003817351612957428,-4493.520181890644
put,828.0,2026-09-30,0.0,0.003555079981575547,-0.0
put,845.0,2026-09-30,0.0,0.0025443853252603856,-0.0
put,849.0,2026-09-30,0.0,0.0023813043787890326,-0.0
put,850.0,2026-09-30,1.0,0.002343954760563808,-1379.5700645286072
put,855.0,2026-09-30,0.0,0.002652787006521905,-0.0
put,870.0,2026-09-30,0.0,0.0,-0.0
put,885.0,2026-09-30,0.0,0.0015456995784628865,-0.0
put,895.0,2026-09-30,0.0,0.0005252779407107938,-0.0
put,900.0,2026-09-30,0.0,0.0021362054398268216,-0.0
call,660.0,2026-10-01,2.0,0.0012022955685232837,1415.2585220127355
call,680.0,2026-10-01,5.0,0.0016735093157224383,4924.846233220594
call,700.0,2026-10-01,2.0,0.0024891783875487946,2930.08725809017
call,725.0,2026-10-01,1.0,0.0047797022364650535,2813.166121517438
call,728.0,2026-10-01,1.0,0.005270653122547044,3102.1226990878995
call,734.0,2026-10-01,4.0,0.006510928568730783,15328.422368603235
call,740.0,2026-10-01,21.0,0.008208236021885343,101452.7134511532
call,742.0,2026-10-01,6.0,0.008965284542584507,31659.923774183113
call,745.0,2026-10-01,23.0,0.010040520550927419,135918.50909412355
call,748.0,2026-10-01,9.0,0.0118731272381283,62892.97928049159
call,749.0,2026-10-01,7.0,0.012575899596344762,51812.15284813359
call,750.0,2026-10-01,46.0,0.013326941428247698,360813.56549682555
call,753.0,2026-10-01,38.0,0.015888508570623627,355354.0470094713
call,754.0,2026-10-01,22.0,0.016842654264704337,218085.98206667067
call,755.0,2026-10-01,176.0,0.01864979569006664,1931885.055402148
call,756.0,2026-10-01,8.0,0.02013111372373341,94787.77432446134
call,757.0,2026-10-01,21.0,0.021632765310044464,267378.1229370508
call,758.0,2026-10-01,48.0,0.02325556163297043,656995.8199349331
call,759.0,2026-10-01,227.0,0.02491686336884677,3328999.7657619687
call,760.0,2026-10-01,415.0,0.026615654379244274,6500994.246388278
call,761.0,2026-10-01,460.0,0.02833757120935396,7672113.035550108
call,762.0,2026-10-01,162.0,0.02997142105520532,2857701.653597648
call,763.0,2026-10-01,200.0,0.03161296621628567,3721257.984727617
call,764.0,2026-10-01,101.0,0.03309307602737882,1967220.52731748
call,765.0,2026-10-01,415.0,0.03447151614736543,8419824.098447222
call,766.0,2026-10-01,292.0,0.03615732014575858,6214033.964803507
call,767.0,2026-10-01,352.0,0.037022273265899706,7670086.860790758
call,768.0,2026-10-01,403.0,0.0376090432980346,8920554.866703406
call,769.0,2026-10-01,441.0,0.03781616565700484,9815459.103251394
call,770.0,2026-10-01,854.0,0.03761495290523625,18906577.956767768
call,771.0,2026-10-01,245.0,0.03700458253947161,5336003.799766429
call,772.0,2026-10-01,424.0,0.03598306699020772,8979632.654674303
call,773.0,2026-10-01,320.0,0.03469262766486267,6534038.815632325
call,774.0,2026-10-01,416.0,0.03292717884222447,8061992.499949711
call,775.0,2026-10-01,866.0,0.030954441070647015,15777398.511239441
call,776.0,2026-10-01,249.0,0.0287260036611785,4209873.9755656365
call,777.0,2026-10-01,372.0,0.026356106210956562,5770570.158582135
call,778.0,2026-10-01,574.0,0.02391316531831798,8078737.469172443
call,779.0,2026-10-01,307.0,0.0214680318682145,3879047.908544774
call,780.0,2026-10-01,1033.0,0.01912951924200814,11630514.143404063
call,781.0,2026-10-01,424.0,0.016868573783720444,4209579.912332107
call,782.0,2026-10-01,466.0,0.014772873190815328,4051775.958833057
call,783.0,2026-10-01,389.0,0.012805193466497796,2931772.6045840806
call,784.0,2026-10-01,959.0,0.011065915502005329,6245978.62262415
call,785.0,2026-10-01,594.0,0.009522106893522035,3329001.831639664
call,786.0,2026-10-01,290.0,0.008148098587768323,1390749.1706984371
call,787.0,2026-10-01,189.0,0.006996410244824734,778272.3616574242
call,788.0,2026-10-01,75.0,0.006027755691201409,266079.51594615576
call,789.0,2026-10-01,342.0,0.005310783818690608,1069003.8419515695
call,790.0,2026-10-01,326.0,0.00448785060198378,861093.9299210167
call,791.0,2026-10-01,144.0,0.004007440727757214,339644.1481388381
call,792.0,2026-10-01,32.0,0.0034471411131905107,64923.74706849112
call,793.0,2026-10-01,80.0,0.003040842080892952,143178.69188737168
call,794.0,2026-10-01,238.0,0.002711377484740785,379805.7007478906
call,795.0,2026-10-01,110.0,0.002379983794911968,154085.30480372292
call,796.0,2026-10-01,660.0,0.002072090350356798,804909.6987084063
call,797.0,2026-10-01,113.0,0.0019689733754444023,130952.20747088255
call,798.0,2026-10-01,234.0,0.0017058897564651298,234942.37540505058
call,799.0,2026-10-01,30.0,0.0016159252212129788,28532.317677914158
call,800.0,2026-10-01,3607.0,0.0013912046243327455,2953464.067803065
call,801.0,2026-10-01,44.0,0.0013258648939103864,34335.74577162938
call,802.0,2026-10-01,56.0,0.0012414912863846729,40919.11567645454
call,804.0,2026-10-01,2.0,0.001011872821084844,1191.1061395596087
call,805.0,2026-10-01,11.0,0.0009542922186316962,6178.29447805651
call,806.0,2026-10-01,1.0,0.0009200011784348607,541.480623454731
call,807.0,2026-10-01,2.0,0.0008709056412524038,1025.169403365027
call,808.0,2026-10-01,2.0,0.0008259263151417186,972.2228765216117
call,809.0,2026-10-01,24.0,0.0006958166643570008,9828.8023987238
call,810.0,2026-10-01,180.0,0.0006628513360882612,70223.61423495879
call,815.0,2026-10-01,29.0,0.0005421347716225982,9253.367223277797
call,820.0,2026-10-01,25.0,0.00037774843615243764,5558.239041194715
call,830.0,2026-10-01,49.0,0.00021751388525848304,6273.033438510979
call,840.0,2026-10-01,4.0,0.00011340828141469832,266.99264463913227
call,870.0,2026-10-01,142.0,3.217645467915126e-05,2689.187421826538
call,880.0,2026-10-01,1.0,2.7573797650533005e-05,16.228976106558708
call,895.0,2026-10-01,5.0,2.0043882621934965e-05,58.985653024069734
call,900.0,2026-10-01,9.0,1.916439270275045e-05,101.51544146740693
put,550.0,2026-10-01,10.0,3.879269139880883e-06,-22.83202588919428
put,555.0,2026-10-01,12.0,4.252920634319031e-06,-30.03745000186576
put,565.0,2026-10-01,2033.0,5.106395509794706e-06,-6110.072519106466
put,570.0,2026-10-01,2031.0,2.792049956876577e-06,-3337.5489555879167
put,575.0,2026-10-01,5.0,3.019475089596661e-06,-8.885788911718183
put,590.0,2026-10-01,1.0,3.7980641852580068e-06,-2.23540818333876
put,595.0,2026-10-01,160.0,4.092326970779515e-06,-385.37616019807245
put,615.0,2026-10-01,5.0,1.821458394511513e-05,-53.60234585432
put,630.0,2026-10-01,1.0,2.253958813957536e-05,-13.266015875102779
put,635.0,2026-10-01,1.0,2.4976418790892667e-05,-14.700249451383266
put,640.0,2026-10-01,27.0,3.8458616018318235e-05,-611.155820674361
put,645.0,2026-10-01,48.0,4.1183023486867184e-05,-1163.4668175372688
put,650.0,2026-10-01,2.0,4.6241715841802975e-05,-54.432524024008806
put,660.0,2026-10-01,115.0,5.321195791368931e-05,-3601.650904912422
put,665.0,2026-10-01,106.0,7.747920920913603e-05,-4833.765540761396
put,670.0,2026-10-01,1.0,8.43299023606864e-05,-49.633640887096064
put,675.0,2026-10-01,1.0,9.687281442027081e-05,-57.01596169402806
put,685.0,2026-10-01,7.0,0.00014502391430845554,-597.4921441777653
put,690.0,2026-10-01,27.0,0.00018962381511674283,-3013.361122820354
put,695.0,2026-10-01,216.0,0.00024731493419462183,-31441.16501763795
put,700.0,2026-10-01,166.0,0.00031825298454632667,-31093.89372060689
put,705.0,2026-10-01,22.0,0.0003998260864022518,-5177.121333639113
put,710.0,2026-10-01,55.0,0.0005498933008624584,-17800.64155353866
put,715.0,2026-10-01,28.0,0.0007321018840701077,-12064.910164795538
put,718.0,2026-10-01,25.0,0.0008599186212977292,-12652.953118298516
put,719.0,2026-10-01,79.0,0.0009379510715898824,-43611.57908341539
put,720.0,2026-10-01,52.0,0.0009711589623560324,-29722.696212031213
put,721.0,2026-10-01,127.0,0.001054803998192618,-78844.24974000057
put,722.0,2026-10-01,113.0,0.0011461161449694995,-76225.73320367986
put,723.0,2026-10-01,1.0,0.0011908404180106169,-700.8871587278479
put,724.0,2026-10-01,45.0,0.0012889901169300015,-34139.4592557305
put,725.0,2026-10-01,600.0,0.0013961216105810219,-493025.1076865726
put,726.0,2026-10-01,82.0,0.0015049311728915723,-72631.5023133873
put,727.0,2026-10-01,330.0,0.0016235873092376662,-315343.6749706049
put,728.0,2026-10-01,12.0,0.0017438821210855827,-12316.658721199734
put,729.0,2026-10-01,339.0,0.0019238574234286385,-383854.9260225969
put,730.0,2026-10-01,439.0,0.0020698870106205304,-534817.606521331
put,731.0,2026-10-01,245.0,0.0022622238389717283,-326209.19281549356
put,732.0,2026-10-01,62.0,0.0024268417201208483,-88557.97525400876
put,733.0,2026-10-01,67.0,0.0026557059324492757,-104724.7477801256
put,734.0,2026-10-01,57.0,0.00289403883495837,-97089.83139926019
put,735.0,2026-10-01,366.0,0.003141944127552313,-676821.3967578891
put,736.0,2026-10-01,98.0,0.003413960318535633,-196915.1276064423
put,737.0,2026-10-01,458.0,0.0037502518819625317,-1010928.527961573
put,738.0,2026-10-01,258.0,0.004056544364508383,-615985.4764839247
put,739.0,2026-10-01,199.0,0.0044344562473411925,-519383.3070714337
put,740.0,2026-10-01,668.0,0.004892495166379717,-1923540.8083008048
put,741.0,2026-10-01,295.0,0.005323769290254864,-924348.582030687
put,742.0,2026-10-01,75.0,0.005834725006002427,-257558.68100995038
put,743.0,2026-10-01,129.0,0.006376543777777506,-484138.46914144413
put,744.0,2026-10-01,205.0,0.00700506195465956,-845201.7320295325
put,745.0,2026-10-01,475.0,0.007711608645740213,-2155922.4148039827
put,746.0,2026-10-01,480.0,0.008419380700738692,-2378569.915500953
put,747.0,2026-10-01,522.0,0.00925235707913679,-2842610.9518897384
put,748.0,2026-10-01,537.0,0.010138625440782641,-3204408.69287999
put,749.0,2026-10-01,855.0,0.011075760240103136,-5573579.462759929
put,750.0,2026-10-01,1396.0,0.012137717466958776,-9972797.00247799
put,751.0,2026-10-01,310.0,0.013260019985106702,-2419359.5156470807
put,752.0,2026-10-01,745.0,0.014493010574675436,-6354910.206986052
put,753.0,2026-10-01,430.0,0.0157953968267194,-3997546.5841020816
put,754.0,2026-10-01,635.0,0.017194703591424578,-6426328.998043856
put,755.0,2026-10-01,1185.0,0.018676589973657478,-13025981.929910813
put,756.0,2026-10-01,166.0,0.02023826535224498,-1977315.2256504411
put,757.0,2026-10-01,854.0,0.021871005162035297,-10993124.599428328
put,758.0,2026-10-01,467.0,0.023555467541529956,-6474453.945761196
put,759.0,2026-10-01,611.0,0.025272357089420685,-9088275.76329514
put,760.0,2026-10-01,2018.0,0.027004224136729073,-32073577.391847193
put,761.0,2026-10-01,607.0,0.028766188532916463,-10276980.919443397
put,762.0,2026-10-01,180.0,0.030376457025603598,-3218134.26910971
put,763.0,2026-10-01,865.0,0.03208252572348551,-16333497.68330471
put,764.0,2026-10-01,251.0,0.033438456478183276,-4939858.174187754
put,765.0,2026-10-01,738.0,0.034786589975482334,-15109940.588725012
put,766.0,2026-10-01,614.0,0.03594473906545965,-12989673.739165679
put,767.0,2026-10-01,380.0,0.03664527142842412,-8195889.153452457
put,768.0,2026-10-01,179.0,0.037063853611991555,-3904794.1097338414
put,769.0,2026-10-01,371.0,0.03688922458452873,-8055045.031406565
put,770.0,2026-10-01,2883.0,0.036782705630659634,-62414119.85066564
put,771.0,2026-10-01,421.0,0.0360548086707679,-8933874.096604409
put,772.0,2026-10-01,378.0,0.034898920191852936,-7764228.822087249
put,773.0,2026-10-01,519.0,0.03361451659179356,-10268068.672826776
put,774.0,2026-10-01,401.0,0.03205012876070458,-7564299.011880202
put,775.0,2026-10-01,639.0,0.02993832060409132,-11259596.55930787
put,776.0,2026-10-01,87.0,0.027954605472586793,-1431420.2495008209
put,777.0,2026-10-01,24.0,0.023935379531512726,-338100.72078554676
put,778.0,2026-10-01,16.0,0.023793336949310583,-224062.85952458074
put,779.0,2026-10-01,107.0,0.021834835720874544,-1375080.8790087274
put,780.0,2026-10-01,120.0,0.01897940381828073,-1340473.858497267
put,781.0,2026-10-01,3.0,0.017938149260861208,-31673.308055712045
put,782.0,2026-10-01,2.0,0.016945152109150225,-19946.65168626753
put,783.0,2026-10-01,2.0,0.01600396855382446,-18838.75602206818
put,788.0,2026-10-01,0.0,0.01227000223845846,-0.0
put,789.0,2026-10-01,0.0,0.011698252813158432,-0.0
put,790.0,2026-10-01,0.0,0.011186229648402138,-0.0
put,791.0,2026-10-01,0.0,0.01070412214770311,-0.0
put,792.0,2026-10-01,0.0,0.010283835209365804,-0.0
put,793.0,2026-10-01,0.0,0.0098379765808586,-0.0
call,500.0,2026-10-02,2.0,2.578167600706103e-05,30.348391556978253
call,505.0,2026-10-02,0.0,1.063547099177444e-05,0.0
call,510.0,2026-10-02,0.0,2.717424179732838e-05,0.0
call,515.0,2026-10-02,0.0,3.362135531776316e-05,0.0
call,520.0,2026-10-02,0.0,2.1256705787192648e-05,0.0
call,580.0,2026-10-02,0.0,0.00010052442144958027,0.0
call,590.0,2026-10-02,0.0,6.697996576190965e-05,0.0
call,595.0,2026-10-02,1.0,0.0001288426180922731,75.8322737051619
call,600.0,2026-10-02,2.0,0.0001393669702260709,164.05308100885864
call,605.0,2026-10-02,0.0,0.0001380745978752231,0.0
call,610.0,2026-10-02,1.0,0.0001650643647467922,97.15113113801357
call,615.0,2026-10-02,0.0,0.00012871344794205348,0.0
call,620.0,2026-10-02,20.0,0.00019744191983375823,2324.1486283650906
call,625.0,2026-10-02,0.0,0.00017583953289356828,0.0
call,630.0,2026-10-02,0.0,0.00021989989701608,0.0
call,635.0,2026-10-02,0.0,0.00024241942871763562,0.0
call,640.0,2026-10-02,0.0,0.0002829690621201794,0.0
call,645.0,2026-10-02,0.0,0.00031357295056163426,0.0
call,650.0,2026-10-02,21.0,0.0011246474069696946,13900.493456652786
call,655.0,2026-10-02,2.0,0.0012080387682832378,1422.0190163676136
call,660.0,2026-10-02,8.0,0.0013005835691957213,6123.825215973383
call,665.0,2026-10-02,1.0,0.0014032675590065088,825.9143689547376
call,670.0,2026-10-02,1.0,0.0015188022619463662,893.9140676996458
call,675.0,2026-10-02,0.0,0.001648359384826409,0.0
call,680.0,2026-10-02,1.0,0.0017982008715945663,1058.3583498277087
call,685.0,2026-10-02,2.0,0.0019651142098701777,2313.1954446634327
call,690.0,2026-10-02,2.0,0.002159661236608503,2542.202641173217
call,695.0,2026-10-02,33.0,0.0023808659020751856,46242.72429950917
call,700.0,2026-10-02,507.0,0.0026416665084559024,788279.9604763195
call,705.0,2026-10-02,70.0,0.0029509673711779084,121578.55691672715
call,710.0,2026-10-02,240.0,0.0033138517965224457,468100.23609845276
call,715.0,2026-10-02,231.0,0.003757140081398282,510815.3086283091
call,720.0,2026-10-02,102.0,0.0042948878646032074,257837.7707951302
call,721.0,2026-10-02,170.0,0.004417292175906128,441976.9128212268
call,722.0,2026-10-02,243.0,0.004545183154275282,650058.1366471847
call,723.0,2026-10-02,204.0,0.004682437342713506,562207.5567016759
call,724.0,2026-10-02,168.0,0.004821167647957086,476711.96450397855
call,725.0,2026-10-02,170.0,0.004967052285432527,496983.7510208971
call,726.0,2026-10-02,199.0,0.005123482894505442,600085.1831761039
call,727.0,2026-10-02,56.0,0.0052826165307152785,174113.180869892
call,728.0,2026-10-02,300.0,0.005453219292499798,962872.4348032648
call,729.0,2026-10-02,109.0,0.005632245808189048,361328.84685799706
call,730.0,2026-10-02,148.0,0.005820248211857881,506988.09114069195
call,731.0,2026-10-02,118.0,0.006016704319088675,417864.24637355236
call,732.0,2026-10-02,126.0,0.006223432524013088,461524.82569301035
call,733.0,2026-10-02,101.0,0.0064443128656898295,383082.6890601773
call,734.0,2026-10-02,155.0,0.006673165947590964,608776.8929809178
call,735.0,2026-10-02,96.0,0.006865599040900023,387921.8177922331
call,736.0,2026-10-02,63.0,0.0071258434796880364,264223.45363182237
call,737.0,2026-10-02,54.0,0.007403866449139509,235313.5158962538
call,738.0,2026-10-02,129.0,0.007696246476283546,584336.7687913585
call,739.0,2026-10-02,81.0,0.008004740756038032,381616.2212164695
call,740.0,2026-10-02,87.0,0.008330689715438383,426574.36044592026
call,741.0,2026-10-02,62.0,0.008676904868269667,316629.271795834
call,742.0,2026-10-02,33.0,0.009042865058802143,175636.39994481593
call,743.0,2026-10-02,183.0,0.009430517045627572,1015736.6681028708
call,744.0,2026-10-02,416.0,0.009840475884492626,2409372.608472035
call,745.0,2026-10-02,834.0,0.010250430083999612,5031560.221686711
call,746.0,2026-10-02,368.0,0.01076098256092721,2330742.432965178
call,747.0,2026-10-02,770.0,0.011303066240587332,5122494.898640237
call,748.0,2026-10-02,133.0,0.011880948070763005,930030.6798281522
call,749.0,2026-10-02,279.0,0.012493034572191844,2051477.1391701922
call,750.0,2026-10-02,2208.0,0.013140393100181134,17076621.922410816
call,751.0,2026-10-02,224.0,0.013817049114318952,1821620.295580195
call,752.0,2026-10-02,99.0,0.014532747085976556,846793.3656728311
call,753.0,2026-10-02,85.0,0.015942492953688648,797571.6273397815
call,754.0,2026-10-02,881.0,0.016065493889636254,8330374.507191247
call,755.0,2026-10-02,513.0,0.018050487166040036,5450054.301311722
call,756.0,2026-10-02,178.0,0.019176404451729516,2009008.2483739383
call,757.0,2026-10-02,506.0,0.020386197472444783,6071294.227721813
call,758.0,2026-10-02,503.0,0.021599865911680664,6394602.849082596
call,759.0,2026-10-02,317.0,0.022758636100864527,4246195.938587179
call,760.0,2026-10-02,1869.0,0.024099198132067904,26509798.71946924
call,761.0,2026-10-02,674.0,0.02536435538458344,10061859.82459487
call,762.0,2026-10-02,1590.0,0.026736151848908426,25020187.509460017
call,763.0,2026-10-02,785.0,0.027691226058549595,12794000.943668047
call,764.0,2026-10-02,706.0,0.028956144591151024,12032059.59413169
call,765.0,2026-10-02,2569.0,0.029793545510315864,45048551.31750041
call,766.0,2026-10-02,892.0,0.03109755479319656,16326219.56017281
call,767.0,2026-10-02,1148.0,0.03174277541530911,21447729.374976885
call,768.0,2026-10-02,1543.0,0.03224141606141893,29280235.857782718
call,769.0,2026-10-02,1173.0,0.03247889435865567,22423003.535425205
call,770.0,2026-10-02,6471.0,0.03249439229634175,123758305.89657886
call,771.0,2026-10-02,1511.0,0.032208184006933094,28643444.30795168
call,772.0,2026-10-02,13744.0,0.031690552321323354,256352461.28049675
call,773.0,2026-10-02,3038.0,0.030932085063092522,55308451.82122381
call,774.0,2026-10-02,3453.0,0.029883420917013275,60732537.503520064
call,775.0,2026-10-02,7330.0,0.0286281599514747,123507106.23234448
call,776.0,2026-10-02,1882.0,0.02714411930807129,30066987.099898662
call,777.0,2026-10-02,1037.0,0.025541026285551403,15588762.37760181
call,778.0,2026-10-02,1327.0,0.023810758104677393,18596819.786106613
call,779.0,2026-10-02,1809.0,0.022001305523141033,23425105.497175675
call,780.0,2026-10-02,10068.0,0.020170307831237726,119522665.48490284
call,781.0,2026-10-02,2897.0,0.018337156410636893,31266194.215721525
call,782.0,2026-10-02,1877.0,0.016570127650036563,18305629.29794444
call,783.0,2026-10-02,2072.0,0.014850319494877142,18110068.167672522
call,784.0,2026-10-02,1383.0,0.01323105235086042,10769885.95714028
call,785.0,2026-10-02,59233.0,0.011773811951133311,410464271.9722686
call,786.0,2026-10-02,1188.0,0.010346345101425224,7234323.701375897
call,787.0,2026-10-02,1191.0,0.009115243286216455,6389613.111710379
call,788.0,2026-10-02,1270.0,0.008032673285488234,6004244.387450764
call,789.0,2026-10-02,1658.0,0.007092624867818193,6921274.172337699
call,790.0,2026-10-02,3663.0,0.006202846295805132,13372803.864167415
call,791.0,2026-10-02,2142.0,0.005456021467872788,6878441.9052928835
call,792.0,2026-10-02,1659.0,0.00476298081798688,4650715.308156577
call,793.0,2026-10-02,1012.0,0.004219831786595567,2513449.641851455
call,794.0,2026-10-02,1234.0,0.0038450643674869996,2792629.4316481273
call,795.0,2026-10-02,6091.0,0.003364659728518522,12062137.818420904
call,796.0,2026-10-02,885.0,0.0030323274558926947,1579479.1798573313
call,797.0,2026-10-02,2496.0,0.002737454784516459,4021481.472337192
call,798.0,2026-10-02,404.0,0.002475469059632772,588617.8177960818
call,799.0,2026-10-02,1970.0,0.002224028659015604,2578701.911034501
call,800.0,2026-10-02,5435.0,0.0019836921330734303,6345536.639162765
call,801.0,2026-10-02,909.0,0.0017394505903824684,930616.0038859771
call,802.0,2026-10-02,165.0,0.0016691212311472033,162093.7845493997
call,803.0,2026-10-02,339.0,0.0014678536207589025,292871.4135189182
call,804.0,2026-10-02,445.0,0.0013901117519325922,364086.23718069406
call,805.0,2026-10-02,785.0,0.0013189931847675757,609406.0268378009
call,806.0,2026-10-02,674.0,0.0011436677834414989,453684.8955320876
call,807.0,2026-10-02,287.0,0.0011104705666462762,187578.6842887399
call,808.0,2026-10-02,176.0,0.0010598660301403024,109788.83513705326
call,809.0,2026-10-02,92.0,0.0010131421621181998,54859.61468911414
call,810.0,2026-10-02,796.0,0.0008678127100251922,406568.39090181957
call,811.0,2026-10-02,538.0,0.0008330080232927056,263770.3628322775
call,812.0,2026-10-02,218.0,0.0008006656788582291,102731.1720095682
call,813.0,2026-10-02,266.0,0.0007705569001146476,120637.09956336439
call,814.0,2026-10-02,239.0,0.0007424787650224282,104442.31147570796
call,815.0,2026-10-02,802.0,0.0006284376209974782,296640.9346453475
call,816.0,2026-10-02,191.0,0.0005963500049043052,67039.24754032755
call,817.0,2026-10-02,108.0,0.0005776066448175919,36715.58673586366
call,818.0,2026-10-02,319.0,0.0005495287112308793,103175.2684759197
call,819.0,2026-10-02,69.0,0.000533406247433894,21662.158308916387
call,820.0,2026-10-02,325.0,0.0005182160311694252,99126.26474973632
call,821.0,2026-10-02,86.0,0.0005038857783059575,25504.98596448314
call,822.0,2026-10-02,55.0,0.0004061939504452713,13148.937988063699
call,823.0,2026-10-02,142.0,0.00039660893475751977,33147.087501377806
call,824.0,2026-10-02,83.0,0.0003875168166064929,18930.54785909828
call,825.0,2026-10-02,373.0,0.0003647256872670947,80069.97995318996
call,830.0,2026-10-02,682.0,0.0003179665806387112,127632.23897536602
call,835.0,2026-10-02,545.0,0.00021840045592602002,70055.87786871042
call,840.0,2026-10-02,909.0,0.00019194052428641025,102689.2771101495
call,845.0,2026-10-02,155.0,0.00012192451508794838,11122.880512246467
call,850.0,2026-10-02,1127.0,0.00010750922587983425,71312.25790986852
call,855.0,2026-10-02,53.0,9.601835324700939e-05,2995.1919485474095
call,860.0,2026-10-02,176.0,8.672270297121623e-05,8983.384945252097
call,865.0,2026-10-02,218.0,7.910498030965146e-05,10149.738590759862
call,870.0,2026-10-02,79.0,7.279075515351453e-05,3384.5259854951996
call,875.0,2026-10-02,25.0,3.816263636213302e-05,561.5299364398336
call,880.0,2026-10-02,14.0,3.12230071527281e-05,257.2748305728708
call,890.0,2026-10-02,13.0,2.913185797002333e-05,222.8979492797
call,895.0,2026-10-02,1.0,2.457031423163087e-05,14.461230464134808
call,900.0,2026-10-02,7.0,2.4078176904485695e-05,99.20102912098761
call,905.0,2026-10-02,3.0,2.365869127293616e-05,41.77404290629238
call,910.0,2026-10-02,0.0,9.700528262418388e-08,0.0
call,915.0,2026-10-02,450.0,2.0274052648499583e-05,5369.670296545597
call,920.0,2026-10-02,659.0,2.0140878553406783e-05,7811.930340053535
call,925.0,2026-10-02,320.0,1.774685638780529e-05,3342.457931222583
call,930.0,2026-10-02,10.0,1.573094048277613e-05,92.5868320585634
put,500.0,2026-10-02,1073.0,1.4937209705659525e-06,-943.3301967523471
put,505.0,2026-10-02,19.0,1.6123428045141569e-06,-18.030406636468147
put,510.0,2026-10-02,273.0,1.7379556124011974e-06,-279.25172466451846
put,515.0,2026-10-02,228.0,1.8707510041007754e-06,-251.04141296812097
put,520.0,2026-10-02,262.0,2.0108993892738554e-06,-310.0888641225693
put,525.0,2026-10-02,395.0,2.1585448636743843e-06,-501.82548364525456
put,530.0,2026-10-02,87.0,2.3137992794534364e-06,-118.47847915929034
put,535.0,2026-10-02,198.0,2.476735373706929e-06,-288.62858075965977
put,540.0,2026-10-02,99.0,2.647378810409542e-06,-154.25733344254309
put,545.0,2026-10-02,105.0,2.8256989691673964e-06,-174.6263308302828
put,550.0,2026-10-02,340.0,3.011598289711934e-06,-602.6574026525765
put,555.0,2026-10-02,5124.0,3.204899953635421e-06,-9665.362224916855
put,560.0,2026-10-02,10443.0,8.917513465211167e-06,-54810.47785882102
put,565.0,2026-10-02,227.0,8.962699804195232e-06,-1197.4551173269008
put,570.0,2026-10-02,485.0,8.96795412233368e-06,-2559.9392142136976
put,575.0,2026-10-02,1360.0,9.661618618922253e-06,-7733.629019767316
put,580.0,2026-10-02,1106.0,1.0403812887679326e-05,-6772.393690551315
put,585.0,2026-10-02,48.0,1.1197783953017638e-05,-316.3500140644578
put,590.0,2026-10-02,232.0,1.2046998538334935e-05,-1644.982867708127
put,595.0,2026-10-02,273.0,1.2955155446587638e-05,-2081.612140115688
put,600.0,2026-10-02,6368.0,1.3926197054244502e-05,-52195.14729219841
put,605.0,2026-10-02,325.0,2.2749236236637113e-05,-4351.557417006889
put,610.0,2026-10-02,699.0,2.888118935138947e-05,-11881.924439981605
put,615.0,2026-10-02,326.0,3.1463056410828754e-05,-6036.886985531853
put,620.0,2026-10-02,491.0,3.430121129323777e-05,-9912.552158014747
put,625.0,2026-10-02,431.0,3.59170728618664e-05,-9111.140472459454
put,630.0,2026-10-02,1223.0,3.9189809385594294e-05,-28209.419212715897
put,635.0,2026-10-02,876.0,5.5004672258196915e-05,-28359.477438381095
put,640.0,2026-10-02,426.0,5.810122442935795e-05,-14567.647382487037
put,645.0,2026-10-02,734.0,6.401165496168558e-05,-27653.471094087232
put,650.0,2026-10-02,2713.0,8.374319426031625e-05,-133719.22559255356
put,655.0,2026-10-02,310.0,9.115165667163738e-05,-16631.09317958898
put,660.0,2026-10-02,501.0,9.938298018172937e-05,-29305.172237640243
put,665.0,2026-10-02,548.0,0.00012677297447747233,-40888.55618313617
put,670.0,2026-10-02,1822.0,0.00013963403231169225,-149738.74501604185
put,675.0,2026-10-02,2499.0,0.00017653635336182443,-259653.9561978358
put,680.0,2026-10-02,5482.0,0.0002197759146491227,-709110.088301961
put,685.0,2026-10-02,503.0,0.00026981622773352803,-79878.62636038406
put,690.0,2026-10-02,1342.0,0.00029960381984303326,-236643.40118395153
put,695.0,2026-10-02,3639.0,0.00039601378985502895,-848177.8002342592
put,700.0,2026-10-02,10523.0,0.0004847719122654676,-3002420.770752385
put,705.0,2026-10-02,1987.0,0.000620468645441117,-725625.010974728
put,710.0,2026-10-02,6704.0,0.0007881567135519966,-3109862.02764525
put,715.0,2026-10-02,4053.0,0.0010433352704518214,-2488828.8337799655
put,720.0,2026-10-02,2821.0,0.0014033156281103517,-2329984.24598598
put,721.0,2026-10-02,1536.0,0.0014934795592465996,-1350159.371689811
put,722.0,2026-10-02,845.0,0.0015905214414312927,-791026.0278091468
put,723.0,2026-10-02,2222.0,0.0016950412552144698,-2216760.95873594
put,724.0,2026-10-02,1434.0,0.0017995020301065938,-1518784.0545760342
put,725.0,2026-10-02,3062.0,0.0019119998078745838,-3445780.169553384
put,726.0,2026-10-02,418.0,0.0020739145333340077,-510224.92842912546
put,727.0,2026-10-02,810.0,0.0022020457833291447,-1049798.383721368
put,728.0,2026-10-02,445.0,0.0023750578259462067,-622054.9288452066
put,729.0,2026-10-02,1580.0,0.002520854775284512,-2344225.849729531
put,730.0,2026-10-02,5611.0,0.0027110898432257664,-8953208.849913081
put,731.0,2026-10-02,579.0,0.002917256582287488,-994140.4131205495
put,732.0,2026-10-02,1908.0,0.003128866844372224,-3513662.0519241258
put,733.0,2026-10-02,913.0,0.0034017463910239482,-1827962.3518301318
put,734.0,2026-10-02,580.0,0.0036396780196543636,-1242468.8123048423
put,735.0,2026-10-02,3077.0,0.003938159938640893,-7132066.482450037
put,736.0,2026-10-02,477.0,0.004255004251180444,-1194573.6037824468
put,737.0,2026-10-02,691.0,0.00458445929144646,-1864492.7746449823
put,738.0,2026-10-02,1047.0,0.004971658940402298,-3063673.967932418
put,739.0,2026-10-02,1047.0,0.005383615710016166,-3317533.1417230903
put,740.0,2026-10-02,6980.0,0.005814647887775995,-23887647.403036386
put,741.0,2026-10-02,1834.0,0.006305485083478612,-6806320.109275174
put,742.0,2026-10-02,1296.0,0.006824462166178128,-5205566.137496104
put,743.0,2026-10-02,1095.0,0.007401434892829429,-4770068.096887053
put,744.0,2026-10-02,15533.0,0.00801199987432262,-73247163.74044274
put,745.0,2026-10-02,5579.0,0.008655721858872522,-28421970.90395568
put,746.0,2026-10-02,8002.0,0.009365946556197075,-44110782.19502585
put,747.0,2026-10-02,12939.0,0.010140404363232644,-77223685.23126209
put,748.0,2026-10-02,1980.0,0.010973038799109859,-12787529.296953166
put,749.0,2026-10-02,1788.0,0.011850760062353275,-12471200.352929244
put,750.0,2026-10-02,13353.0,0.01279153783276215,-100530107.11723258
put,751.0,2026-10-02,1435.0,0.013795424375713333,-11651490.95944206
put,752.0,2026-10-02,1133.0,0.014865926391044178,-9913258.351473909
put,753.0,2026-10-02,948.0,0.015987135800289667,-8920178.355441906
put,754.0,2026-10-02,1308.0,0.01716693328578806,-13215846.934570642
put,755.0,2026-10-02,4574.0,0.018398444149853085,-49530395.48497677
put,756.0,2026-10-02,1082.0,0.019678234859348196,-12531640.770192035
put,757.0,2026-10-02,1302.0,0.020991591477992105,-16086104.539900538
put,758.0,2026-10-02,2208.0,0.02234198352969242,-29034565.619504023
put,759.0,2026-10-02,1437.0,0.023707007900940432,-20050631.215158906
put,760.0,2026-10-02,7066.0,0.02504093548460046,-104140274.7323282
put,761.0,2026-10-02,948.0,0.026387114741861433,-14722948.045430977
put,762.0,2026-10-02,1767.0,0.027656709645799114,-28762828.808008783
put,763.0,2026-10-02,1908.0,0.02892257178387235,-32479535.87537012
put,764.0,2026-10-02,1868.0,0.03002920246475269,-33015296.859329823
put,765.0,2026-10-02,12344.0,0.031048460888415924,-225574771.55522954
put,766.0,2026-10-02,1638.0,0.031854948562040734,-30710390.7426926
put,767.0,2026-10-02,2417.0,0.03259051487518209,-46362026.26812697
put,768.0,2026-10-02,2578.0,0.03294049417594014,-49981301.38668105
put,769.0,2026-10-02,764.0,0.033122487432609565,-14893982.49943786
put,770.0,2026-10-02,3651.0,0.0331390541986726,-71210900.70243555
put,771.0,2026-10-02,784.0,0.032200076991525155,-14858244.802196603
put,772.0,2026-10-02,1113.0,0.031728587917648134,-20784541.340030145
put,773.0,2026-10-02,1425.0,0.030563135898609275,-25633464.86218917
put,774.0,2026-10-02,1391.0,0.02950192757539738,-24153054.379639603
put,775.0,2026-10-02,1377.0,0.02810290673871939,-22776118.781182166
put,776.0,2026-10-02,797.0,0.026810287401146795,-12576341.669313505
put,777.0,2026-10-02,387.0,0.02516331125835244,-5731565.915192952
put,778.0,2026-10-02,297.0,0.023520421396599215,-4111460.141425388
put,779.0,2026-10-02,200.0,0.020387861552649194,-2399916.9225453055
put,780.0,2026-10-02,654.0,0.019285953529153455,-7423580.134709953
put,781.0,2026-10-02,79.0,0.01791862981108911,-833156.1898512861
put,782.0,2026-10-02,63.0,0.016791077946539713,-622606.5191976519
put,783.0,2026-10-02,55.0,0.015932953149732067,-515766.94508348755
put,784.0,2026-10-02,7.0,0.015120936358765354,-62297.59229748968
put,785.0,2026-10-02,45.0,0.014343158820642143,-379884.7483191179
put,786.0,2026-10-02,6.0,0.01361318696661714,-48073.48385203125
put,787.0,2026-10-02,0.0,0.012942645713286086,-0.0
put,788.0,2026-10-02,0.0,0.012327185678309148,-0.0
put,789.0,2026-10-02,0.0,0.011760592491161069,-0.0
put,790.0,2026-10-02,0.0,0.011237497356156617,-0.0
put,792.0,2026-10-02,0.0,0.01033686218981445,-0.0
put,794.0,2026-10-02,0.0,0.009523260628765878,-0.0
put,795.0,2026-10-02,2.0,0.009196869506425837,-10825.91359859625
put,796.0,2026-10-02,0.0,0.00882550606311236,-0.0
put,797.0,2026-10-02,0.0,0.0,-0.0
put,799.0,2026-10-02,1.0,0.007931284517780116,-4668.077591803332
put,800.0,2026-10-02,2.0,0.007667170142902266,-9025.258154940868
put,801.0,2026-10-02,0.0,0.0074181698040506625,-0.0
put,802.0,2026-10-02,0.0,0.0,-0.0
put,803.0,2026-10-02,0.0,0.007018732349306002,-0.0
put,805.0,2026-10-02,0.0,0.006610106262945926,-0.0
put,806.0,2026-10-02,0.0,0.00642077388744462,-0.0
put,810.0,2026-10-02,1.0,0.00568543351039776,-3346.2479766144897
put,811.0,2026-10-02,0.0,0.005535803588016235,-0.0
put,813.0,2026-10-02,0.0,0.005251547318610545,-0.0
put,816.0,2026-10-02,0.0,0.004943985348560913,-0.0
put,822.0,2026-10-02,0.0,0.004314883265025397,-0.0
put,830.0,2026-10-02,0.0,0.0,-0.0
put,835.0,2026-10-02,0.0,0.003277112832759292,-0.0
put,855.0,2026-10-02,0.0,0.002361672800457521,-0.0
