tipo,strike,vencimiento,oi,gamma,gex_contrib
call,665.0,2026-09-28,0.0,0.0011999976097689744,0.0
call,670.0,2026-09-28,0.0,0.0013559442960661796,0.0
call,680.0,2026-09-28,4.0,0.0017538956329513438,3888.598839624716
call,684.0,2026-09-28,15.0,0.001960555051836817,16300.45416406311
call,685.0,2026-09-28,3.0,0.0020178799359504146,3355.4129861057395
call,690.0,2026-09-28,17.0,0.0023446159453188896,22092.763309530783
call,692.0,2026-09-28,18.0,0.002497133606577537,24914.01311526958
call,694.0,2026-09-28,2.0,0.0026637690236657177,2952.9491207593796
call,695.0,2026-09-28,122.0,0.002753481008586104,186196.41730074168
call,696.0,2026-09-28,1.0,0.0028478542628009753,1578.5093727488904
call,697.0,2026-09-28,37.0,0.0029472206530305363,60442.68941357637
call,698.0,2026-09-28,1.0,0.0030519418648767213,1691.6310998493354
call,699.0,2026-09-28,36.0,0.0031702506066218317,63259.46275683602
call,700.0,2026-09-28,136.0,0.003287169112152473,247793.75674955652
call,701.0,2026-09-28,65.0,0.0034090765081710443,122822.94564918129
call,702.0,2026-09-28,18.0,0.003538049306978975,35299.27537892339
call,703.0,2026-09-28,15.0,0.003674649098645014,30551.781315888493
call,704.0,2026-09-28,48.0,0.0038194937830020887,101619.3585079605
call,705.0,2026-09-28,1047.0,0.003971340842437033,2304693.877345326
call,706.0,2026-09-28,40.0,0.004134721111941882,91671.77006429697
call,707.0,2026-09-28,51.0,0.004316846813591608,122029.88948351225
call,708.0,2026-09-28,53.0,0.004500322221084064,132205.3054665006
call,709.0,2026-09-28,110.0,0.004696106269339163,286325.4852695467
call,710.0,2026-09-28,195.0,0.004903041953023674,529943.5672990779
call,711.0,2026-09-28,35.0,0.00513634257902822,99644.06370762922
call,712.0,2026-09-28,57.0,0.005364374396293473,169481.90654385526
call,713.0,2026-09-28,49.0,0.0056295292016587915,152896.50581060903
call,714.0,2026-09-28,135.0,0.005904167974502814,441796.09962817084
call,715.0,2026-09-28,753.0,0.00619736862889932,2586614.51182526
call,716.0,2026-09-28,198.0,0.006525116272040397,716115.1295520327
call,717.0,2026-09-28,292.0,0.006867910848708128,1111570.2239222988
call,718.0,2026-09-28,172.0,0.0072484017021185385,691035.0960987187
call,719.0,2026-09-28,287.0,0.007649235364917675,1216828.3659377429
call,720.0,2026-09-28,1508.0,0.008098274606222962,6768980.219345319
call,721.0,2026-09-28,190.0,0.008584653838788831,904077.7744261934
call,722.0,2026-09-28,332.0,0.009099981981967,1674588.1756027746
call,723.0,2026-09-28,216.0,0.005082485461089878,608498.2033907608
call,724.0,2026-09-28,50.0,0.00551592664248512,152868.45991891564
call,725.0,2026-09-28,675.0,0.00613457710578524,2295185.5789912706
call,726.0,2026-09-28,119.0,0.006769126558458305,446487.18617136515
call,727.0,2026-09-28,161.0,0.007563854871891701,674991.7544662919
call,728.0,2026-09-28,275.0,0.008475317533046103,1291867.8082876988
call,729.0,2026-09-28,458.0,0.00975308650461576,2475921.9975309228
call,730.0,2026-09-28,1073.0,0.01105197944869638,6573084.188841027
call,731.0,2026-09-28,349.0,0.012471253060823551,2412486.6732639237
call,732.0,2026-09-28,519.0,0.016157333147188126,4648003.450545338
call,733.0,2026-09-28,209.0,0.016944488532541522,1962927.0260473024
call,734.0,2026-09-28,260.0,0.019699221111485192,2838911.1926446157
call,735.0,2026-09-28,1386.0,0.022125742285468705,16997712.68407928
call,736.0,2026-09-28,1053.0,0.02673361947766954,15603266.903724382
call,737.0,2026-09-28,1233.0,0.029826930742490373,20384546.149162747
call,738.0,2026-09-28,1104.0,0.03570228567472389,21847135.299610544
call,739.0,2026-09-28,981.0,0.041992195756941714,22833211.311724667
call,740.0,2026-09-28,4642.0,0.04853602910071243,124881694.40061666
call,741.0,2026-09-28,1620.0,0.05557026394073035,49898429.65920709
call,742.0,2026-09-28,2118.0,0.061785408854327775,72533942.69246125
call,743.0,2026-09-28,908.0,0.0669005189379696,33670125.816757314
call,744.0,2026-09-28,710.0,0.07033232134350695,27678509.82672515
call,745.0,2026-09-28,2870.0,0.07177253445352627,114174622.23589802
call,746.0,2026-09-28,1236.0,0.07083787578744791,48530347.87915637
call,747.0,2026-09-28,779.0,0.06776042711242082,29257889.587903947
call,748.0,2026-09-28,1917.0,0.06190582401054533,65778357.64249338
call,749.0,2026-09-28,4819.0,0.05445193799270761,145445293.29946393
call,750.0,2026-09-28,3357.0,0.04582869729420274,85274318.60046065
call,751.0,2026-09-28,605.0,0.03681908746392011,12346896.267585471
call,752.0,2026-09-28,480.0,0.0283086851082193,7531653.628298434
call,753.0,2026-09-28,635.0,0.021088347799192362,7422422.728291791
call,754.0,2026-09-28,1575.0,0.015021882271904817,13113973.941298602
call,755.0,2026-09-28,8476.0,0.010772186608852445,50608587.98923335
call,756.0,2026-09-28,760.0,0.007407931580999748,3120613.328211571
call,757.0,2026-09-28,2310.0,0.004880309737269157,6248686.985889771
call,758.0,2026-09-28,620.0,0.00333889701047578,1147424.4952082762
call,759.0,2026-09-28,298.0,0.0024006230081662014,396524.14049439
call,760.0,2026-09-28,3347.0,0.00159762431803017,2963874.2866336596
call,761.0,2026-09-28,2155.0,0.001170262424683409,1397847.9677827165
call,762.0,2026-09-28,415.0,0.0008472344600647956,194886.21125833187
call,763.0,2026-09-28,412.0,0.0005930641455814567,135434.1820661176
call,764.0,2026-09-28,275.0,0.0005273046147591918,80375.4967660916
call,765.0,2026-09-28,3357.0,0.0003181990377288024,592078.9314052426
call,766.0,2026-09-28,298.0,0.0002907624414709239,48026.83586723599
call,767.0,2026-09-28,890.0,0.000159549734278918,78707.3872771615
call,768.0,2026-09-28,382.0,0.00022856532495498728,48395.29176471977
call,769.0,2026-09-28,577.0,0.00021282814673277443,68066.63494415152
call,770.0,2026-09-28,2872.0,0.00019903444883290376,316841.5215737549
call,771.0,2026-09-28,125.0,0.0001737598281620567,12038.95512420273
call,772.0,2026-09-28,78.0,0.00016407493717836768,7093.592781440875
call,773.0,2026-09-28,55.0,8.49148299702531e-05,2588.663725154066
call,774.0,2026-09-28,204.0,8.892688140055731e-05,10055.244467101937
call,775.0,2026-09-28,586.0,7.969533004523447e-05,25885.69881232478
call,780.0,2026-09-28,155.0,5.684858296903729e-05,4884.057250934678
call,785.0,2026-09-28,78.0,3.823338889615793e-05,1652.9769637453521
call,790.0,2026-09-28,535.0,3.113219655671766e-05,9231.939504421032
call,795.0,2026-09-28,205.0,2.3533296043702373e-05,2674.0284489576093
call,800.0,2026-09-28,312.0,6.333930372033504e-06,1095.361023149117
call,805.0,2026-09-28,10.0,1.5189100940848917e-05,84.19018666768974
call,810.0,2026-09-28,179.0,1.2779562328615558e-05,1267.939161428815
call,815.0,2026-09-28,3.0,1.004809536250766e-05,16.708382428663757
call,845.0,2026-09-28,121.0,1.6783431729095236e-06,112.56296928939616
call,850.0,2026-09-28,48.0,1.686541214896725e-06,44.87119133895651
call,855.0,2026-09-28,2.0,1.4472245861221647e-06,1.60433601080388
put,450.0,2026-09-28,157.0,1.963880488099852e-08,-1.7090080636251495
put,455.0,2026-09-28,56.0,1.9811572947431787e-08,-0.6149451619469608
put,460.0,2026-09-28,49.0,1.9853516311939786e-08,-0.5392161872532921
put,465.0,2026-09-28,108.0,1.9756290638441996e-08,-1.1826563451280154
put,470.0,2026-09-28,156.0,1.9513542776629215e-08,-1.6872915335040546
put,475.0,2026-09-28,198.0,3.442188396178743e-08,-3.7777153486664843
put,480.0,2026-09-28,163.0,3.4049015046227635e-08,-3.076249541248521
put,485.0,2026-09-28,189.0,3.342245033238222e-08,-3.501301379784781
put,490.0,2026-09-28,179.0,3.2538272116705805e-08,-3.228322567011415
put,495.0,2026-09-28,212.0,3.139777186874951e-08,-3.6894709462609314
put,500.0,2026-09-28,233.0,3.0008127175220164e-08,-3.8754685502220885
put,505.0,2026-09-28,81.0,2.8382982196418812e-08,-1.2743022438737022
put,510.0,2026-09-28,81.0,5.25351688601508e-08,-2.3586557288973244
put,515.0,2026-09-28,184.0,4.986120925509097e-08,-5.085223369743401
put,520.0,2026-09-28,28.0,3.262175717536447e-08,-0.5062846802328087
put,525.0,2026-09-28,147.0,4.339071803196095e-08,-3.5354408516499194
put,530.0,2026-09-28,224.0,3.969525912572431e-08,-4.9285147860527605
put,535.0,2026-09-28,78.0,5.29070715276162e-08,-2.287376896981409
put,540.0,2026-09-28,190.0,7.051906179969464e-08,-7.4265914087790375
put,545.0,2026-09-28,1033.0,6.389296025716826e-08,-36.58328798207453
put,550.0,2026-09-28,336.0,5.694315966840333e-08,-10.604989509002285
put,555.0,2026-09-28,710.0,7.638886128595211e-08,-30.06199436286293
put,560.0,2026-09-28,233.0,1.0257735501309765e-07,-13.247588261572655
put,565.0,2026-09-28,2607.0,9.035740092914027e-08,-130.56722247795514
put,570.0,2026-09-28,723.0,7.794750864102712e-08,-31.23704478875576
put,575.0,2026-09-28,688.0,1.0564439047108172e-07,-40.28694022304924
put,580.0,2026-09-28,3852.0,1.4350373880800325e-07,-306.39304223281863
put,585.0,2026-09-28,1505.0,1.2192706879945935e-07,-101.71055809477696
put,590.0,2026-09-28,1211.0,1.0076966920133126e-07,-67.63996593660806
put,595.0,2026-09-28,1304.0,1.386473389644691e-07,-100.21172414079112
put,600.0,2026-09-28,11900.0,7.733351826326708e-07,-5100.868578524846
put,605.0,2026-09-28,2383.0,8.620459187636391e-07,-1138.6332102079107
put,610.0,2026-09-28,1548.0,9.607350900980153e-07,-824.335520209269
put,615.0,2026-09-28,1252.0,1.0705863584682725e-06,-742.9429027718163
put,620.0,2026-09-28,613.0,1.192944860188375e-06,-405.3314002842951
put,625.0,2026-09-28,55.0,1.3293437015314555e-06,-40.525592757142924
put,630.0,2026-09-28,57.0,1.4815355531745557e-06,-46.80759611745641
put,635.0,2026-09-28,29.0,1.6515304101923463e-06,-26.54690997067647
put,640.0,2026-09-28,194.0,3.0895282603461034e-06,-332.2181123261804
put,645.0,2026-09-28,322.0,3.521105797070717e-06,-628.4407672755316
put,650.0,2026-09-28,299.0,4.024432028704858e-06,-666.9682941025821
put,655.0,2026-09-28,137.0,4.615143193111746e-06,-350.45733303233743
put,660.0,2026-09-28,487.0,5.313464957027397e-06,-1434.2874094719766
put,661.0,2026-09-28,70.0,9.754743803864229e-06,-378.4803284004271
put,662.0,2026-09-28,792.0,9.70354643984454e-06,-4259.759444078404
put,663.0,2026-09-28,6844.0,9.64584814393546e-06,-36591.4673579516
put,664.0,2026-09-28,34.0,1.0251805411141867e-05,-193.20069105212832
put,665.0,2026-09-28,195.0,1.0902497395145913e-05,-1178.392601452136
put,666.0,2026-09-28,39.0,1.0839580766898686e-05,-234.31845595750005
put,667.0,2026-09-28,142.0,1.1540408075541553e-05,-908.3200787962732
put,668.0,2026-09-28,110.0,6.3115236119547245e-06,-384.8188174066685
put,669.0,2026-09-28,660.0,6.71448582331765e-06,-2456.326541308176
put,670.0,2026-09-28,892.0,7.148266578190672e-06,-3534.2315435353435
put,671.0,2026-09-28,144.0,7.615655798358455e-06,-607.8538943752426
put,672.0,2026-09-28,451.0,1.288114124814246e-05,-3220.032748278877
put,673.0,2026-09-28,76.0,7.342685301529855e-06,-309.3128137898503
put,674.0,2026-09-28,9.0,1.4721987952431747e-05,-73.44096446493772
put,675.0,2026-09-28,533.0,1.4629944709715924e-05,-4322.144656162948
put,676.0,2026-09-28,268.0,1.566935562727906e-05,-2327.637446986475
put,677.0,2026-09-28,14.0,1.5567607829460075e-05,-120.80344583461125
put,678.0,2026-09-28,67.0,1.6699431027757574e-05,-620.163041929856
put,679.0,2026-09-28,17.0,1.7930042112398688e-05,-168.95055981770483
put,680.0,2026-09-28,441.0,1.782226956512988e-05,-4356.432625286264
put,681.0,2026-09-28,43.0,1.916836201147733e-05,-456.85971297592283
put,682.0,2026-09-28,105.0,1.9049555994095192e-05,-1108.6732291735884
put,683.0,2026-09-28,141.0,2.052581420889565e-05,-1604.1645337935927
put,684.0,2026-09-28,55.0,2.0394939075006343e-05,-621.7481561076107
put,685.0,2026-09-28,557.0,2.2018505720240775e-05,-6797.863530369508
put,686.0,2026-09-28,96.0,2.1874450336911758e-05,-1163.9592769301792
put,687.0,2026-09-28,96.0,2.3665447305720666e-05,-1259.2598447017608
put,688.0,2026-09-28,126.0,2.563499323258583e-05,-1790.3302776709536
put,689.0,2026-09-28,245.0,2.548921703683803e-05,-3461.401549913296
put,690.0,2026-09-28,765.0,2.7675610589846467e-05,-11735.133932831703
put,691.0,2026-09-28,471.0,2.751680957234215e-05,-7183.703345900255
put,692.0,2026-09-28,381.0,2.9953140251136072e-05,-6325.527379406895
put,693.0,2026-09-28,196.0,2.9780733324639944e-05,-3235.346973223493
put,694.0,2026-09-28,147.0,4.6450727356541714e-05,-3784.7679534642702
put,695.0,2026-09-28,1381.0,5.0831428358152445e-05,-38909.4772659533
put,696.0,2026-09-28,185.0,5.11010164221521e-05,-5239.992569179046
put,697.0,2026-09-28,1134.0,5.6097563137173335e-05,-35260.336676951694
put,698.0,2026-09-28,95.0,5.64439122993676e-05,-2972.1458529257975
put,699.0,2026-09-28,401.0,6.217690382253886e-05,-13819.8353477881
put,700.0,2026-09-28,1431.0,6.26243687792979e-05,-49672.08607058954
put,701.0,2026-09-28,649.0,6.924559318242769e-05,-24909.570590659747
put,702.0,2026-09-28,612.0,6.982726199446263e-05,-23686.76980788502
put,703.0,2026-09-28,694.0,7.388411040389398e-05,-28421.03721087438
put,704.0,2026-09-28,767.0,7.829123606524023e-05,-33284.18428457164
put,705.0,2026-09-28,2036.0,8.309009662017104e-05,-93768.38623728263
put,706.0,2026-09-28,412.0,8.832842711864857e-05,-20170.985498157697
put,707.0,2026-09-28,662.0,0.00012655635030294193,-46437.76779107148
put,708.0,2026-09-28,407.0,0.00013565763611397006,-30603.285823081766
put,709.0,2026-09-28,1121.0,0.0001457231573225366,-90544.81570817942
put,710.0,2026-09-28,1218.0,0.00014926798446319168,-100772.80821771937
put,711.0,2026-09-28,619.0,0.00016097173904382314,-55229.3191155298
put,712.0,2026-09-28,457.0,0.00021783748589174738,-55179.55837572829
put,713.0,2026-09-28,1122.0,0.00023123404723210386,-143805.01830033766
put,714.0,2026-09-28,334.0,0.0002522009307324403,-46689.858308827635
put,715.0,2026-09-28,2535.0,0.00027595413535030266,-387743.2752758165
put,716.0,2026-09-28,2883.0,0.00028771631690982665,-459767.78596586845
put,717.0,2026-09-28,880.0,0.00037905846311057505,-184892.0653338399
put,718.0,2026-09-28,1253.0,0.00040965993871961847,-284514.215800364
put,719.0,2026-09-28,1962.0,0.00044424593457251883,-483116.4989409779
put,720.0,2026-09-28,2178.0,0.0005641654035475859,-681073.1037231215
put,721.0,2026-09-28,865.0,0.0006187438868242464,-296658.2515778014
put,722.0,2026-09-28,1005.0,0.0007735910466835316,-430930.1699472772
put,723.0,2026-09-28,3689.0,0.0009702119528707714,-1983831.0354620458
put,724.0,2026-09-28,588.0,0.0011929097448572282,-388789.3112248576
put,725.0,2026-09-28,7855.0,0.0013140797584923992,-5721334.230183574
put,726.0,2026-09-28,2277.0,0.001751298215512954,-2210306.6989613315
put,727.0,2026-09-28,31066.0,0.0022338735565962157,-38465672.467540346
put,728.0,2026-09-28,2731.0,0.0028566847724443684,-4324276.1870175665
put,729.0,2026-09-28,906.0,0.0037279345101294847,-1872086.3478659275
put,730.0,2026-09-28,14086.0,0.004958100257422041,-38710821.92924332
put,731.0,2026-09-28,777.0,0.006412960663835149,-2761906.6708727838
put,732.0,2026-09-28,1488.0,0.008304387320246895,-6849201.32538536
put,733.0,2026-09-28,1864.0,0.011121764398382365,-11490766.590592952
put,734.0,2026-09-28,1343.0,0.014313307208660406,-10654802.637737574
put,735.0,2026-09-28,4758.0,0.01830150968503164,-48265938.79999338
put,736.0,2026-09-28,1576.0,0.02337136438561215,-20415954.254529156
put,737.0,2026-09-28,719.0,0.029006347907176964,-11559827.30832588
put,738.0,2026-09-28,2189.0,0.03532190161956288,-42856750.85530495
put,739.0,2026-09-28,1269.0,0.042217558510488945,-29695055.42580539
put,740.0,2026-09-28,2275.0,0.04935729203274649,-62238931.680456735
put,741.0,2026-09-28,1242.0,0.05645917307109747,-38867402.06928434
put,742.0,2026-09-28,481.0,0.0628994110659017,-16769536.520711627
put,743.0,2026-09-28,372.0,0.06807214430438219,-14035948.800661681
put,744.0,2026-09-28,1614.0,0.07189855586596386,-64321046.52532103
put,745.0,2026-09-28,1497.0,0.07291768209711556,-60503996.10012797
put,746.0,2026-09-28,442.0,0.07196183379968929,-17630064.267196
put,747.0,2026-09-28,553.0,0.0683170910159763,-20940348.30104728
put,748.0,2026-09-28,339.0,0.062314772567821655,-11709008.376261426
put,749.0,2026-09-28,147.0,0.05465527039883863,-4453267.530251423
put,750.0,2026-09-28,258.0,0.04584717262479397,-6556343.034500102
put,751.0,2026-09-28,77.0,0.0371742361028696,-1586580.755810634
put,752.0,2026-09-28,89.0,0.0283086851082193,-1396494.1102470013
put,753.0,2026-09-28,33.0,0.02506535552282992,-458476.6403425906
put,754.0,2026-09-28,16.0,0.018612068415417085,-165060.83094903178
put,755.0,2026-09-28,24.0,0.015190300530525553,-202072.4058152361
put,756.0,2026-09-28,3.0,0.010906463630357237,-18135.712162950953
put,757.0,2026-09-28,2.0,0.009248512849075047,-10252.53602822706
put,759.0,2026-09-28,0.0,0.016488338810998662,-0.0
put,760.0,2026-09-28,3.0,0.015204961404090897,-25283.429424899565
put,761.0,2026-09-28,0.0,0.014062366914938874,-0.0
put,762.0,2026-09-28,0.0,0.013068078018398183,-0.0
put,764.0,2026-09-28,0.0,0.011378434583235165,-0.0
put,765.0,2026-09-28,0.0,0.010660039510098447,-0.0
put,773.0,2026-09-28,0.0,0.006786162898843851,-0.0
put,785.0,2026-09-28,0.0,0.004042518704086898,-0.0
put,790.0,2026-09-28,0.0,0.003378816153577419,-0.0
call,670.0,2026-09-29,1.0,0.0017423264446713882,965.7371373340683
call,680.0,2026-09-29,1.0,0.002205063358435634,1222.2230695795429
call,685.0,2026-09-29,1.0,0.0025095840820870477,1391.0128924152293
call,687.0,2026-09-29,1.0,0.002647086111526186,1467.2275516682625
call,689.0,2026-09-29,0.0,0.0027953544085199855,0.0
call,690.0,2026-09-29,3.0,0.0028743506738579208,4779.587430280911
call,693.0,2026-09-29,12.0,0.003139537026869075,20882.200417646975
call,695.0,2026-09-29,2.0,0.003331788614128613,3693.4892519727223
call,698.0,2026-09-29,2.0,0.0036630246406372624,4060.684427137164
call,699.0,2026-09-29,1.0,0.003781781117680354,2096.166583353146
call,700.0,2026-09-29,55.0,0.003912729112188925,119281.16587674955
call,701.0,2026-09-29,8.0,0.004044381208765582,17933.765019919112
call,702.0,2026-09-29,31.0,0.004183103562745635,71876.96234457077
call,703.0,2026-09-29,14.0,0.004335956389743319,33646.689883744344
call,704.0,2026-09-29,14.0,0.004488946685221351,34833.88287289626
call,705.0,2026-09-29,229.0,0.004659238776317727,591398.0037280823
call,706.0,2026-09-29,5.0,0.004830579339233664,13387.473618976353
call,707.0,2026-09-29,17.0,0.005010277796074609,47210.66649942061
call,708.0,2026-09-29,11.0,0.005210140448227114,31766.6574519628
call,709.0,2026-09-29,50.0,0.005412815063458462,150010.82432887613
call,710.0,2026-09-29,564.0,0.00563802637300588,1762526.3204904688
call,711.0,2026-09-29,36.0,0.005875660002987804,117243.44263335889
call,712.0,2026-09-29,15.0,0.006118796210928663,50872.91840238889
call,713.0,2026-09-29,19.0,0.006388743772040087,67281.93540789414
call,714.0,2026-09-29,37.0,0.006675068225383469,136894.76393510643
call,715.0,2026-09-29,455.0,0.006989880699053438,1762830.533710389
call,716.0,2026-09-29,187.0,0.007316253399634336,758332.6407581693
call,717.0,2026-09-29,93.0,0.007666674276781411,395202.2105366762
call,718.0,2026-09-29,118.0,0.008041393240696975,525947.8837846159
call,719.0,2026-09-29,49.0,0.008453744017952446,229601.4240376276
call,720.0,2026-09-29,911.0,0.008895975850293732,4492016.847366538
call,721.0,2026-09-29,144.0,0.009373501861467745,748158.7615415724
call,722.0,2026-09-29,145.0,0.009894883089842809,795258.0495500325
call,723.0,2026-09-29,36.0,0.010456973303088124,208659.3759604444
call,724.0,2026-09-29,115.0,0.011065437648883495,705335.6578339939
call,725.0,2026-09-29,669.0,0.008174819678163405,3031333.392499695
call,726.0,2026-09-29,79.0,0.009046397757418076,396124.9292359093
call,727.0,2026-09-29,76.0,0.010155518381048598,427804.2483016681
call,728.0,2026-09-29,372.0,0.011321199205087283,2334343.5707587563
call,729.0,2026-09-29,129.0,0.012690443398102947,907394.0159711642
call,730.0,2026-09-29,528.0,0.01418456652066552,4151254.8407701086
call,731.0,2026-09-29,202.0,0.01584830358309993,1774449.1377675382
call,732.0,2026-09-29,86.0,0.01772383734829559,844861.6776880451
call,733.0,2026-09-29,85.0,0.019779497860167992,931887.7265987123
call,734.0,2026-09-29,78.0,0.022013509703823708,951728.9856370008
call,735.0,2026-09-29,557.0,0.024435890339442424,7544192.593319533
call,736.0,2026-09-29,317.0,0.027008780166618066,4745627.395074549
call,737.0,2026-09-29,703.0,0.029692229594377152,11569844.959168022
call,738.0,2026-09-29,437.0,0.032439834320601345,7857591.891528312
call,739.0,2026-09-29,269.0,0.0356885855064175,5321217.607997093
call,740.0,2026-09-29,1204.0,0.03891666356587275,25971168.564591236
call,741.0,2026-09-29,537.0,0.04159025310019266,12379276.21074874
call,742.0,2026-09-29,1614.0,0.043990714843438215,39354459.65565483
call,743.0,2026-09-29,343.0,0.04591014093068727,8728349.946660625
call,744.0,2026-09-29,753.0,0.04726280644666414,19726220.650237832
call,745.0,2026-09-29,1067.0,0.047949540967489705,28358174.953020077
call,746.0,2026-09-29,420.0,0.047924241068626756,11156653.334643057
call,747.0,2026-09-29,781.0,0.04715205540800215,20411788.839517366
call,748.0,2026-09-29,623.0,0.04573441934698596,15792853.99750413
call,749.0,2026-09-29,791.0,0.04351872217421547,19080160.451266114
call,750.0,2026-09-29,1034.0,0.040723693179142026,23339798.356690917
call,751.0,2026-09-29,2107.0,0.03733724319803282,43604989.71310332
call,752.0,2026-09-29,870.0,0.033629555687634344,16216972.724519871
call,753.0,2026-09-29,1096.0,0.029658337851854847,18017177.88734518
call,754.0,2026-09-29,342.0,0.025644662042427036,4861300.753310353
call,755.0,2026-09-29,609.0,0.0217350335114957,7336805.583382722
call,756.0,2026-09-29,400.0,0.01808926122473979,4010608.0935856313
call,757.0,2026-09-29,464.0,0.01475219619475006,3794058.8616220523
call,758.0,2026-09-29,425.0,0.011917953561326248,2807501.6687706285
call,759.0,2026-09-29,882.0,0.009429483214591486,4609840.308555134
call,760.0,2026-09-29,672.0,0.007425628024823885,2765870.6597802937
call,761.0,2026-09-29,349.0,0.005536000182074285,1070904.9521571428
call,762.0,2026-09-29,142.0,0.004429237232532585,348615.49831916066
call,763.0,2026-09-29,483.0,0.0034059098648262587,911821.1999636751
call,764.0,2026-09-29,470.0,0.002486591821530147,647786.3061482721
call,765.0,2026-09-29,1343.0,0.002079316003467853,1547839.455652451
call,766.0,2026-09-29,144.0,0.0015104806859132175,120561.06415797357
call,767.0,2026-09-29,218.0,0.0012062228997870006,145751.6456380267
call,768.0,2026-09-29,6595.0,0.0009382356839497133,3429700.134879257
call,769.0,2026-09-29,462.0,0.0008425074682622591,215747.18556249567
call,770.0,2026-09-29,1920.0,0.0006402217892100525,681335.6032872868
call,771.0,2026-09-29,363.0,0.000582195943241102,117139.99580762496
call,772.0,2026-09-29,256.0,0.000531928068823583,75478.32908020551
call,773.0,2026-09-29,7.0,0.0003840823677853768,1490.2248958566943
call,774.0,2026-09-29,59.0,0.000355250390582267,11617.588242967657
call,775.0,2026-09-29,275.0,0.0003298167027556609,50272.99322583544
call,780.0,2026-09-29,684.0,0.00023865691486021082,90481.4450721353
call,785.0,2026-09-29,52.0,0.0001839494394868832,5301.896147919774
call,790.0,2026-09-29,292.0,8.895219058663263e-05,14396.897191430664
call,795.0,2026-09-29,23.0,6.996249051262529e-05,891.9130148350932
call,800.0,2026-09-29,24.0,6.291188578225101e-05,836.8995787045808
call,805.0,2026-09-29,100.0,4.7970956947081624e-05,2658.9354009367635
call,810.0,2026-09-29,35.0,4.130107018163129e-05,801.2328626939749
call,815.0,2026-09-29,118.0,3.627850264068412e-05,2372.7979865698785
call,820.0,2026-09-29,109.0,2.9915682707239598e-05,1807.4022577979492
call,825.0,2026-09-29,100.0,2.7213674186738848e-05,1508.4002131644154
call,830.0,2026-09-29,88.0,2.5049856579253264e-05,1221.8483875147126
call,835.0,2026-09-29,44.0,2.1714739914461084e-05,529.5862646127886
call,840.0,2026-09-29,136.0,1.9091109952108864e-05,1439.128226796405
call,845.0,2026-09-29,94.0,1.699601498118948e-05,885.5322106810805
call,850.0,2026-09-29,166.0,1.530067940970513e-05,1407.823491791281
call,855.0,2026-09-29,0.0,1.3912667828292699e-05,0.0
call,860.0,2026-09-29,63.0,5.739185157339368e-06,200.41036997980032
call,865.0,2026-09-29,65.0,5.4475711467378854e-06,196.26627131193302
call,870.0,2026-09-29,67.0,5.201992655131544e-06,193.1852398887599
call,875.0,2026-09-29,84.0,3.815251419292669e-06,177.63635488186523
call,880.0,2026-09-29,67.0,3.714989316876603e-06,137.96272888948144
call,885.0,2026-09-29,128.0,3.631425624818794e-06,257.6419204071638
call,890.0,2026-09-29,92.0,3.562197175985255e-06,181.64990979540494
call,895.0,2026-09-29,80.0,3.5053819325626e-06,155.4371179141025
call,900.0,2026-09-29,68.0,2.724059948466106e-06,102.67269878905307
put,450.0,2026-09-29,156.0,1.1495042335821434e-07,-9.939500905869114
put,460.0,2026-09-29,75.0,3.5396487547465734e-07,-14.714680475198398
put,465.0,2026-09-29,30.0,4.327143323432878e-07,-7.195350249294619
put,470.0,2026-09-29,192.0,4.2269132842002763e-07,-44.98357539638113
put,475.0,2026-09-29,293.0,1.469015541510502e-07,-23.857416636948166
put,480.0,2026-09-29,172.0,2.3708210025051243e-07,-22.602507237149204
put,485.0,2026-09-29,120.0,2.217913032259942e-07,-14.752144679991584
put,490.0,2026-09-29,76.0,2.0522514062730992e-07,-8.645170411242477
put,495.0,2026-09-29,108.0,1.8762179655953767e-07,-11.231466080666724
put,500.0,2026-09-29,218.0,2.3031771829094422e-07,-27.83000261927404
put,505.0,2026-09-29,158.0,6.513379042669416e-07,-57.04175035302591
put,510.0,2026-09-29,270.0,6.112551518883711e-07,-91.47779776866808
put,515.0,2026-09-29,119.0,7.473052045536294e-07,-49.29176535714812
put,520.0,2026-09-29,87.0,1.1848314071276843e-06,-57.13539242390086
put,525.0,2026-09-29,84.0,1.2722307770281846e-06,-59.23448102450562
put,530.0,2026-09-29,68.0,1.3635741170060035e-06,-51.394549767797955
put,535.0,2026-09-29,147.0,1.4587313888122276e-06,-118.85626183443223
put,540.0,2026-09-29,226.0,1.5575120644072082e-06,-195.1053878749074
put,545.0,2026-09-29,96.0,1.6596548468182178e-06,-88.3117347271789
put,550.0,2026-09-29,380.0,1.7648159631084168e-06,-371.7170006295751
put,555.0,2026-09-29,283.0,1.8725558731659706e-06,-293.7315687174249
put,560.0,2026-09-29,349.0,1.982324239166395e-06,-383.468348028307
put,565.0,2026-09-29,147.0,2.0934430122931186e-06,-170.5720550835437
put,570.0,2026-09-29,69.0,2.205087521574195e-06,-84.33431592837175
put,575.0,2026-09-29,277.0,2.3162655031618494e-06,-355.62928153802244
put,580.0,2026-09-29,208.0,2.6410114839632277e-06,-304.48298516147383
put,585.0,2026-09-29,43.0,3.014340176907789e-06,-71.84393675418423
put,590.0,2026-09-29,220.0,3.155249829838073e-06,-384.75638618892305
put,595.0,2026-09-29,210.0,3.291826214117505e-06,-383.1647939526969
put,600.0,2026-09-29,295.0,3.4217733812299532e-06,-559.5033145314877
put,605.0,2026-09-29,231.0,3.908903095172867e-06,-500.491018293002
put,610.0,2026-09-29,155.0,4.473687988480007e-06,-384.3499189848878
put,615.0,2026-09-29,82.0,4.629849655832127e-06,-210.43120642515774
put,620.0,2026-09-29,118.0,7.228307054903266e-06,-472.76792529328844
put,625.0,2026-09-29,95.0,8.373355322632848e-06,-440.9126207489377
put,630.0,2026-09-29,2739.0,1.444824265762019e-05,-21934.940637821965
put,635.0,2026-09-29,924.0,1.5436999798596604e-05,-7906.135875437253
put,640.0,2026-09-29,370.0,1.8230551443835748e-05,-3738.788806413042
put,645.0,2026-09-29,65.0,1.9514058236948724e-05,-703.0567100758823
put,650.0,2026-09-29,252.0,2.3271851994764823e-05,-3250.5802412885546
put,655.0,2026-09-29,240.0,2.4983983741363534e-05,-3323.5509009981397
put,660.0,2026-09-29,4024.0,2.8442986076609377e-05,-63439.910983557216
put,661.0,2026-09-29,4132.0,4.163084571775167e-05,-95346.54282411067
put,662.0,2026-09-29,313.0,4.103776659387731e-05,-7119.630563981037
put,663.0,2026-09-29,42.0,4.274791330016844e-05,-995.1616109818189
put,664.0,2026-09-29,140.0,4.454822841551262e-05,-3456.908445649042
put,665.0,2026-09-29,506.0,4.644464846226419e-05,-13026.135788577913
put,666.0,2026-09-29,56.0,4.708698896182736e-05,-1461.5657287564989
put,667.0,2026-09-29,75.0,4.773499312937363e-05,-1984.3922944123124
put,668.0,2026-09-29,81.0,4.9821958341626253e-05,-2236.8415295319815
put,669.0,2026-09-29,2890.0,5.202560876841881e-05,-83338.25788588237
put,670.0,2026-09-29,4301.0,5.277413962423943e-05,-125811.4038724753
put,671.0,2026-09-29,35.0,5.3530198534765895e-05,-1038.4756139239885
put,672.0,2026-09-29,130.0,5.5967503646378076e-05,-4032.818648688746
put,673.0,2026-09-29,59.0,5.854800015746723e-05,-1914.6680096925775
put,674.0,2026-09-29,65.0,5.94295153435148e-05,-2141.139430428844
put,675.0,2026-09-29,727.0,6.0321241604876866e-05,-24307.152581623748
put,676.0,2026-09-29,26.0,6.319177324268989e-05,-910.6747486434381
put,677.0,2026-09-29,50.0,8.45186103521691e-05,-2342.3498237826434
put,678.0,2026-09-29,55.0,8.617956774376243e-05,-2627.2197794647514
put,679.0,2026-09-29,14.0,8.788122605363471e-05,-681.9515912624121
put,680.0,2026-09-29,553.0,9.239682205204078e-05,-28321.194695294504
put,681.0,2026-09-29,103.0,9.721404583032185e-05,-5550.034039513251
put,682.0,2026-09-29,83.0,9.925715722812803e-05,-4566.3513995837775
put,683.0,2026-09-29,136.0,0.00010135654629732878,-7640.470727631517
put,684.0,2026-09-29,82.0,0.00010685304400999242,-4856.575619663808
put,685.0,2026-09-29,377.0,0.00010919927737068422,-22818.68004083751
put,686.0,2026-09-29,48.0,0.00011161490553179438,-2969.56501161069
put,687.0,2026-09-29,43.0,0.0001179281904337025,-2810.70647565253
put,688.0,2026-09-29,32.0,0.00015098468787131582,-2678.0105772635166
put,689.0,2026-09-29,88.0,0.00015506992544878773,-7563.793339980717
put,690.0,2026-09-29,422.0,0.00015931993145881746,-37265.930187247955
put,691.0,2026-09-29,95.0,0.00016908872722483224,-8903.641489844373
put,692.0,2026-09-29,382.0,0.00017394216204238836,-36829.65333383509
put,693.0,2026-09-29,170.0,0.00017900746169617615,-16867.45110553973
put,694.0,2026-09-29,46.0,0.00019055157791606574,-4858.4729072797245
put,695.0,2026-09-29,817.0,0.000196385274697308,-88932.47547007825
put,696.0,2026-09-29,99.0,0.00023911614003659435,-13121.198033973333
put,697.0,2026-09-29,176.0,0.00024739998547243996,-24134.690940388227
put,698.0,2026-09-29,85.0,0.00026474750669837875,-12473.266706970593
put,699.0,2026-09-29,45.0,0.00027444035407194443,-6845.259062928865
put,700.0,2026-09-29,1950.0,0.0002846978634553274,-307714.6857144453
put,701.0,2026-09-29,149.0,0.0003437084911392784,-28386.113430974503
put,702.0,2026-09-29,239.0,0.00035807405542869804,-47435.1370938063
put,703.0,2026-09-29,170.0,0.0003797037961124058,-35778.593555972664
put,704.0,2026-09-29,286.0,0.0003964774628922179,-62851.25339386158
put,705.0,2026-09-29,1509.0,0.000466217628995634,-389948.5729467478
put,706.0,2026-09-29,233.0,0.0004889118345456131,-63141.64251401695
put,707.0,2026-09-29,928.0,0.0005221123394890354,-268560.00587974256
put,708.0,2026-09-29,1890.0,0.0005491628684523595,-575297.3495111678
put,709.0,2026-09-29,180.0,0.0006404428645240868,-63897.26959064286
put,710.0,2026-09-29,1417.0,0.0006768702484972805,-531624.1235559174
put,711.0,2026-09-29,1186.0,0.0007791599099787729,-512201.31833591196
put,712.0,2026-09-29,3017.0,0.0008275835303584414,-1383937.742812629
put,713.0,2026-09-29,134.0,0.000956661949574873,-71054.68249316362
put,714.0,2026-09-29,201.0,0.0010896311712182026,-121396.16863611422
put,715.0,2026-09-29,3160.0,0.0012432854151262244,-2177646.220267355
put,716.0,2026-09-29,327.0,0.0014104631623712265,-255645.9428813569
put,717.0,2026-09-29,511.0,0.0016750901555592473,-474447.8583901144
put,718.0,2026-09-29,539.0,0.0018931752171727385,-565599.452008219
put,719.0,2026-09-29,1625.0,0.002203989934234423,-1985145.6490855266
put,720.0,2026-09-29,1012.0,0.002567324813805028,-1440093.648902579
put,721.0,2026-09-29,507.0,0.0029555763475151435,-830576.3215749539
put,722.0,2026-09-29,903.0,0.0034779963728444998,-1740789.5832325262
put,723.0,2026-09-29,1218.0,0.004067155563646438,-2745790.9951751293
put,724.0,2026-09-29,497.0,0.004694551740461292,-1293242.3642333876
put,725.0,2026-09-29,19493.0,0.005503359599264419,-59461516.098401904
put,726.0,2026-09-29,708.0,0.0064999861559581346,-2550792.2776768776
put,727.0,2026-09-29,601.0,0.007565219307913242,-2520144.2412262824
put,728.0,2026-09-29,546.0,0.008935078003390485,-2704085.349140873
put,729.0,2026-09-29,728.0,0.010421584872040708,-4205276.470501246
put,730.0,2026-09-29,14713.0,0.012116167735605176,-98808866.26079756
put,731.0,2026-09-29,493.0,0.01403519195901471,-3835258.8459654474
put,732.0,2026-09-29,747.0,0.016232758701551036,-6721130.670810183
put,733.0,2026-09-29,627.0,0.018653472113228087,-6482710.493802635
put,734.0,2026-09-29,2079.0,0.0213471091817261,-24599312.228156805
put,735.0,2026-09-29,897.0,0.024213897001500485,-12038892.540468946
put,736.0,2026-09-29,355.0,0.02725796980656384,-5363536.783200503
put,737.0,2026-09-29,905.0,0.030435276339069825,-15267053.683125028
put,738.0,2026-09-29,440.0,0.0336667055768554,-8210747.5928789545
put,739.0,2026-09-29,357.0,0.0368534692451552,-7292492.602326181
put,740.0,2026-09-29,636.0,0.04003789573753715,-14114248.650245154
put,741.0,2026-09-29,296.0,0.042799819938406224,-7022036.089042775
put,742.0,2026-09-29,417.0,0.045191391058803584,-10445306.037645232
put,743.0,2026-09-29,498.0,0.047268761303601484,-13047670.134610176
put,744.0,2026-09-29,240.0,0.0487072798750573,-6479395.983832015
put,745.0,2026-09-29,276.0,0.049442154262209145,-7563727.456498854
put,746.0,2026-09-29,169.0,0.0494219321981994,-4629518.557896872
put,747.0,2026-09-29,307.0,0.04857995107849711,-8266560.580634585
put,748.0,2026-09-29,61.0,0.04683663554119818,-1583597.9454729867
put,749.0,2026-09-29,56.0,0.044438259414678896,-1379349.9741242523
put,750.0,2026-09-29,165.0,0.04116915129028762,-3765175.8324622936
put,751.0,2026-09-29,19.0,0.03724759993567245,-392266.5710806456
put,752.0,2026-09-29,56.0,0.03355702735412864,-1041599.8606217827
put,753.0,2026-09-29,8.0,0.029693596707965533,-131668.59365352252
put,754.0,2026-09-29,12.0,0.025735114085861033,-171173.58563147494
put,755.0,2026-09-29,34.0,0.022211346722606166,-418584.5676842561
put,756.0,2026-09-29,23.0,0.0188506293931118,-240316.22617144123
put,757.0,2026-09-29,8.0,0.01582769822324102,-70183.84422482071
put,758.0,2026-09-29,2.0,0.013179003927634098,-14609.72318352002
put,759.0,2026-09-29,1.0,0.010961929946569155,-6075.981271266838
put,760.0,2026-09-29,5.0,0.009085201393806211,-25178.738499296276
put,761.0,2026-09-29,0.0,0.014941482015123688,-0.0
put,764.0,2026-09-29,0.0,0.012242280279132246,-0.0
put,775.0,2026-09-29,0.0,0.0069815825444214,-0.0
call,405.0,2026-09-30,1.0,1.4981776802878652e-05,8.30410299174378
call,410.0,2026-09-30,1.0,0.0,0.0
call,415.0,2026-09-30,0.0,0.0,0.0
call,420.0,2026-09-30,2.0,1.7592290398368852e-05,19.502118240160975
call,425.0,2026-09-30,21.0,0.0,0.0
call,430.0,2026-09-30,14.0,0.0,0.0
call,435.0,2026-09-30,13.0,0.0,0.0
call,440.0,2026-09-30,16.0,0.0,0.0
call,445.0,2026-09-30,0.0,1.5267449765842698e-05,0.0
call,450.0,2026-09-30,47.0,0.0,0.0
call,455.0,2026-09-30,0.0,1.7138827170974983e-05,0.0
call,460.0,2026-09-30,0.0,0.0,0.0
call,465.0,2026-09-30,0.0,0.0,0.0
call,470.0,2026-09-30,0.0,0.0,0.0
call,475.0,2026-09-30,41.0,0.0,0.0
call,480.0,2026-09-30,0.0,3.276235190964915e-05,0.0
call,485.0,2026-09-30,10.0,0.0,0.0
call,490.0,2026-09-30,0.0,3.183232794147972e-05,0.0
call,495.0,2026-09-30,16.0,0.0,0.0
call,500.0,2026-09-30,3.0,3.2987124381803754e-05,54.85233464738184
call,505.0,2026-09-30,0.0,3.699462201797104e-05,0.0
call,510.0,2026-09-30,0.0,3.7170460427209134e-05,0.0
call,515.0,2026-09-30,0.0,0.0,0.0
call,520.0,2026-09-30,1.0,4.207747292021159e-05,23.322712209583106
call,525.0,2026-09-30,28.0,4.443380328595961e-05,689.6058286261904
call,530.0,2026-09-30,1.0,3.451527511663028e-05,19.13113532046461
call,535.0,2026-09-30,0.0,0.0,0.0
call,540.0,2026-09-30,1.0,6.008664079952184e-05,33.30483828401917
call,545.0,2026-09-30,2.0,6.573413598815833e-05,72.87026665810079
call,550.0,2026-09-30,31.0,7.094997442174932e-05,1219.1112563594054
call,555.0,2026-09-30,0.0,6.469807305099678e-05,0.0
call,560.0,2026-09-30,0.0,5.89296673529554e-05,0.0
call,565.0,2026-09-30,45.0,0.0,0.0
call,570.0,2026-09-30,2.0,6.64254446597623e-05,73.63662414474844
call,575.0,2026-09-30,4.0,9.88645300373804e-05,219.19462570100686
call,580.0,2026-09-30,13.0,7.756912563050848e-05,558.9354465078754
call,585.0,2026-09-30,2.0,8.505691829023555e-05,94.29073986828267
call,590.0,2026-09-30,7.0,9.082063734834171e-05,352.38059902218725
call,595.0,2026-09-30,157.0,9.792899594552657e-05,8521.977011724868
call,600.0,2026-09-30,56.0,0.00010670848968123806,3312.1988669077873
call,605.0,2026-09-30,48.0,0.00015425498185294188,4104.023515449317
call,610.0,2026-09-30,108.0,0.00016570885638014297,9919.70780489277
call,615.0,2026-09-30,106.0,0.00018472341982193535,10853.185591894273
call,620.0,2026-09-30,135.0,0.00019725207658159878,14759.94559329014
call,625.0,2026-09-30,75.0,0.00016245834655696009,6753.558970813385
call,630.0,2026-09-30,262.0,0.00017683047185485724,25679.5731946
call,635.0,2026-09-30,313.0,0.00020191311709624372,35029.84979600658
call,640.0,2026-09-30,550.0,0.00022234521541038608,67782.85887118496
call,645.0,2026-09-30,89.0,0.0002545363407579325,12556.51752645589
call,650.0,2026-09-30,797.0,0.0005573218536242388,246203.25959677328
call,651.0,2026-09-30,4.0,0.0,0.0
call,652.0,2026-09-30,0.0,0.0,0.0
call,653.0,2026-09-30,13.0,0.0014140685282868566,10189.273345887625
call,654.0,2026-09-30,9.0,0.0014427257637834804,7197.069573282136
call,655.0,2026-09-30,219.0,0.0014689914072754284,178317.0104594723
call,656.0,2026-09-30,12.0,0.0014959698250202479,9950.238343256151
call,657.0,2026-09-30,5.0,0.0,0.0
call,658.0,2026-09-30,5.0,0.0015521752394685542,4301.700398882201
call,659.0,2026-09-30,42.0,0.0,0.0
call,660.0,2026-09-30,1333.0,0.0016115764125005539,1190722.2140942751
call,661.0,2026-09-30,1.0,0.001646154962465936,912.4311841343597
call,662.0,2026-09-30,58.0,0.0016781055204642195,53948.163349738694
call,663.0,2026-09-30,5.0,0.0017109925722360846,4741.8469534358
call,664.0,2026-09-30,56.0,0.0,0.0
call,665.0,2026-09-30,714.0,0.001710654631120518,677002.0026932129
call,666.0,2026-09-30,3.0,0.0018150046718363251,3018.0637297698186
call,667.0,2026-09-30,9.0,0.0018560948245366466,9259.170330310908
call,668.0,2026-09-30,23.0,0.0,0.0
call,669.0,2026-09-30,11.0,0.0019331177884128708,11786.379121450267
call,670.0,2026-09-30,308.0,0.0019008257693256137,324505.776249499
call,671.0,2026-09-30,11.0,0.002015844227207052,12290.769064391197
call,672.0,2026-09-30,75.0,0.002062991117118795,85760.64241082886
call,673.0,2026-09-30,52.0,0.002107896918665688,60755.01281471686
call,674.0,2026-09-30,28.0,0.002153521814438054,33422.329071240994
call,675.0,2026-09-30,401.0,0.002122676081826651,471799.5291508625
call,676.0,2026-09-30,21.0,0.002255182758308848,26250.068524493472
call,677.0,2026-09-30,50.0,0.0023057754875522455,63902.290684216525
call,678.0,2026-09-30,86.0,0.002358996358926345,112448.87787543146
call,679.0,2026-09-30,57.0,0.002413246387530609,76244.04422654759
call,680.0,2026-09-30,687.0,0.00238511640975403,908229.745955888
call,681.0,2026-09-30,142.0,0.002448120640787195,192686.1787544075
call,682.0,2026-09-30,100.0,0.002593730052127638,143765.33417258202
call,683.0,2026-09-30,33.0,0.0026565574203466107,48591.751265939456
call,684.0,2026-09-30,103.0,0.002726640857315248,155666.28713344975
call,685.0,2026-09-30,432.0,0.0026992454286065876,646331.8021831079
call,686.0,2026-09-30,143.0,0.0028650353783587837,227088.65118590381
call,687.0,2026-09-30,284.0,0.002943563251423903,463362.7488687754
call,688.0,2026-09-30,35.0,0.003019997402128816,58587.37202679588
call,689.0,2026-09-30,147.0,0.0030984896775630355,252462.4500660026
call,690.0,2026-09-30,2883.0,0.003085063242971061,4929900.090546594
call,691.0,2026-09-30,77.0,0.003266616123465756,139417.80172078448
call,692.0,2026-09-30,62.0,0.0033671161208317295,115712.20984448577
call,693.0,2026-09-30,44.0,0.0034607967311934542,84403.056204064
call,694.0,2026-09-30,136.0,0.0035586425353258894,268257.99728318525
call,695.0,2026-09-30,182.0,0.0036652250040280503,369744.25334008323
call,696.0,2026-09-30,55.0,0.003771666686028171,114980.81945066014
call,697.0,2026-09-30,177.0,0.003889508047507047,381590.3162520116
call,698.0,2026-09-30,60.0,0.004011606051534553,133413.2403087651
call,699.0,2026-09-30,85.0,0.004019969343903185,189396.11709913448
call,700.0,2026-09-30,2700.0,0.004261566347658666,6377675.563543948
call,701.0,2026-09-30,287.0,0.0044008479700039654,700079.9934384018
call,702.0,2026-09-30,190.0,0.00454860685743283,479028.5597570208
call,703.0,2026-09-30,158.0,0.004702528179816906,411829.92223227164
call,704.0,2026-09-30,364.0,0.004864527805364704,981457.4544645777
call,705.0,2026-09-30,1404.0,0.005034440460604056,3917849.2476276793
call,706.0,2026-09-30,402.0,0.0052136092549235225,1161699.8577709722
call,707.0,2026-09-30,299.0,0.005401958353776526,895265.4492194317
call,708.0,2026-09-30,523.0,0.003773187070786935,1093803.8071228035
call,709.0,2026-09-30,344.0,0.0039609164932893435,755237.4777405619
call,710.0,2026-09-30,10680.0,0.004134806506190692,24476868.116618074
call,711.0,2026-09-30,443.0,0.004420128086053953,1085345.4373525127
call,712.0,2026-09-30,373.0,0.004672149356675182,965950.6823188115
call,713.0,2026-09-30,384.0,0.004917646260714203,1046689.6123392899
call,714.0,2026-09-30,688.0,0.005205584394689742,1985122.6023430931
call,715.0,2026-09-30,10633.0,0.005488702336167161,32348555.82950416
call,716.0,2026-09-30,3411.0,0.0058688300489591425,11095903.137385784
call,717.0,2026-09-30,914.0,0.006274749789791295,3178864.472306092
call,718.0,2026-09-30,565.0,0.006728839143371997,2107259.393067879
call,719.0,2026-09-30,739.0,0.007191786313115303,2945849.9204137153
call,720.0,2026-09-30,17266.0,0.007616833180705954,72894638.20646611
call,721.0,2026-09-30,24403.0,0.008221130952101034,111199847.10524273
call,722.0,2026-09-30,669.0,0.008769640129975014,3251900.838523578
call,723.0,2026-09-30,1049.0,0.009471707493390224,5507229.436834004
call,724.0,2026-09-30,501.0,0.010197425538860515,2831768.0200950312
call,725.0,2026-09-30,21558.0,0.010954744526947186,130900144.41930676
call,726.0,2026-09-30,45172.0,0.0118321877147311,296253694.2554694
call,727.0,2026-09-30,6297.0,0.012735942625963108,44452295.37065016
call,728.0,2026-09-30,1312.0,0.013608944864184817,9896638.202362228
call,729.0,2026-09-30,333.0,0.014788329615524313,2729560.719112948
call,730.0,2026-09-30,13897.0,0.015874642389934045,122279713.45823239
call,731.0,2026-09-30,392.0,0.01713153969388141,3722304.2489285283
call,732.0,2026-09-30,1401.0,0.018410483030960555,14296598.558967225
call,733.0,2026-09-30,447.0,0.019735006202263067,4889609.70467924
call,734.0,2026-09-30,523.0,0.02124787435550126,6159515.928391838
call,735.0,2026-09-30,13435.0,0.023032746273185883,171519222.1300268
call,736.0,2026-09-30,545.0,0.024006210695446836,7251861.813874595
call,737.0,2026-09-30,543.0,0.0256990764989985,7734758.366822269
call,738.0,2026-09-30,911.0,0.028072795658212902,14175338.734221812
call,739.0,2026-09-30,570.0,0.02960238097293413,9352568.621975709
call,740.0,2026-09-30,9660.0,0.031063345865887052,166323939.42559412
call,741.0,2026-09-30,1449.0,0.03237326582453475,26000655.85620785
call,742.0,2026-09-30,1492.0,0.03350012035445002,27704134.986961212
call,743.0,2026-09-30,649.0,0.034460606135482075,12396440.866168322
call,744.0,2026-09-30,877.0,0.035140054161533804,17081713.13097127
call,745.0,2026-09-30,17614.0,0.03554872181860065,347065453.097417
call,746.0,2026-09-30,793.0,0.03566409179530166,15675946.061043942
call,747.0,2026-09-30,6538.0,0.03548611024810558,128597556.8912831
call,748.0,2026-09-30,1041.0,0.03501372335296423,20203119.362185836
call,749.0,2026-09-30,750.0,0.03423834680627947,14233229.570528466
call,750.0,2026-09-30,9354.0,0.033161437858625464,171933349.0433355
call,751.0,2026-09-30,470.0,0.03175840376947634,8273436.311044756
call,752.0,2026-09-30,1923.0,0.030159091335896355,32146000.042088553
call,753.0,2026-09-30,587.0,0.02833326024339411,9218580.577190822
call,754.0,2026-09-30,522.0,0.026307988917531864,7611803.307935945
call,755.0,2026-09-30,2577.0,0.024186614629447736,34547681.5445266
call,756.0,2026-09-30,423.0,0.021979283255887293,5153274.747369172
call,757.0,2026-09-30,521.0,0.019751878222870476,5703947.595657288
call,758.0,2026-09-30,422.0,0.017537222394191986,4102066.1974684168
call,759.0,2026-09-30,1229.0,0.015436678106319135,10515626.088126378
call,760.0,2026-09-30,13320.0,0.013390398947872051,98861488.56999773
call,761.0,2026-09-30,1872.0,0.01149215082815721,11924400.822176581
call,762.0,2026-09-30,1438.0,0.009794043802424468,7806391.578044413
call,763.0,2026-09-30,482.0,0.0082436024097141,2202386.2141964426
call,764.0,2026-09-30,308.0,0.006811750631570222,1162890.6036453554
call,765.0,2026-09-30,8046.0,0.0056779648225402275,25322240.543651547
call,766.0,2026-09-30,1043.0,0.004608312316088061,2664131.2522528623
call,767.0,2026-09-30,739.0,0.0037206585911355463,1524030.517229792
call,768.0,2026-09-30,379.0,0.0029955737735429316,629286.8170551787
call,769.0,2026-09-30,375.0,0.002496833103386758,518979.478782558
call,770.0,2026-09-30,4550.0,0.0020393190056682726,5143111.829726605
call,771.0,2026-09-30,228.0,0.0015765364955631178,199236.21378002554
call,772.0,2026-09-30,3816.0,0.001315383775342085,2782212.201767189
call,773.0,2026-09-30,83.0,0.001097485737698573,50490.11753222896
call,774.0,2026-09-30,99.0,0.0008728692587323361,47897.60490379992
call,775.0,2026-09-30,1556.0,0.000822204723459263,709118.7425268019
call,776.0,2026-09-30,259.0,0.0006384012413439472,91647.97870998025
call,777.0,2026-09-30,427.0,0.0006069681806946021,143655.8127982908
call,778.0,2026-09-30,342.0,0.0005503580248105145,104327.98358486553
call,779.0,2026-09-30,348.0,0.0005261127590758868,101481.64124681275
call,780.0,2026-09-30,1826.0,0.0003909417669008369,395678.31433545187
call,781.0,2026-09-30,178.0,0.00035782944816541623,35304.12768559503
call,782.0,2026-09-30,253.0,0.00034622887457132375,48552.680270116834
call,783.0,2026-09-30,311.0,0.0003186289156999883,54925.62138099113
call,784.0,2026-09-30,149.0,0.000309460679265533,25557.663457601946
call,785.0,2026-09-30,1172.0,0.0003008947852062736,195466.20309189634
call,786.0,2026-09-30,309.0,0.00027888119006496385,47764.705746597254
call,787.0,2026-09-30,132.0,0.0002720151306613581,19901.98513073235
call,788.0,2026-09-30,142.0,0.0002531874853341367,19927.82881883848
call,789.0,2026-09-30,152.0,0.0002476434063544789,20864.10507612185
call,790.0,2026-09-30,1745.0,0.00024240664048806785,234460.31719346918
call,791.0,2026-09-30,159.0,0.00022689371738105637,19996.270316550803
call,792.0,2026-09-30,168.0,0.00021276394503552145,19812.38324440621
call,793.0,2026-09-30,64.0,0.0002090853200913759,7417.079263460983
call,794.0,2026-09-30,225.0,0.00020558459299981156,25639.082910918856
call,795.0,2026-09-30,464.0,0.00019368878861633014,49814.05176187587
call,796.0,2026-09-30,153.0,0.00018276884893511845,15499.689981835361
call,797.0,2026-09-30,84.0,0.0001802877959639246,8394.117027981982
call,798.0,2026-09-30,180.0,0.00017059632091751627,17020.470853303406
call,799.0,2026-09-30,285.0,0.0001616543094867647,25536.510456631873
call,800.0,2026-09-30,4867.0,0.00010248550211585277,276473.29193611
call,801.0,2026-09-30,102.0,0.00010234102827998874,5786.012295509502
call,802.0,2026-09-30,186.0,0.00010219046921194672,10535.441540969214
call,803.0,2026-09-30,123.0,9.315365584871765e-05,6350.887493225666
call,804.0,2026-09-30,210.0,9.318600267529202e-05,10846.743780465922
call,805.0,2026-09-30,501.0,9.320808413767649e-05,25883.363489104035
call,806.0,2026-09-30,69.0,8.537449713284055e-05,3265.1764353946446
call,807.0,2026-09-30,139.0,8.553194220363016e-05,6589.8046167583
call,808.0,2026-09-30,33.0,7.856171766177072e-05,1436.9918806978578
call,809.0,2026-09-30,1239.0,7.882195738613814e-05,54131.23381014723
call,810.0,2026-09-30,979.0,7.906817112547536e-05,42905.581219643376
call,811.0,2026-09-30,290.0,7.292812679962255e-05,11722.559902812684
call,812.0,2026-09-30,48.0,7.325121258332744e-05,1948.8816203275144
call,813.0,2026-09-30,1327.0,6.772762850948405e-05,49815.69526606502
call,814.0,2026-09-30,1845.0,6.810874388189199e-05,69651.20677624576
call,815.0,2026-09-30,841.0,6.847567448229609e-05,31919.914449582153
call,816.0,2026-09-30,1402.0,6.354370173847793e-05,49379.86847751162
call,817.0,2026-09-30,52.0,6.39541180756411e-05,1843.322236885785
call,818.0,2026-09-30,77.0,5.947541330898636e-05,2538.385615747388
call,819.0,2026-09-30,83.0,5.9918071182965776e-05,2756.5464884094017
call,820.0,2026-09-30,6350.0,6.03477505360212e-05,212404.74571317603
call,821.0,2026-09-30,8.0,5.6302505062515475e-05,249.65893265341876
call,822.0,2026-09-30,0.0,2.1034316480822617e-14,0.0
call,823.0,2026-09-30,103.0,5.30526626502752e-05,3028.822441046901
call,824.0,2026-09-30,52.0,5.352330008841589e-05,1542.6792239992735
call,825.0,2026-09-30,1247.0,5.012221511528174e-05,34643.847144041225
call,826.0,2026-09-30,2084.0,5.060443922748921e-05,58454.20191523935
call,827.0,2026-09-30,739.0,4.747178555796306e-05,19445.065470423462
call,828.0,2026-09-30,327.0,4.796127528445635e-05,8692.963963180844
call,829.0,2026-09-30,68.0,4.844071317152465e-05,1825.7816812685862
call,830.0,2026-09-30,911.0,4.556109509188568e-05,23006.0434269796
call,831.0,2026-09-30,58.0,4.288132483754377e-05,1378.5597441745285
call,832.0,2026-09-30,3.0,4.3375803971750336e-05,72.12705440823831
call,833.0,2026-09-30,39.0,4.3861575126765133e-05,948.1525882396293
call,834.0,2026-09-30,0.0,2.7434160273176e-18,0.0
call,835.0,2026-09-30,163.0,3.9065412611907985e-05,3529.469427027687
call,836.0,2026-09-30,83.0,3.9556264003740654e-05,1819.796239787928
call,837.0,2026-09-30,296.0,4.0039676508173964e-05,6569.187763841459
call,838.0,2026-09-30,186.0,3.788285346156152e-05,3905.5754526541095
call,839.0,2026-09-30,515.0,3.5863111207588106e-05,10237.280336648664
call,840.0,2026-09-30,495.0,3.634508839092838e-05,9971.95551639996
call,841.0,2026-09-30,173.0,3.6820774865747795e-05,3530.7618955160096
call,842.0,2026-09-30,56.0,3.4929103844712354e-05,1084.188695034095
call,843.0,2026-09-30,666.0,3.3152704757712445e-05,12238.342394533176
call,844.0,2026-09-30,0.0,2.450016269104467e-07,0.0
call,845.0,2026-09-30,934.0,3.4087501001425216e-05,17647.022690866834
call,846.0,2026-09-30,0.0,1.5863674678513532e-07,0.0
call,847.0,2026-09-30,0.0,1.2730916786687365e-07,0.0
call,848.0,2026-09-30,0.0,1.0198705259623082e-07,0.0
call,849.0,2026-09-30,74.0,3.174941581746395e-05,1302.2574861126825
call,850.0,2026-09-30,1819.0,2.8409658390371e-05,28643.63393759854
call,851.0,2026-09-30,48.0,2.8855423972910355e-05,767.7115974509159
call,852.0,2026-09-30,38.0,2.929753828541124e-05,617.0837801184479
call,853.0,2026-09-30,0.0,3.277279993563668e-08,0.0
call,854.0,2026-09-30,0.0,2.5979771205116448e-08,0.0
call,855.0,2026-09-30,180.0,2.7139469033150344e-05,2707.71690250113
call,856.0,2026-09-30,31.0,2.756710725570588e-05,473.6769961455536
call,857.0,2026-09-30,75.0,2.6368141660422768e-05,1096.150511368091
call,858.0,2026-09-30,35.0,5.377945913321993e-05,1043.3112218629074
call,859.0,2026-09-30,11.0,5.156658732086162e-05,314.40575003039413
call,860.0,2026-09-30,399.0,1.1984880159466132e-05,2650.549966032562
call,861.0,2026-09-30,19.0,2.3540402114189424e-05,247.91161941011543
call,862.0,2026-09-30,18.0,9.860367119255521e-05,983.7732153514914
call,863.0,2026-09-30,39.0,3.575179285608085e-05,772.8439946064516
call,864.0,2026-09-30,11.0,3.6148779042878805e-05,220.4020971358979
call,865.0,2026-09-30,94.0,2.2424863594803285e-05,1168.3879459570855
call,870.0,2026-09-30,196.0,2.1819879548764105e-05,2370.4883450867355
call,875.0,2026-09-30,111.0,1.910500856970531e-05,1175.4377108157926
call,880.0,2026-09-30,180.0,1.878779041919831e-05,1874.4662106901521
call,885.0,2026-09-30,517.0,1.6696345232120117e-05,4784.552929631803
call,890.0,2026-09-30,216.0,1.6560849835114496e-05,1982.7400291530598
call,895.0,2026-09-30,0.0,4.599422823497132e-13,0.0
call,900.0,2026-09-30,625.0,7.104344778094888e-06,2461.1237498053933
call,905.0,2026-09-30,25.0,5.820125205731512e-06,80.6495113516041
call,910.0,2026-09-30,0.0,4.402923944955551e-15,0.0
call,915.0,2026-09-30,43.0,5.018259949165821e-06,119.60546230511059
call,920.0,2026-09-30,225.0,5.238990913418907e-06,653.370568478451
call,925.0,2026-09-30,69.0,5.461168478964136e-06,208.86423025705292
call,930.0,2026-09-30,78.0,2.3583544930429744e-06,101.9607668034137
call,935.0,2026-09-30,0.0,9.461846841927758e-19,0.0
call,940.0,2026-09-30,0.0,1.582566790269765e-19,0.0
call,945.0,2026-09-30,0.0,2.5643462058460675e-20,0.0
call,950.0,2026-09-30,8123.0,2.023190383984669e-06,9109.249754696359
put,405.0,2026-09-30,6534.0,2.3621196520638562e-07,-855.4811156516516
put,410.0,2026-09-30,2093.0,6.063134988962078e-07,-703.38948208356
put,415.0,2026-09-30,985.0,6.012013259037598e-07,-328.23551090393346
put,420.0,2026-09-30,2118.0,3.2642937531735784e-07,-383.21684749597125
put,425.0,2026-09-30,4689.0,7.02513806598925e-07,-1825.847498433637
put,430.0,2026-09-30,670.0,2.993698157656664e-07,-111.17630013778184
put,435.0,2026-09-30,365.0,6.697361807847262e-07,-135.4958612675822
put,440.0,2026-09-30,605.0,2.652341005915168e-07,-88.94348426855662
put,445.0,2026-09-30,462.0,7.650346209947393e-07,-195.90813441443214
put,450.0,2026-09-30,930.0,9.027854620901498e-07,-465.36842101003515
put,455.0,2026-09-30,571.0,3.453745519328639e-07,-109.30898129671088
put,460.0,2026-09-30,637.0,8.234853782761382e-07,-290.75335101500843
put,465.0,2026-09-30,588.0,1.4719271762112917e-06,-479.725775968767
put,470.0,2026-09-30,1261.0,1.563493609282637e-06,-1092.7997856981203
put,475.0,2026-09-30,790.0,1.6572441314212878e-06,-725.6763762654272
put,480.0,2026-09-30,1522.0,1.7528297350555767e-06,-1478.712651513647
put,485.0,2026-09-30,496.0,1.8498404876136039e-06,-508.5637037755568
put,490.0,2026-09-30,512.0,1.9477999960005004e-06,-552.7690591913761
put,495.0,2026-09-30,705.0,1.9346841142669865e-06,-756.0118221414884
put,500.0,2026-09-30,3199.0,2.14414063813631e-06,-3801.866933803389
put,505.0,2026-09-30,495.0,2.241330192199706e-06,-614.9509043361757
put,510.0,2026-09-30,553.0,2.336782400576694e-06,-716.2634802525494
put,515.0,2026-09-30,278.0,2.4296017204042697e-06,-374.37710921813823
put,520.0,2026-09-30,8018.0,2.5187923964049155e-06,-11194.065137244519
put,525.0,2026-09-30,707.0,2.6032543439444775e-06,-1020.1532552826175
put,530.0,2026-09-30,2208.0,3.0543060908440967e-06,-3738.014928289972
put,535.0,2026-09-30,778.0,3.1475095167872876e-06,-1357.3006375132604
put,540.0,2026-09-30,4184.0,3.232438165029566e-06,-7496.375037585388
put,545.0,2026-09-30,1105.0,3.3074110054495626e-06,-2025.7220218434352
put,550.0,2026-09-30,1841.0,3.887449127703111e-06,-3966.869481107001
put,555.0,2026-09-30,5660.0,3.964257321829592e-06,-12436.771993049486
put,560.0,2026-09-30,718.0,4.025214211099983e-06,-1601.927458768613
put,565.0,2026-09-30,2748.0,4.742489000963074e-06,-7223.579633981021
put,570.0,2026-09-30,1550.0,6.489173520457257e-06,-5575.0721178792655
put,575.0,2026-09-30,5825.0,7.123731554700092e-06,-23000.26709369473
put,580.0,2026-09-30,1321.0,7.820685515630688e-06,-5726.338861585981
put,585.0,2026-09-30,712.0,7.941136117019305e-06,-3133.9498175045487
put,590.0,2026-09-30,1172.0,8.705557950703323e-06,-5655.273677321841
put,595.0,2026-09-30,469.0,9.545356368319602e-06,-2481.386379146331
put,600.0,2026-09-30,16181.0,1.046909579453247e-05,-93895.31770748088
put,605.0,2026-09-30,1479.0,1.1486579444573135e-05,-9416.473722624449
put,610.0,2026-09-30,4805.0,1.1516667048009183e-05,-30672.530540031683
put,615.0,2026-09-30,760.0,1.2615384137473143e-05,-5314.2682879091335
put,620.0,2026-09-30,2378.0,2.1859852262493653e-05,-28812.999848548916
put,625.0,2026-09-30,2133.0,2.4317522811173796e-05,-28750.11535519626
put,630.0,2026-09-30,1522.0,2.710533275261944e-05,-22866.45283520065
put,635.0,2026-09-30,1310.0,2.888184756274731e-05,-20971.315370679327
put,640.0,2026-09-30,7703.0,3.2300048471518316e-05,-137908.95768872616
put,645.0,2026-09-30,1559.0,4.8545002439497826e-05,-41948.84876183971
put,650.0,2026-09-30,24416.0,5.258418399283333e-05,-711637.8834444789
put,651.0,2026-09-30,511.0,5.396466427744524e-05,-15284.80082710976
put,652.0,2026-09-30,159.0,5.5392023854290316e-05,-4881.730067963958
put,653.0,2026-09-30,123.0,5.686837915938205e-05,-3877.08538835952
put,654.0,2026-09-30,85.0,5.839596893263103e-05,-2751.2572420125316
put,655.0,2026-09-30,1938.0,5.997716285935998e-05,-64427.17592486696
put,656.0,2026-09-30,259.0,6.161447093415435e-05,-8845.28624742721
put,657.0,2026-09-30,219.0,6.33105536168539e-05,-7685.101897519012
put,658.0,2026-09-30,207.0,6.506823285815045e-05,-7465.669529764487
put,659.0,2026-09-30,101.0,8.183062681083099e-05,-4581.067128922775
put,660.0,2026-09-30,8381.0,8.426500233251526e-05,-391446.56099196075
put,661.0,2026-09-30,149.0,8.67957846448942e-05,-7168.2691925758
put,662.0,2026-09-30,159.0,8.942804510790822e-05,-7881.343672708201
put,663.0,2026-09-30,689.0,9.216719285067785e-05,-35198.56728490456
put,664.0,2026-09-30,2061.0,9.501900203675204e-05,-108547.00893578744
put,665.0,2026-09-30,4898.0,9.552304365780852e-05,-259332.13587207516
put,666.0,2026-09-30,4906.0,9.852292929867087e-05,-267913.2939070525
put,667.0,2026-09-30,1225.0,9.903053151705057e-05,-67241.06801445699
put,668.0,2026-09-30,430.0,0.0001021888610904165,-24355.745013136868
put,669.0,2026-09-30,480.0,0.00010548456318076287,-28064.644824467534
put,670.0,2026-09-30,3888.0,0.0001306226643016003,-281497.27704025555
put,671.0,2026-09-30,176.0,0.00013511491265405645,-13180.90885137287
put,672.0,2026-09-30,263.0,0.00013628997966615595,-19867.76797248703
put,673.0,2026-09-30,110.0,0.00014106772332988943,-8601.015824964414
put,674.0,2026-09-30,154.0,0.00014607579095526842,-12468.906593163627
put,675.0,2026-09-30,10823.0,0.0001513289543478466,-907818.6359650682
put,676.0,2026-09-30,21332.0,0.00015684317708829972,-1854499.0285884605
put,677.0,2026-09-30,1075.0,0.00015833822635323466,-94346.03306419955
put,678.0,2026-09-30,164.0,0.00019228144171688503,-17478.760115972054
put,679.0,2026-09-30,169.0,0.00019468934577762835,-18237.20561324329
put,680.0,2026-09-30,18172.0,0.00020234546637540925,-2038100.5708592078
put,681.0,2026-09-30,14360.0,0.0002104201188421485,-1674831.4428636488
put,682.0,2026-09-30,2026.0,0.00021319626213038586,-239413.38735968168
put,683.0,2026-09-30,592.0,0.0002219226869545971,-72820.35854427257
put,684.0,2026-09-30,396.0,0.00026037036545368164,-57149.98789747818
put,685.0,2026-09-30,9146.0,0.00026808417602408645,-1359038.5665287925
put,686.0,2026-09-30,326.0,0.00027980641533716674,-50559.72136936849
put,687.0,2026-09-30,14603.0,0.00028457187291416853,-2303368.7030893555
put,688.0,2026-09-30,795.0,0.0002973851275468411,-131043.58876014127
put,689.0,2026-09-30,153.0,0.0003457645046508217,-29322.5167200845
put,690.0,2026-09-30,23530.0,0.00035278718769703356,-4601126.09806526
put,691.0,2026-09-30,823.0,0.000369735556935497,-168663.24723511544
put,692.0,2026-09-30,423.0,0.00041948020409417685,-98351.55758324207
put,693.0,2026-09-30,629.0,0.0004349337593945269,-151636.29632821144
put,694.0,2026-09-30,303.0,0.00045126609041603954,-75788.74806793447
put,695.0,2026-09-30,18740.0,0.0005131883783915369,-5330596.423272449
put,696.0,2026-09-30,2865.0,0.0005269955875191232,-836875.799787125
put,697.0,2026-09-30,491.0,0.0005557634729668284,-151251.91991782864
put,698.0,2026-09-30,860.0,0.0006177651524377167,-294476.9198956405
put,699.0,2026-09-30,522.0,0.0006867808646429732,-198709.2542004512
put,700.0,2026-09-30,24248.0,0.000717989928522244,-9649919.26388654
put,701.0,2026-09-30,505.0,0.0007996338323197743,-223826.7264457646
put,702.0,2026-09-30,727.0,0.000838277665845249,-337793.82829912606
put,703.0,2026-09-30,446.0,0.000924107560603331,-228447.6980942746
put,704.0,2026-09-30,452.0,0.0010194082958808663,-255397.1240620001
put,705.0,2026-09-30,22085.0,0.0011122673513221507,-13615575.327441351
put,706.0,2026-09-30,686.0,0.0012289150497472982,-467278.0519278488
put,707.0,2026-09-30,1411.0,0.001343578454113171,-1050798.5110324917
put,708.0,2026-09-30,485.0,0.0014624894129789724,-393155.0637624441
put,709.0,2026-09-30,1886.0,0.0016463390252823785,-1721037.6274934632
put,710.0,2026-09-30,10787.0,0.0017864956961328705,-10681495.38497168
put,711.0,2026-09-30,2116.0,0.0020019662357288258,-2348020.1313559
put,712.0,2026-09-30,542.0,0.002178011517018843,-654317.9923405973
put,713.0,2026-09-30,896.0,0.0024196052071193287,-1201660.8836766495
put,714.0,2026-09-30,1715.0,0.0027390977959947777,-2603760.696102415
put,715.0,2026-09-30,7779.0,0.0030172175634906925,-13009475.955875576
put,716.0,2026-09-30,4114.0,0.0033695506888714154,-7683616.588257828
put,717.0,2026-09-30,1408.0,0.003762899799661629,-2936667.0666874084
put,718.0,2026-09-30,1519.0,0.004233319324068306,-3564250.4004838318
put,719.0,2026-09-30,873.0,0.0046741855931684995,-2261776.0467185993
put,720.0,2026-09-30,50406.0,0.00527014704327088,-147242903.2328437
put,721.0,2026-09-30,1113.0,0.005850125596442227,-3609023.903955792
put,722.0,2026-09-30,620.0,0.0065230117359778685,-2241657.476977863
put,723.0,2026-09-30,847.0,0.007297410890148835,-3425954.6904651225
put,724.0,2026-09-30,470.0,0.008161215717665458,-2126092.3234970234
put,725.0,2026-09-30,4999.0,0.009091238006710545,-25190429.282169938
put,726.0,2026-09-30,573.0,0.010116366532550238,-3212984.1438418007
put,727.0,2026-09-30,1276.0,0.01127997446063245,-7977892.773706069
put,728.0,2026-09-30,980.0,0.01250763604517158,-6794080.92134618
put,729.0,2026-09-30,410.0,0.013829391847126839,-3142797.0958531047
put,730.0,2026-09-30,49154.0,0.015266996134748552,-415950705.2244406
put,731.0,2026-09-30,443.0,0.01679012545114828,-4122750.6751390677
put,732.0,2026-09-30,899.0,0.018392461229874583,-9164925.629740562
put,733.0,2026-09-30,458.0,0.020074350705932328,-5096081.786565307
put,734.0,2026-09-30,1001.0,0.021812947259050048,-12102576.345843058
put,735.0,2026-09-30,7245.0,0.023584259649448425,-94708736.2288958
put,736.0,2026-09-30,554.0,0.025366454922940103,-7789309.236870739
put,737.0,2026-09-30,408.0,0.027163857467639996,-6143007.000916169
put,738.0,2026-09-30,412.0,0.028904221758068595,-6600668.175992493
put,739.0,2026-09-30,353.0,0.03053534684240302,-5974574.307620282
put,740.0,2026-09-30,2107.0,0.03212376206490063,-37516329.39145255
put,741.0,2026-09-30,1651.0,0.03350337813414103,-30659500.59406781
put,742.0,2026-09-30,230.0,0.0347219917840882,-4426514.2859139405
put,743.0,2026-09-30,203.0,0.03571361243451056,-4018456.055806535
put,744.0,2026-09-30,535.0,0.03644246343813604,-10806645.693631658
put,745.0,2026-09-30,1129.0,0.03687728201104263,-23077154.125320967
put,746.0,2026-09-30,494.0,0.037009360406746114,-10133697.424064122
put,747.0,2026-09-30,422.0,0.036812591353819216,-8610695.766949441
put,748.0,2026-09-30,246.0,0.036291751259456356,-4948487.036413204
put,749.0,2026-09-30,23.0,0.03537388258328952,-450962.0230799363
put,750.0,2026-09-30,671.0,0.034135080645191045,-12695589.093670845
put,751.0,2026-09-30,79.0,0.03254905015214162,-1425262.3567917359
put,752.0,2026-09-30,24.0,0.030607777282034804,-407166.8746519338
put,753.0,2026-09-30,12.0,0.028443453053363193,-189187.73123137697
put,754.0,2026-09-30,6.0,0.026373299632532862,-87709.19468187135
put,755.0,2026-09-30,70.0,0.024201603495487486,-939012.9585115775
put,756.0,2026-09-30,23.0,0.02196225008068939,-279984.5537016018
put,757.0,2026-09-30,3.0,0.019708159069425406,-32771.530008122645
put,758.0,2026-09-30,0.0,0.01750707420475942,-0.0
put,760.0,2026-09-30,50.0,0.01333126845624211,-369462.9406371496
put,761.0,2026-09-30,8.0,0.011587875011554123,-51383.44206698378
put,762.0,2026-09-30,8.0,0.00991027721287732,-43944.56744898356
put,763.0,2026-09-30,4.0,0.009973342309447552,-22112.106674464667
put,765.0,2026-09-30,2.0,0.006312039835281369,-6997.278035819431
put,766.0,2026-09-30,0.0,0.007424179210554059,-0.0
put,767.0,2026-09-30,0.0,0.004793589059276563,-0.0
put,769.0,2026-09-30,0.0,0.005145303855324705,-0.0
put,770.0,2026-09-30,4.0,0.003774711696838432,-8368.992572006122
put,771.0,2026-09-30,0.0,0.005101494506124615,-0.0
put,772.0,2026-09-30,0.0,0.004869380290990448,-0.0
put,773.0,2026-09-30,0.0,0.0,-0.0
put,774.0,2026-09-30,0.0,0.004359819481555001,-0.0
put,775.0,2026-09-30,0.0,0.002883527309053455,-0.0
put,776.0,2026-09-30,0.0,0.0038832154193306494,-0.0
put,777.0,2026-09-30,0.0,0.0037444281296665637,-0.0
put,778.0,2026-09-30,0.0,0.003520754424796542,-0.0
put,779.0,2026-09-30,0.0,0.003406103925605724,-0.0
put,780.0,2026-09-30,0.0,0.0022225210403691515,-0.0
put,782.0,2026-09-30,0.0,0.003534365065450669,-0.0
put,783.0,2026-09-30,0.0,0.0,-0.0
put,784.0,2026-09-30,0.0,0.003473771601385447,-0.0
put,785.0,2026-09-30,0.0,0.0,-0.0
put,789.0,2026-09-30,0.0,0.003336637207330299,-0.0
put,790.0,2026-09-30,5.0,0.004406158343085609,-12211.232739725385
put,791.0,2026-09-30,0.0,0.004280302090296091,-0.0
put,792.0,2026-09-30,0.0,0.0032610669688581677,-0.0
put,795.0,2026-09-30,0.0,0.0,-0.0
put,797.0,2026-09-30,0.0,0.0031381587413161845,-0.0
put,800.0,2026-09-30,1.0,0.0033667362696567517,-1866.1154212294118
put,801.0,2026-09-30,0.0,0.003285645479280916,-0.0
put,805.0,2026-09-30,0.0,0.0029596469034605397,-0.0
put,806.0,2026-09-30,0.0,0.0,-0.0
put,809.0,2026-09-30,0.0,0.003384699017043996,-0.0
put,810.0,2026-09-30,0.0,0.0,-0.0
put,815.0,2026-09-30,0.0,0.002767516205777638,-0.0
put,819.0,2026-09-30,0.0,0.0,-0.0
put,820.0,2026-09-30,0.0,0.002184387147906883,-0.0
put,821.0,2026-09-30,0.0,0.002150810579660282,-0.0
put,822.0,2026-09-30,0.0,0.0,-0.0
put,825.0,2026-09-30,0.0,0.0025963889076775675,-0.0
put,830.0,2026-09-30,0.0,0.0025212154918953537,-0.0
put,831.0,2026-09-30,0.0,0.0,-0.0
put,833.0,2026-09-30,0.0,0.0,-0.0
put,835.0,2026-09-30,0.0,0.0021385896466329145,-0.0
put,840.0,2026-09-30,1.0,0.00156528862735573,-867.608571692891
put,841.0,2026-09-30,0.0,0.0015418331865599745,-0.0
put,842.0,2026-09-30,0.0,0.0,-0.0
put,843.0,2026-09-30,0.0,0.0,-0.0
put,845.0,2026-09-30,0.0,0.001454291428575203,-0.0
put,848.0,2026-09-30,0.0,0.0,-0.0
put,850.0,2026-09-30,2.0,0.0013554598798081088,-1502.609282090017
put,851.0,2026-09-30,0.0,0.0013369570077498094,-0.0
put,853.0,2026-09-30,0.0,0.0,-0.0
put,855.0,2026-09-30,0.0,0.0019753813822551876,-0.0
put,860.0,2026-09-30,0.0,0.0019344171148952133,-0.0
put,865.0,2026-09-30,0.0,0.0018936447570750922,-0.0
put,890.0,2026-09-30,0.0,0.0017069594251378493,-0.0
put,935.0,2026-09-30,0.0,0.0015914257361495808,-0.0
put,950.0,2026-09-30,0.0,0.000509977580007472,-0.0
call,610.0,2026-10-01,0.0,0.00026036214094248635,0.0
call,640.0,2026-10-01,30.0,0.0004476252568455415,7443.295178119829
call,645.0,2026-10-01,30.0,0.0005023841352584073,8353.848122611913
call,650.0,2026-10-01,1.0,0.0014748519858775494,817.4813274452046
call,675.0,2026-10-01,1.0,0.0023803569226939726,1319.3848302000458
call,680.0,2026-10-01,2.0,0.0026607374157308875,2949.588399951341
call,687.0,2026-10-01,5.0,0.0031502658243925566,8730.65064355381
call,689.0,2026-10-01,5.0,0.0033131330067234462,9182.020956249618
call,690.0,2026-10-01,3.0,0.003397441964215915,5649.404943858266
call,691.0,2026-10-01,1.0,0.003489383368703293,1934.0962859507035
call,695.0,2026-10-01,19.0,0.0038917831755737866,40985.632478553816
call,700.0,2026-10-01,2.0,0.004500799805537506,4989.408882826561
call,705.0,2026-10-01,6.0,0.005282236356071455,17567.035728014253
call,708.0,2026-10-01,0.0,0.005848838867151475,0.0
call,709.0,2026-10-01,2.0,0.00605900288320963,6716.771265712309
call,710.0,2026-10-01,34.0,0.006284148822802274,118428.1057383617
call,711.0,2026-10-01,0.0,0.006516821492717627,0.0
call,712.0,2026-10-01,1.0,0.006766051771822846,3750.2888675989093
call,713.0,2026-10-01,3.0,0.007029231685457648,11688.492887770159
call,714.0,2026-10-01,0.0,0.007309367582200416,0.0
call,715.0,2026-10-01,218.0,0.007605238703833207,918964.5269953356
call,716.0,2026-10-01,26.0,0.006870431893624466,99011.7623977597
call,717.0,2026-10-01,107.0,0.0072545760748932145,430254.30172663374
call,718.0,2026-10-01,56.0,0.007662942781357995,237855.39907286107
call,719.0,2026-10-01,55.0,0.008111887765657678,247294.25482963733
call,720.0,2026-10-01,385.0,0.008613033253650811,1838003.176660376
call,721.0,2026-10-01,34.0,0.009143773275636542,172319.23986354683
call,722.0,2026-10-01,59.0,0.009712403053375663,317620.1983590237
call,723.0,2026-10-01,30.0,0.010314924891642948,171520.7744301323
call,724.0,2026-10-01,35.0,0.010953147488999542,212488.96649713386
call,725.0,2026-10-01,1236.0,0.011641618799517448,7975561.151951122
call,726.0,2026-10-01,62.0,0.012366919942362942,424993.8475977408
call,727.0,2026-10-01,129.0,0.01313715236220253,939334.6683336524
call,728.0,2026-10-01,61.0,0.01394774276423999,471588.4591242166
call,729.0,2026-10-01,436.0,0.01481139130923917,3579412.491491551
call,730.0,2026-10-01,1807.0,0.015826432257826366,15851507.843056245
call,731.0,2026-10-01,218.0,0.016641530964018752,2010847.683599954
call,732.0,2026-10-01,531.0,0.01759794504082975,5179476.683036925
call,733.0,2026-10-01,214.0,0.018583400818410784,2204288.179016492
call,734.0,2026-10-01,288.0,0.019590160414819473,3127230.435532678
call,735.0,2026-10-01,929.0,0.020680527178265184,10648948.422511077
call,736.0,2026-10-01,290.0,0.021612921213069826,3474088.4582310873
call,737.0,2026-10-01,260.0,0.023418466405410343,3374902.2875899365
call,738.0,2026-10-01,339.0,0.02447933114979541,4599690.91865453
call,739.0,2026-10-01,740.0,0.025464078423356476,10444534.45834305
call,740.0,2026-10-01,6000.0,0.026419669837233657,87863407.21379599
call,741.0,2026-10-01,219.0,0.027226367358357952,3304937.257610165
call,742.0,2026-10-01,149.0,0.027982910701972105,2311045.8362028995
call,743.0,2026-10-01,75.0,0.028564775949362756,1187466.8365805082
call,744.0,2026-10-01,156.0,0.0290658453541923,2513257.348583755
call,745.0,2026-10-01,455.0,0.02935649467683036,7403634.969911725
call,746.0,2026-10-01,462.0,0.029520220011478488,7559463.416743993
call,747.0,2026-10-01,317.0,0.029490690914388402,5181716.087865879
call,748.0,2026-10-01,256.0,0.029268711373452466,4153105.576257299
call,749.0,2026-10-01,151.0,0.028865173758955934,2415908.754838538
call,750.0,2026-10-01,1038.0,0.02831295745883992,16289659.037789114
call,751.0,2026-10-01,238.0,0.027571631215607777,3637213.7330565816
call,752.0,2026-10-01,401.0,0.026699191963492064,5934332.753325271
call,753.0,2026-10-01,528.0,0.025663338204232184,7510631.840277121
call,754.0,2026-10-01,200.0,0.024474997410686844,2713201.5367089715
call,755.0,2026-10-01,593.0,0.023194032807172856,7623604.621600708
call,756.0,2026-10-01,1131.0,0.021807978957847866,13671224.92451699
call,757.0,2026-10-01,117.0,0.020369699073824805,1320991.0617225326
call,758.0,2026-10-01,207.0,0.018876522666895202,2165816.926508029
call,759.0,2026-10-01,109.0,0.017363152686942187,1049021.734719607
call,760.0,2026-10-01,1406.0,0.015850967046162633,12352944.435786832
call,761.0,2026-10-01,541.0,0.014367076677373756,4308192.287204606
call,762.0,2026-10-01,135.0,0.012943697285171587,968548.8285651458
call,763.0,2026-10-01,109.0,0.011560799994362088,698463.6191071768
call,764.0,2026-10-01,140.0,0.010222785603976771,793280.3424376104
call,765.0,2026-10-01,386.0,0.009010393648649528,1927793.332250343
call,766.0,2026-10-01,137.0,0.00788619751057911,598849.4032967038
call,767.0,2026-10-01,49.0,0.006853629470079735,186142.74134807498
call,768.0,2026-10-01,69.0,0.005825357572379806,222792.76495750697
call,769.0,2026-10-01,227.0,0.004993314571376069,628266.9123118704
call,770.0,2026-10-01,412.0,0.004286409528307677,978859.3237205376
call,771.0,2026-10-01,138.0,0.003617345180491405,276693.1727551118
call,772.0,2026-10-01,52.0,0.003050675764052068,87928.32490872151
call,774.0,2026-10-01,55.0,0.0021473311050994,65462.27719719994
call,775.0,2026-10-01,126.0,0.0017642571633732932,123214.50559893381
call,780.0,2026-10-01,434.0,0.0007910587578685612,190295.21879701683
call,785.0,2026-10-01,334.0,0.0005110128205901019,94603.60085926218
call,790.0,2026-10-01,511.0,0.0004050946042352558,114737.86457818515
call,795.0,2026-10-01,20.0,0.0002650691622592629,2938.4520304870957
call,800.0,2026-10-01,2019.0,0.00022258981239853178,249098.43932783307
call,805.0,2026-10-01,50.0,0.00018417208426085808,5104.147445356474
call,810.0,2026-10-01,195.0,0.0001560105855683453,16862.34934243642
call,815.0,2026-10-01,16.0,0.0001397098332061872,1239.0144204317398
call,820.0,2026-10-01,41.0,0.00011844897664584261,2691.811063887574
call,825.0,2026-10-01,127.0,7.15847657871177e-05,5039.108778337731
call,830.0,2026-10-01,20.0,6.8105523400642e-05,754.9909307377739
call,835.0,2026-10-01,15.0,5.683519056121482e-05,472.5393544960169
call,840.0,2026-10-01,89.0,5.509880037635736e-05,2718.075739410363
call,845.0,2026-10-01,41.0,4.7181392604980435e-05,1072.220277625905
call,850.0,2026-10-01,96.0,4.357481408545399e-05,2318.65524911894
call,855.0,2026-10-01,45.0,4.055563890794651e-05,1011.5635352762843
call,860.0,2026-10-01,81.0,3.5813559993919404e-05,1607.9106679323913
call,865.0,2026-10-01,28.0,3.583908456580538e-05,556.217109081361
call,870.0,2026-10-01,108.0,3.214470575121395e-05,1924.254958315605
call,875.0,2026-10-01,130.0,2.9054062170199927e-05,2093.5320696178146
call,880.0,2026-10-01,102.0,2.644811522773835e-05,1495.286127886881
call,885.0,2026-10-01,74.0,2.6917004927758925e-05,1104.0477523250995
call,890.0,2026-10-01,45.0,2.4770638242460955e-05,617.8444000960868
call,895.0,2026-10-01,45.0,2.2924978731896218e-05,571.8088324242054
call,900.0,2026-10-01,4.0,2.1328952206487236e-05,47.288867844999196
put,500.0,2026-10-01,92.0,3.5303486358593194e-06,-180.02583225135615
put,505.0,2026-10-01,30.0,3.5948229037642974e-06,-59.77618013412603
put,510.0,2026-10-01,101.0,3.6467818486871866e-06,-204.15525463336542
put,515.0,2026-10-01,176.0,4.1622664189945944e-06,-406.0429245464994
put,520.0,2026-10-01,166.0,4.204017220307704e-06,-386.81381683549233
put,525.0,2026-10-01,125.0,4.227756089285702e-06,-292.9202127635376
put,530.0,2026-10-01,186.0,6.187631068200835e-06,-637.9207953425635
put,535.0,2026-10-01,113.0,6.246365346881102e-06,-391.232774904847
put,540.0,2026-10-01,419.0,7.131082656929611e-06,-1656.147058420662
put,545.0,2026-10-01,250.0,7.1671485533753624e-06,-993.1522229880087
put,550.0,2026-10-01,201.0,8.186598539424693e-06,-912.0716469014727
put,555.0,2026-10-01,149.0,8.188892668331291e-06,-676.3022798384495
put,560.0,2026-10-01,1216.0,8.738888558978996e-06,-5890.05269559471
put,565.0,2026-10-01,137.0,9.315354559005668e-06,-707.3744363711893
put,570.0,2026-10-01,114.0,9.918330763782668e-06,-626.7189735078649
put,575.0,2026-10-01,131.0,1.0547592699132594e-05,-765.868223680714
put,580.0,2026-10-01,228.0,1.1202583727384341e-05,-1415.7365672657997
put,585.0,2026-10-01,324.0,1.1882332125416278e-05,-2133.91001482304
put,590.0,2026-10-01,294.0,1.3648184676660338e-05,-2224.0862490998857
put,595.0,2026-10-01,324.0,1.4472136972685935e-05,-2599.0047825584916
put,600.0,2026-10-01,100.0,1.5323973996148656e-05,-849.3776137578776
put,605.0,2026-10-01,44.0,1.6200753144425583e-05,-395.109330135542
put,610.0,2026-10-01,24.0,3.5926175482714366e-05,-477.91606867446694
put,615.0,2026-10-01,103.0,3.887380900674295e-05,-2219.3394111951025
put,620.0,2026-10-01,37.0,4.208339214249218e-05,-863.0617453507784
put,625.0,2026-10-01,73.0,4.558372467362449e-05,-1844.4295564860258
put,630.0,2026-10-01,94.0,4.940775031815299e-05,-2574.2595786386414
put,635.0,2026-10-01,69.0,5.359330585936035e-05,-2049.694056933638
put,640.0,2026-10-01,144.0,7.246630797813706e-05,-5783.996635588627
put,645.0,2026-10-01,15.0,8.124615593645032e-05,-675.49709435992
put,650.0,2026-10-01,60.0,9.143896316649074e-05,-3040.968681819797
put,655.0,2026-10-01,332.0,0.00010097012072325215,-18580.626927328773
put,660.0,2026-10-01,8793.0,0.00013525350637324238,-659196.6780369674
put,665.0,2026-10-01,77.0,0.00017447823261138276,-7446.657556137445
put,666.0,2026-10-01,1.0,0.00017887551020332135,-99.1471625143745
put,667.0,2026-10-01,20.0,0.00018342865097768,-2033.4175704214244
put,668.0,2026-10-01,39.0,0.00018814538275849446,-4067.1255218772358
put,670.0,2026-10-01,102.0,0.00022228007372575897,-12566.956393142676
put,671.0,2026-10-01,2.0,0.00022841650722557456,-253.21351745823657
put,672.0,2026-10-01,47.0,0.00023479530922811581,-6116.692926796006
put,673.0,2026-10-01,14.0,0.0002414298054918913,-1873.4768212369563
put,674.0,2026-10-01,14.0,0.0002720026564733879,-2110.7198060302694
put,675.0,2026-10-01,53.0,0.0002801005610108412,-8228.473076058153
put,676.0,2026-10-01,19.0,0.0002885468153457219,-3038.7802179840814
put,677.0,2026-10-01,32.0,0.00029736216894494014,-5274.303274986996
put,678.0,2026-10-01,30.0,0.00030656896389551745,-5097.753658507452
put,679.0,2026-10-01,71.0,0.00034246344631971143,-13477.271449578537
put,680.0,2026-10-01,289.0,0.0003496321287724772,-56006.51910202781
put,681.0,2026-10-01,96.0,0.00039490989242452277,-21013.51237445161
put,682.0,2026-10-01,62.0,0.0004039176093272565,-13880.780315593473
put,683.0,2026-10-01,65.0,0.00045112626252002486,-16253.274542125728
put,684.0,2026-10-01,278.0,0.0004622222169422136,-71223.77957751506
put,685.0,2026-10-01,304.0,0.00047374113285645735,-79825.94748070797
put,687.0,2026-10-01,74.0,0.0005441424279309028,-22318.947673196937
put,688.0,2026-10-01,117.0,0.0005960779625221192,-38656.12632409135
put,689.0,2026-10-01,577.0,0.0006131021828931948,-196082.15880793094
put,690.0,2026-10-01,297.0,0.0006722860106835194,-110672.55284772966
put,691.0,2026-10-01,31.0,0.0006927114301856071,-11902.644205735209
put,692.0,2026-10-01,158.0,0.0007525681372846512,-65907.11753363498
put,693.0,2026-10-01,127.0,0.0007767854165543147,-54680.71549027812
put,694.0,2026-10-01,1038.0,0.0008450830119627065,-486212.5104208168
put,695.0,2026-10-01,645.0,0.0009195296049042432,-328741.7290412277
put,696.0,2026-10-01,332.0,0.0009909075248364606,-182347.83623695394
put,697.0,2026-10-01,77.0,0.0010683862571741526,-45598.275932675126
put,698.0,2026-10-01,524.0,0.001147046701407464,-333151.51418692956
put,699.0,2026-10-01,228.0,0.0012323354315305463,-155737.49556455485
put,700.0,2026-10-01,1113.0,0.001324873715391544,-817333.0349486329
put,701.0,2026-10-01,583.0,0.0014188536583355478,-458496.0127456393
put,702.0,2026-10-01,439.0,0.001520771210586176,-370047.78314366715
put,703.0,2026-10-01,207.0,0.0016677235212293887,-191347.94552752652
put,704.0,2026-10-01,533.0,0.0017822878441537903,-526543.7453251362
put,705.0,2026-10-01,388.0,0.0019472024723489413,-418766.79879158543
put,706.0,2026-10-01,132.0,0.0020759319625869074,-151885.54751114734
put,707.0,2026-10-01,104.0,0.002297089026796523,-132416.03232468347
put,708.0,2026-10-01,537.0,0.0024915409818534956,-741603.4216108595
put,709.0,2026-10-01,851.0,0.002693675655481257,-1270586.5845939443
put,710.0,2026-10-01,505.0,0.0029141593275053,-815706.7850976822
put,711.0,2026-10-01,237.0,0.003187888236482087,-418775.086819376
put,712.0,2026-10-01,199.0,0.003475228720394783,-383323.8781455724
put,713.0,2026-10-01,47.0,0.003776823186355446,-98390.66949712798
put,714.0,2026-10-01,113.0,0.004137180387110568,-259126.7838566899
put,715.0,2026-10-01,723.0,0.004478197962141848,-1794613.7439819577
put,716.0,2026-10-01,121.0,0.004923908800942862,-330236.273540821
put,717.0,2026-10-01,130.0,0.005346672372001054,-385262.13687270886
put,718.0,2026-10-01,129.0,0.0058424060354851795,-417744.6058555802
put,719.0,2026-10-01,125.0,0.006394634628420888,-443052.4600624734
put,720.0,2026-10-01,715.0,0.006978150369801854,-2765513.416030626
put,721.0,2026-10-01,68.0,0.007588643983141984,-286024.01292131154
put,722.0,2026-10-01,53.0,0.00826761960801241,-242876.64795140308
put,723.0,2026-10-01,92.0,0.009013566475076113,-459635.85288610624
put,724.0,2026-10-01,100.0,0.00981756821726762,-544168.416585915
put,725.0,2026-10-01,1365.0,0.010689158932751436,-8087337.9207555475
put,726.0,2026-10-01,354.0,0.011594640350684457,-2275044.7738920636
put,727.0,2026-10-01,274.0,0.01254893045269817,-1905841.060543839
put,728.0,2026-10-01,237.0,0.013613886518843942,-1788380.2962833387
put,729.0,2026-10-01,225.0,0.014700752925385753,-1833375.8265009858
put,730.0,2026-10-01,1547.0,0.015833905390649623,-13577123.346413495
put,731.0,2026-10-01,260.0,0.017012534001636166,-2451725.015885703
put,732.0,2026-10-01,261.0,0.018222356655702817,-2636176.3171078633
put,733.0,2026-10-01,156.0,0.01946643411578568,-1683218.15505577
put,734.0,2026-10-01,318.0,0.020709951638613836,-3650359.2606129344
put,735.0,2026-10-01,813.0,0.021965782232226793,-9898437.004171995
put,736.0,2026-10-01,776.0,0.023207878197968077,-9982206.778922495
put,737.0,2026-10-01,476.0,0.02441844195544027,-6442498.213155835
put,738.0,2026-10-01,330.0,0.02558553570366176,-4679913.851649157
put,739.0,2026-10-01,894.0,0.026692032793004868,-13226610.748906353
put,740.0,2026-10-01,4214.0,0.027691457870118816,-64679961.99735408
put,741.0,2026-10-01,520.0,0.028645358574564947,-8256329.386265742
put,742.0,2026-10-01,324.0,0.029453969938413795,-5289544.237989901
put,743.0,2026-10-01,393.0,0.03009753046429151,-6556209.417081135
put,744.0,2026-10-01,315.0,0.030617123401666276,-5345697.046207276
put,745.0,2026-10-01,301.0,0.030943010878844324,-5162481.041509244
put,746.0,2026-10-01,106.0,0.03106716238714636,-1825310.9406822366
put,747.0,2026-10-01,178.0,0.03103726483544566,-3062195.038390651
put,748.0,2026-10-01,81.0,0.030685150469668833,-1377662.002762868
put,749.0,2026-10-01,36.0,0.030222660153560885,-603065.6505209076
put,750.0,2026-10-01,446.0,0.02964795872358235,-7329241.976090419
put,751.0,2026-10-01,10.0,0.0287601905992688,-159412.05635410358
put,755.0,2026-10-01,6.0,0.023357206060213947,-77678.62808614141
put,757.0,2026-10-01,1.0,0.020400104560865117,-11307.375056022456
put,760.0,2026-10-01,3.0,0.015773221654619862,-26228.355726084334
put,761.0,2026-10-01,1.0,0.014397757286343198,-7980.39250811363
put,765.0,2026-10-01,2.0,0.009903734634445743,-10978.88901822849
put,767.0,2026-10-01,0.0,0.008125629856969794,-0.0
put,770.0,2026-10-01,0.0,0.009528760881231467,-0.0
call,490.0,2026-10-02,0.0,8.026808343525518e-05,0.0
call,495.0,2026-10-02,45.0,8.412631626239953e-05,2098.330002427584
call,515.0,2026-10-02,0.0,0.00010497513147035056,0.0
call,525.0,2026-10-02,0.0,0.00011759165786710416,0.0
call,540.0,2026-10-02,0.0,0.00015748431724513253,0.0
call,545.0,2026-10-02,4.0,0.0001474952992193056,327.01492530040605
call,550.0,2026-10-02,1.0,0.00015677369450876137,86.89656258573989
call,555.0,2026-10-02,93.0,0.00016573147930701467,8543.136777834057
call,560.0,2026-10-02,0.0,0.0001762449864238685,0.0
call,565.0,2026-10-02,11.0,0.00018804730344813982,1146.5399700376688
call,570.0,2026-10-02,1.0,0.00019895396977027895,110.27625610276266
call,575.0,2026-10-02,10.0,0.00024150021681447757,1338.5880055098285
call,580.0,2026-10-02,88.0,0.0002563783333327946,12505.279309097059
call,585.0,2026-10-02,10.0,0.0002451732688367127,1358.9470074413034
call,590.0,2026-10-02,2.0,0.0002633189513680693,291.9049883880626
call,595.0,2026-10-02,6.0,0.00031628741544378837,1051.8712062242212
call,600.0,2026-10-02,99.0,0.000339970171866757,18655.436433630057
call,605.0,2026-10-02,16.0,0.00032738456151766836,2903.4047456664575
call,610.0,2026-10-02,169.0,0.00039561702556265737,37058.77694779831
call,615.0,2026-10-02,1.0,0.0003846623703001231,213.2107547755448
call,620.0,2026-10-02,103.0,0.0004195720038773509,23953.72894582032
call,625.0,2026-10-02,116.0,0.000503953101012666,32402.42509483879
call,630.0,2026-10-02,248.0,0.0008339730711724318,114639.19099091539
call,635.0,2026-10-02,6.0,0.0005484455373106032,1823.9551771914328
call,640.0,2026-10-02,10.0,0.0006034035904810834,3344.546929827525
call,645.0,2026-10-02,20.0,0.0007655456161485768,8486.536310104744
call,650.0,2026-10-02,31.0,0.001551292653485136,26655.37727370404
call,655.0,2026-10-02,30.0,0.0016890560973950146,28086.31307784399
call,660.0,2026-10-02,85.0,0.0018487755445996583,87102.88053963971
call,665.0,2026-10-02,18.0,0.0020305426035041136,20258.8139143064
call,670.0,2026-10-02,66.0,0.0022980442382111188,84068.1953012034
call,675.0,2026-10-02,29.0,0.002547194752566858,40943.932583291935
call,676.0,2026-10-02,1.0,0.002535006488489454,1405.1040301915566
call,677.0,2026-10-02,2.0,0.0025922252767940253,2873.638548955423
call,678.0,2026-10-02,1.0,0.002647302608756914,1467.3475518074345
call,679.0,2026-10-02,0.0,0.00277403000571596,0.0
call,680.0,2026-10-02,58.0,0.002771123047844661,89086.76899292585
call,681.0,2026-10-02,0.0,0.0028322153716946468,0.0
call,682.0,2026-10-02,37.0,0.002966469314325034,60837.44806697212
call,683.0,2026-10-02,2.0,0.0030324248003294808,3361.6263528656496
call,684.0,2026-10-02,1.0,0.0031077688152940973,1722.574875883416
call,685.0,2026-10-02,38.0,0.0031110743835143684,65527.46930839173
call,686.0,2026-10-02,12.0,0.0031838211377163603,21176.7501140245
call,687.0,2026-10-02,0.0,0.0033358038072032717,0.0
call,688.0,2026-10-02,17.0,0.003418560726568124,32212.291800760147
call,689.0,2026-10-02,5.0,0.003504455408156956,9712.252098735447
call,690.0,2026-10-02,114.0,0.0035156482571104533,222146.6010144101
call,691.0,2026-10-02,10.0,0.0036818181449521105,20407.59081838592
call,692.0,2026-10-02,15.0,0.0037703107686478878,31347.13193135765
call,693.0,2026-10-02,11.0,0.003880525594845358,23659.885665265127
call,694.0,2026-10-02,91.0,0.003983817721331002,200941.78491057383
call,695.0,2026-10-02,262.0,0.0035233291846684463,511662.88670330454
call,696.0,2026-10-02,9.0,0.004129538172253616,20600.293054511498
call,697.0,2026-10-02,26.0,0.004245782642891661,61187.19008343892
call,698.0,2026-10-02,10.0,0.0043676880961005865,24209.232498286572
call,699.0,2026-10-02,78.0,0.00449825350475271,194476.86001986128
call,700.0,2026-10-02,661.0,0.004706120189344275,1724224.7630277427
call,701.0,2026-10-02,23.0,0.0048469014760078,61790.46052248036
call,702.0,2026-10-02,135.0,0.004994023827288744,373691.98469190084
call,703.0,2026-10-02,127.0,0.005075603154355274,357289.93633269734
call,704.0,2026-10-02,209.0,0.0052377800890660445,606768.3939574228
call,705.0,2026-10-02,1308.0,0.005478697234554002,3972047.6440785145
call,706.0,2026-10-02,146.0,0.005653902291491195,457541.57083808363
call,707.0,2026-10-02,515.0,0.0058402528937695755,1667125.4695212392
call,708.0,2026-10-02,298.0,0.005969032728643712,985938.052021064
call,709.0,2026-10-02,499.0,0.006239637815513888,1725795.4961379534
call,710.0,2026-10-02,1630.0,0.0055543459401251796,5018222.737734884
call,711.0,2026-10-02,529.0,0.0066290725033367505,1943738.537176921
call,712.0,2026-10-02,502.0,0.006864365605668649,1910000.7065687128
call,713.0,2026-10-02,248.0,0.007119778084250232,978695.3893677193
call,714.0,2026-10-02,331.0,0.006631967395702784,1216745.588753138
call,715.0,2026-10-02,2304.0,0.00696933482848909,8900270.556062145
call,716.0,2026-10-02,330.0,0.007332856381894679,1341270.9646283237
call,717.0,2026-10-02,471.0,0.007718045504655934,2014919.250352904
call,718.0,2026-10-02,1030.0,0.008129872785541403,4641414.757639227
call,719.0,2026-10-02,507.0,0.008563188977839968,2406428.1094092317
call,720.0,2026-10-02,1890.0,0.009025005302469725,9454502.349125024
call,721.0,2026-10-02,371.0,0.009516386593958813,1956930.4470869675
call,722.0,2026-10-02,569.0,0.010031479671209424,3163782.8531558625
call,723.0,2026-10-02,492.0,0.010576070407611849,2884156.619177959
call,724.0,2026-10-02,544.0,0.01114891547442889,3361715.2690790505
call,725.0,2026-10-02,34283.0,0.01174910720068619,223261114.95572874
call,726.0,2026-10-02,684.0,0.012376687961771623,4692345.129173972
call,727.0,2026-10-02,690.0,0.013032511727619718,4984328.062373963
call,728.0,2026-10-02,609.0,0.013710677522881848,4628130.67891687
call,729.0,2026-10-02,472.0,0.014411357421893598,3770303.3350731665
call,730.0,2026-10-02,2792.0,0.015133088458872061,23419217.97548198
call,731.0,2026-10-02,1230.0,0.01587396615657688,10822309.893603535
call,732.0,2026-10-02,4790.0,0.016621273113349447,44129519.96544507
call,733.0,2026-10-02,359.0,0.0173813441346995,3458654.7422619015
call,734.0,2026-10-02,538.0,0.018137369294531684,5408613.845760455
call,735.0,2026-10-02,3309.0,0.01910731390480743,35044979.46290283
call,736.0,2026-10-02,704.0,0.020036792040592187,7818622.663426044
call,737.0,2026-10-02,735.0,0.02079545574934211,8471985.152532823
call,738.0,2026-10-02,723.0,0.021547645647134586,8635103.082916338
call,739.0,2026-10-02,410.0,0.022237166224423077,5053505.04220756
call,740.0,2026-10-02,3248.0,0.022876122628396053,41183935.08492957
call,741.0,2026-10-02,1757.0,0.023485684929075587,22872013.358538546
call,742.0,2026-10-02,1666.0,0.02400763654162346,22169393.33447751
call,743.0,2026-10-02,1044.0,0.024424246781125834,14133544.226827905
call,744.0,2026-10-02,2286.0,0.024799594031479237,31423184.960718352
call,745.0,2026-10-02,16982.0,0.02505603547431006,235847130.13313988
call,746.0,2026-10-02,1286.0,0.02518934199588042,17955073.845552355
call,747.0,2026-10-02,945.0,0.02522603930166352,13213269.125250908
call,748.0,2026-10-02,1175.0,0.025130246967008364,16366809.496436289
call,749.0,2026-10-02,931.0,0.024936585489265452,12868148.717236014
call,750.0,2026-10-02,3129.0,0.024710280253246786,42856099.1698269
call,751.0,2026-10-02,893.0,0.024225754108258637,11991076.339902764
call,752.0,2026-10-02,6736.0,0.023703860447650153,88501486.29676987
call,753.0,2026-10-02,477.0,0.023058807143326792,6096556.742126065
call,754.0,2026-10-02,643.0,0.02232986103491023,7958411.615283679
call,755.0,2026-10-02,4801.0,0.021519430303604755,57265344.796198726
call,756.0,2026-10-02,894.0,0.020632610119364698,10224005.975831911
call,757.0,2026-10-02,886.0,0.019667458556019778,9658537.48693162
call,758.0,2026-10-02,581.0,0.01865158153934664,6006496.1048227
call,759.0,2026-10-02,1638.0,0.01759876018309763,15978108.82773498
call,760.0,2026-10-02,3283.0,0.016522736123377294,30066456.97293813
call,761.0,2026-10-02,418.0,0.015428211814314564,3574549.196423334
call,762.0,2026-10-02,696.0,0.01433236888710253,5529127.710845447
call,763.0,2026-10-02,548.0,0.013252580716485406,4025412.7764679333
call,764.0,2026-10-02,596.0,0.01218855471559222,4026501.5923186922
call,765.0,2026-10-02,3510.0,0.011141009602577065,21675097.973068547
call,766.0,2026-10-02,361.0,0.010154535074197075,2031873.4244810604
call,767.0,2026-10-02,384.0,0.009203488825595895,1958903.841455424
call,768.0,2026-10-02,218.0,0.008309473578324063,1004059.4061348848
call,769.0,2026-10-02,160.0,0.007467358587601333,662241.5015640502
call,770.0,2026-10-02,4097.0,0.006628937837941785,15053563.352434065
call,771.0,2026-10-02,245.0,0.005906152219983948,802047.5646125355
call,772.0,2026-10-02,327.0,0.005199363947058473,942382.8527322141
call,773.0,2026-10-02,168.0,0.004579082966993782,426400.0022882972
call,774.0,2026-10-02,176.0,0.004032622284250268,393395.7082650865
call,775.0,2026-10-02,1661.0,0.0035104677801285336,3231945.4945445233
call,780.0,2026-10-02,2402.0,0.0017617429885475823,2345551.424595218
call,785.0,2026-10-02,1989.0,0.0009510990510276384,1048551.9099391624
call,790.0,2026-10-02,345.0,0.0005875542022178717,112356.04308238602
call,795.0,2026-10-02,310.0,0.0004051977036859578,69623.85619452837
call,800.0,2026-10-02,3339.0,0.00033802508251649504,625597.1343660917
call,805.0,2026-10-02,282.0,0.00023042982510663987,36017.80170105322
call,810.0,2026-10-02,210.0,0.00020321553064120708,23654.05457681509
call,815.0,2026-10-02,65.0,0.00017569237868123827,6329.883012604542
call,820.0,2026-10-02,284.0,0.00015441467261747584,24307.27694915148
call,825.0,2026-10-02,95.0,0.0001376431770669235,7247.824986567619
call,830.0,2026-10-02,219.0,8.248133853603656e-05,10012.193150755487
call,835.0,2026-10-02,175.0,7.651947734626298e-05,7422.316130837297
call,840.0,2026-10-02,46.0,7.15736731281704e-05,1824.9061780054262
call,845.0,2026-10-02,23.0,6.320576936166182e-05,805.775321794158
call,850.0,2026-10-02,106.0,5.640404735148689e-05,3313.946843501363
call,860.0,2026-10-02,85.0,4.9043661107869605e-05,2310.6342828817455
call,870.0,2026-10-02,67.0,4.130536281440591e-05,1533.9480374163443
call,880.0,2026-10-02,43.0,3.7689702316896335e-05,898.2982777732999
call,885.0,2026-10-02,142.0,3.529621965535138e-05,2778.0876385564766
call,890.0,2026-10-02,199.0,3.322207135224835e-05,3664.453264913769
call,895.0,2026-10-02,84.0,2.9871171351787803e-05,1390.7880272715897
call,905.0,2026-10-02,95.0,2.5816713504294637e-05,1359.4209694571869
call,920.0,2026-10-02,1.0,2.2997719977539525e-05,12.747181978580603
call,950.0,2026-10-02,5.0,8.768728634947997e-06,24.301665499805676
put,450.0,2026-10-02,1048.0,2.941314867282695e-06,-1708.567751484545
put,455.0,2026-10-02,145.0,3.0119685857998735e-06,-242.07383160574858
put,460.0,2026-10-02,120.0,3.074349202865707e-06,-204.4861253702046
put,465.0,2026-10-02,349.0,3.1271519982066104e-06,-604.9281883825319
put,470.0,2026-10-02,233.0,3.517708777940044e-06,-454.30258470126597
put,475.0,2026-10-02,11559.0,3.5622949598899646e-06,-22823.35809554337
put,480.0,2026-10-02,94.0,3.593650323597998e-06,-187.23760357898905
put,485.0,2026-10-02,348.0,4.032470657236156e-06,-777.8213577156613
put,490.0,2026-10-02,207.0,5.594337224550152e-06,-641.8719415294486
put,495.0,2026-10-02,421.0,5.647860782013206e-06,-1317.939525898399
put,500.0,2026-10-02,2091.0,6.330032200362818e-06,-7336.507337628095
put,505.0,2026-10-02,262.0,6.361334724385956e-06,-923.8020967579781
put,510.0,2026-10-02,225.0,6.736511842552181e-06,-840.1309803490012
put,515.0,2026-10-02,250.0,7.123199079028316e-06,-987.0621415808963
put,520.0,2026-10-02,354.0,7.520590150331734e-06,-1475.6541643903877
put,525.0,2026-10-02,176.0,7.927672580602524e-06,-773.3708118214342
put,530.0,2026-10-02,349.0,8.343197720115872e-06,-1613.9399316187344
put,535.0,2026-10-02,163.0,8.76564686234869e-06,-791.9558642867187
put,540.0,2026-10-02,701.0,9.193193040789483e-06,-3572.0193411998853
put,545.0,2026-10-02,345.0,9.623658083856403e-06,-1840.3002449788846
put,550.0,2026-10-02,476.0,1.0750944538368454e-05,-2836.5012437963887
put,555.0,2026-10-02,216.0,1.0482582035086516e-05,-1255.0222492675048
put,560.0,2026-10-02,239.0,1.1706274809931973e-05,-1550.7651058440533
put,565.0,2026-10-02,510.0,1.2175300040884808e-05,-3441.749458748188
put,570.0,2026-10-02,238.0,1.6836279599541026e-05,-2221.020109189833
put,575.0,2026-10-02,378.0,1.4113177266876542e-05,-2956.9637501883285
put,580.0,2026-10-02,331.0,1.4603104370143649e-05,-2679.184284890633
put,585.0,2026-10-02,195.0,1.6329654843052592e-05,-1764.9850079200758
put,590.0,2026-10-02,574.0,2.1408354597852047e-05,-6811.214951548412
put,595.0,2026-10-02,262.0,2.2226312114201648e-05,-3227.736728832282
put,600.0,2026-10-02,759.0,2.4988259742498213e-05,-10512.528632566866
put,605.0,2026-10-02,348.0,4.147469830635158e-05,-8000.034938779859
put,610.0,2026-10-02,267.0,4.368768662097728e-05,-6465.4642372065855
put,615.0,2026-10-02,695.0,4.778736636127785e-05,-18408.877394631618
put,620.0,2026-10-02,1025.0,5.233830791800866e-05,-29735.342657305097
put,625.0,2026-10-02,990.0,5.7406374555198684e-05,-31501.027443648676
put,630.0,2026-10-02,755.0,7.434305544759851e-05,-31111.199956240365
put,635.0,2026-10-02,778.0,8.226131292763193e-05,-35473.54881179801
put,640.0,2026-10-02,2177.0,9.12636389102083e-05,-110124.92215073759
put,645.0,2026-10-02,1357.0,0.00011544245069205652,-86830.99737378921
put,650.0,2026-10-02,2635.0,0.0001468022723535914,-214408.89658158857
put,655.0,2026-10-02,4798.0,0.00016257548866812656,-432359.2112486328
put,660.0,2026-10-02,3187.0,0.0002056296945206458,-363243.0369359247
put,665.0,2026-10-02,5453.0,0.0002515001090041714,-760156.6155814151
put,670.0,2026-10-02,7536.0,0.0003370412047917258,-1407839.9745890235
put,675.0,2026-10-02,2612.0,0.000437358182509107,-633198.4351586914
put,676.0,2026-10-02,371.0,0.00047567003174878614,-97815.82102674851
put,677.0,2026-10-02,707.0,0.0004886053002225674,-191472.7574467936
put,678.0,2026-10-02,521.0,0.0005315637391552128,-153504.98204177068
put,679.0,2026-10-02,178.0,0.000546687644840815,-53937.23327286151
put,680.0,2026-10-02,2782.0,0.0005894645362080491,-908958.8274785688
put,681.0,2026-10-02,179.0,0.0006069590517615527,-60220.14927607799
put,682.0,2026-10-02,416.0,0.0006489061945562706,-149625.1693020025
put,683.0,2026-10-02,995.0,0.0006689488843520553,-368931.2290815989
put,684.0,2026-10-02,400.0,0.0007191043632476108,-159434.13849479062
put,685.0,2026-10-02,6121.0,0.000773024212412767,-2622677.4407723863
put,686.0,2026-10-02,887.0,0.0008237484303364183,-404993.09999682807
put,687.0,2026-10-02,1214.0,0.0008780649269914834,-590846.5733603725
put,688.0,2026-10-02,669.0,0.000908459247696462,-336868.9416628366
put,689.0,2026-10-02,1856.0,0.0009652498323958811,-992995.1125742442
put,690.0,2026-10-02,39463.0,0.0010260338872096527,-22443015.3388641
put,691.0,2026-10-02,148.0,0.0010956873446360523,-89883.04258539267
put,692.0,2026-10-02,210.0,0.0011608424759062248,-135120.7321287435
put,693.0,2026-10-02,347.0,0.00123556287859487,-237642.2911296846
put,694.0,2026-10-02,517.0,0.0013051531843647093,-374008.4674253891
put,695.0,2026-10-02,2382.0,0.0014181526518039665,-1872380.6431973162
put,696.0,2026-10-02,289.0,0.00149957264336815,-240212.03140152586
put,697.0,2026-10-02,539.0,0.0015867127718109005,-474041.63444043347
put,698.0,2026-10-02,830.0,0.001711705263621501,-787474.4698005463
put,699.0,2026-10-02,840.0,0.0018397039234173762,-856557.7025021219
put,700.0,2026-10-02,9355.0,0.0019428301097855238,-10074140.918065634
put,701.0,2026-10-02,412.0,0.002082275226275565,-475515.58159139665
put,702.0,2026-10-02,549.0,0.002228533481988322,-678142.4204458918
put,703.0,2026-10-02,725.0,0.002381941939811173,-957190.946065916
put,704.0,2026-10-02,480.0,0.002542879104260503,-676544.4795020582
put,705.0,2026-10-02,8546.0,0.002745867929838055,-13006844.178930178
put,706.0,2026-10-02,686.0,0.002924589086160653,-1112034.791299537
put,707.0,2026-10-02,613.0,0.003144494320251867,-1068416.7630450572
put,708.0,2026-10-02,753.0,0.003376426714941877,-1409229.4426794907
put,709.0,2026-10-02,1092.0,0.0036162453322454487,-2188819.396565628
put,710.0,2026-10-02,4664.0,0.0039046913814842926,-10094264.021635538
put,711.0,2026-10-02,1193.0,0.004204215689679542,-2780064.272170692
put,712.0,2026-10-02,596.0,0.004515466027619214,-1491688.8486385501
put,713.0,2026-10-02,615.0,0.004839258990146286,-1649617.9949669142
put,714.0,2026-10-02,678.0,0.0052148754481816965,-1959760.672718895
put,715.0,2026-10-02,32188.0,0.005600907150087871,-99926751.66857073
put,716.0,2026-10-02,713.0,0.006037208963643296,-2385915.959587029
put,717.0,2026-10-02,1423.0,0.006492413406038178,-5120831.31621652
put,718.0,2026-10-02,1165.0,0.006989793660849759,-4513564.833118616
put,719.0,2026-10-02,1394.0,0.0075091522913105545,-5802071.684186067
put,720.0,2026-10-02,4870.0,0.00807041020622097,-21784819.96526168
put,721.0,2026-10-02,1834.0,0.008657060029056227,-8800334.186410317
put,722.0,2026-10-02,1355.0,0.009287617175443795,-6975462.453227076
put,723.0,2026-10-02,650.0,0.00995944071291657,-3588208.837340124
put,724.0,2026-10-02,1136.0,0.010671637877797685,-6719528.733886032
put,725.0,2026-10-02,27712.0,0.011422417316211709,-175450777.6639737
put,726.0,2026-10-02,794.0,0.012205739368151688,-5371727.813120685
put,727.0,2026-10-02,905.0,0.013022789667368662,-6532538.976836501
put,728.0,2026-10-02,649.0,0.013869158164386204,-4989122.895064947
put,729.0,2026-10-02,893.0,0.014745397238262974,-7298562.6435433235
put,730.0,2026-10-02,49652.0,0.015647000740065305,-430623031.52595925
put,731.0,2026-10-02,1048.0,0.016564187494083008,-9621899.68056003
put,732.0,2026-10-02,1921.0,0.01751966613236619,-18654456.25855154
put,733.0,2026-10-02,732.0,0.01844622349127759,-7484244.23359649
put,734.0,2026-10-02,667.0,0.019392841256421774,-7169628.956179789
put,735.0,2026-10-02,4160.0,0.020361352954133237,-46949326.55194167
put,736.0,2026-10-02,662.0,0.021229567423131764,-7789840.019409687
put,737.0,2026-10-02,846.0,0.022128257673264394,-10376406.741140392
put,738.0,2026-10-02,458.0,0.022984180597885644,-5834772.234471273
put,739.0,2026-10-02,600.0,0.02376457105043928,-7903339.429788147
put,740.0,2026-10-02,3994.0,0.02451638105665423,-54274249.609783225
put,741.0,2026-10-02,653.0,0.025201316389540925,-9121490.542516667
put,742.0,2026-10-02,614.0,0.02577483492440878,-8771899.914604558
put,743.0,2026-10-02,383.0,0.026265779367546625,-5575944.854892529
put,744.0,2026-10-02,338.0,0.026660386714608575,-4994736.124885233
put,745.0,2026-10-02,1334.0,0.02692323276228235,-19907303.592505593
put,746.0,2026-10-02,363.0,0.027077271125973548,-5448047.96907513
put,747.0,2026-10-02,348.0,0.027073435333137795,-5222182.135674037
put,748.0,2026-10-02,197.0,0.02696025664628004,-2943876.94541096
put,749.0,2026-10-02,123.0,0.026693258772776025,-1819852.1759443455
put,750.0,2026-10-02,650.0,0.0263027728020104,-9476419.864854492
put,751.0,2026-10-02,47.0,0.025762290511948206,-671137.8548001582
put,752.0,2026-10-02,93.0,0.025080352582296107,-1292843.6012445004
put,753.0,2026-10-02,26.0,0.024286374238504486,-349997.89719730744
put,754.0,2026-10-02,16.0,0.023396458037077954,-207491.11375849723
put,755.0,2026-10-02,78.0,0.02228092001317928,-963290.1653805311
put,756.0,2026-10-02,12.0,0.02124865226549411,-141332.4994785737
put,757.0,2026-10-02,29.0,0.02011018752185641,-323253.7132476821
put,758.0,2026-10-02,17.0,0.01891075743197492,-178191.6090704351
put,759.0,2026-10-02,5.0,0.017684054148517755,-49009.60977226979
put,760.0,2026-10-02,21.0,0.016457816213515063,-191567.09219090483
put,761.0,2026-10-02,15.0,0.01517039990377926,-126129.79576900117
put,764.0,2026-10-02,24.0,0.01145289950781659,-152354.78405801897
put,765.0,2026-10-02,113.0,0.010351034573732673,-648323.2655354524
put,766.0,2026-10-02,4.0,0.009246309232966368,-20500.186372903627
put,767.0,2026-10-02,1.0,0.00814293122787624,-4513.46595672005
put,768.0,2026-10-02,3.0,0.007279655364014137,-12104.90758523879
put,770.0,2026-10-02,62.0,0.006068331837768109,-208540.50226350615
put,772.0,2026-10-02,0.0,0.004252726066103394,-0.0
put,774.0,2026-10-02,0.0,0.0032611272836165395,-0.0
put,775.0,2026-10-02,0.0,0.002981796781795456,-0.0
put,780.0,2026-10-02,0.0,0.002236671290487549,-0.0
put,785.0,2026-10-02,0.0,0.005526219560336031,-0.0
put,790.0,2026-10-02,0.0,0.004782028760086047,-0.0
put,795.0,2026-10-02,0.0,0.0,-0.0
call,680.0,2026-10-05,3.0,0.0029833844174567063,4960.8931822620225
call,690.0,2026-10-05,3.0,0.003739602210382239,6218.36294421366
call,692.0,2026-10-05,3.0,0.003926493947741523,6529.134140932974
call,695.0,2026-10-05,35.0,0.0042348316103160335,82154.92332858557
call,696.0,2026-10-05,1.0,0.004348832519058713,2410.471975871993
call,700.0,2026-10-05,6.0,0.004837000693170583,16086.323720764583
call,705.0,2026-10-05,2.0,0.0055801922735164745,6185.98073682556
call,710.0,2026-10-05,8.0,0.006505892273450696,28848.700766410562
call,714.0,2026-10-05,1.0,0.007405836613788733,4104.908969749972
call,715.0,2026-10-05,94.0,0.0074609672257826215,388733.87723996816
call,720.0,2026-10-05,71.0,0.009226062668680295,363081.5268983365
call,724.0,2026-10-05,1.0,0.010403870370666432,5766.659870020583
call,725.0,2026-10-05,172.0,0.010781742150346958,1027890.358339134
call,726.0,2026-10-05,4.0,0.01112853918487187,24673.317926102303
call,728.0,2026-10-05,8.0,0.012938363986743183,57371.83700130407
call,730.0,2026-10-05,232.0,0.0139706355214475,1796526.1850809378
call,732.0,2026-10-05,31.0,0.015055129690126467,258687.59250119736
call,733.0,2026-10-05,22.0,0.015644445454826756,190770.95703188024
call,735.0,2026-10-05,207.0,0.017279667066091797,1982600.0835311965
call,736.0,2026-10-05,52.0,0.01785871267815098,514734.0498520321
call,737.0,2026-10-05,120.0,0.018415171124046455,1224859.87853151
call,738.0,2026-10-05,50.0,0.018965692236344943,525615.4317092167
call,739.0,2026-10-05,106.0,0.019463596523114066,1143558.4375534644
call,740.0,2026-10-05,547.0,0.019948720152528868,6048278.331548085
call,741.0,2026-10-05,155.0,0.02036488827118333,1749617.5811369023
call,742.0,2026-10-05,206.0,0.020766102070111675,2371109.4908710853
call,743.0,2026-10-05,136.0,0.02111534248856467,1591719.1546220258
call,744.0,2026-10-05,130.0,0.021386205607274958,1541013.6807717294
call,745.0,2026-10-05,813.0,0.02159686025220147,9732189.750141704
call,746.0,2026-10-05,79.0,0.021747296498838678,952273.6582758337
call,747.0,2026-10-05,70.0,0.02182963684689811,846981.5598235527
call,748.0,2026-10-05,137.0,0.021823900906216647,1657228.3432873997
call,749.0,2026-10-05,170.0,0.0217492484826654,2049380.410668263
call,750.0,2026-10-05,843.0,0.021604289160971585,10094782.362052767
call,751.0,2026-10-05,76.0,0.02138828558077027,900987.9251873363
call,752.0,2026-10-05,69.0,0.021075636784012045,806044.836563046
call,753.0,2026-10-05,41.0,0.020699398101261986,470403.9697310978
call,754.0,2026-10-05,39.0,0.020254700258385425,437844.4325928246
call,755.0,2026-10-05,869.0,0.01979038297850672,9532424.611257609
call,756.0,2026-10-05,30.0,0.019180700372753264,318944.5019335432
call,757.0,2026-10-05,58.0,0.018557780870479827,596600.262379417
call,758.0,2026-10-05,50.0,0.017887053829476873,495722.033418295
call,759.0,2026-10-05,16.0,0.01716846394208946,152258.2477749973
call,760.0,2026-10-05,525.0,0.016414402684861756,4776544.092477069
call,761.0,2026-10-05,73.0,0.015637957615145033,632750.2071180755
call,762.0,2026-10-05,17.0,0.014836455221173276,139800.4198547974
call,763.0,2026-10-05,61.0,0.014021059906915328,474067.3920186703
call,764.0,2026-10-05,75.0,0.013198216172091834,548663.2919565829
call,765.0,2026-10-05,697.0,0.01238110912651264,4783235.170558734
call,766.0,2026-10-05,46.0,0.011568854058014985,294969.8166965428
call,767.0,2026-10-05,35.0,0.010765844096211497,208855.31649881968
call,768.0,2026-10-05,19.0,0.009994732919049124,105257.77816002179
call,769.0,2026-10-05,38.0,0.00922621664711047,194328.56744915302
call,770.0,2026-10-05,182.0,0.008508614677815282,858340.5868807085
call,771.0,2026-10-05,38.0,0.007830012239647976,164920.8033844153
call,772.0,2026-10-05,20.0,0.007158473159908439,79356.00585384679
call,773.0,2026-10-05,50.0,0.006528608307131331,180933.93223144152
call,774.0,2026-10-05,3.0,0.005942507823210379,9881.444165628014
call,775.0,2026-10-05,303.0,0.005419504134536666,910189.004289806
call,780.0,2026-10-05,1307.0,0.0031963461151586063,2315574.68160221
call,785.0,2026-10-05,447.0,0.0018698460740888085,463279.180985136
call,790.0,2026-10-05,74.0,0.0011199961220174446,45938.58805780362
call,795.0,2026-10-05,73.0,0.000684800934646621,27708.729227699885
call,800.0,2026-10-05,28.0,0.0004943167344678673,7671.720088480928
call,805.0,2026-10-05,124.0,0.0004113641530639722,28273.36717456576
call,810.0,2026-10-05,35.0,0.00036257719635023625,7033.928266305782
call,820.0,2026-10-05,145.0,0.0002233244662557656,17948.729443167536
call,850.0,2026-10-05,81.0,8.974311988205265e-05,4029.1699528443332
call,855.0,2026-10-05,0.0,8.059630321723248e-05,0.0
call,860.0,2026-10-05,29.0,7.779797334268401e-05,1250.5345233024107
call,865.0,2026-10-05,45.0,7.090113299703745e-05,1768.4593975296527
call,870.0,2026-10-05,84.0,6.506796437379982e-05,3029.5345550484717
call,875.0,2026-10-05,40.0,6.373352944796096e-05,1413.0494654319264
call,880.0,2026-10-05,20.0,5.583434446431044e-05,618.9574881652823
put,470.0,2026-10-05,45.0,7.5133759506362904e-06,-187.4032155118202
put,475.0,2026-10-05,125.0,8.127993493231209e-06,-563.148283178321
put,480.0,2026-10-05,174.0,7.899006001416403e-06,-761.8177656916858
put,485.0,2026-10-05,40.0,8.521617697362591e-06,-188.93457550794244
put,490.0,2026-10-05,108.0,9.185473254864922e-06,-549.8632525040831
put,495.0,2026-10-05,49.0,9.351716096400731e-06,-253.99010525625906
put,500.0,2026-10-05,10.0,9.491110245321606e-06,-52.607349595544214
put,505.0,2026-10-05,120.0,1.0190943946932466e-05,-677.8366750370056
put,510.0,2026-10-05,120.0,1.093336127145799e-05,-727.2175462660863
put,515.0,2026-10-05,30.0,1.1720446385364962e-05,-194.89235857775066
put,520.0,2026-10-05,176.0,1.1794456078316456e-05,-1150.5883952117747
put,525.0,2026-10-05,50.0,1.2611014341757338e-05,-349.5018091051422
put,530.0,2026-10-05,57.0,1.3473110943404767e-05,-425.6691202133234
put,535.0,2026-10-05,86.0,1.3449780133151882e-05,-641.1254845397675
put,540.0,2026-10-05,28.0,1.4327468681419751e-05,-222.36012183292627
put,545.0,2026-10-05,171.0,1.5248903530621522e-05,-1445.3203964615716
put,550.0,2026-10-05,53.0,1.6215071987406385e-05,-476.3477902122232
put,555.0,2026-10-05,161.0,1.72267882123196e-05,-1537.3034248004715
put,560.0,2026-10-05,196.0,1.8284641660872226e-05,-1986.42388718594
put,565.0,2026-10-05,208.0,1.9388933679010982e-05,-2235.3558254218106
put,570.0,2026-10-05,125.0,2.5835778289211476e-05,-1790.0327061360886
put,575.0,2026-10-05,138.0,2.7506779780220457e-05,-2104.0121387120244
put,580.0,2026-10-05,47.0,4.213128218116947e-05,-1097.5692681493604
put,600.0,2026-10-05,64.0,5.597071621985052e-05,-1985.501605057139
put,610.0,2026-10-05,14.0,7.689765335473543e-05,-596.7199073622653
put,615.0,2026-10-05,160.0,8.309864376308045e-05,-7369.589926345789
put,640.0,2026-10-05,157.0,0.00018160957548551355,-15804.028341693178
put,645.0,2026-10-05,184.0,0.00021679755653016965,-22110.65510525941
put,650.0,2026-10-05,296.0,0.0002601743190593912,-42686.00803709847
put,655.0,2026-10-05,157.0,0.00030817987418025597,-26818.42877977933
put,660.0,2026-10-05,529.0,0.0003849692410402485,-112878.46815086647
put,665.0,2026-10-05,166.0,0.00047499968898405436,-43704.96909576065
put,670.0,2026-10-05,243.0,0.0005850641120035131,-78802.34419096245
put,675.0,2026-10-05,47.0,0.0007576508293971522,-19737.691883155163
put,680.0,2026-10-05,138.0,0.0009401153705386366,-71910.05880031774
put,685.0,2026-10-05,1523.0,0.0012100255169618754,-1021465.8137311157
put,689.0,2026-10-05,64.0,0.0014909393594954136,-52889.487418621306
put,690.0,2026-10-05,519.0,0.00155821342456959,-448253.5148658462
put,691.0,2026-10-05,80.0,0.0016578939039524122,-73515.02780449751
put,692.0,2026-10-05,610.0,0.001734245683348828,-586367.4598660856
put,693.0,2026-10-05,95.0,0.0018395814647560805,-96866.14904713482
put,694.0,2026-10-05,51.0,0.0019261013422676068,-54447.59660938865
put,695.0,2026-10-05,108.0,0.00203749929095569,-121969.32656750022
put,696.0,2026-10-05,17.0,0.002155814279761376,-20313.729724974994
put,697.0,2026-10-05,102.0,0.002277986819236243,-128789.59657362291
put,698.0,2026-10-05,58.0,0.002404149243827521,-77289.2017465497
put,699.0,2026-10-05,65.0,0.0025381896353222143,-91446.44506489737
put,700.0,2026-10-05,674.0,0.002676787013293098,-1000007.1778993501
put,701.0,2026-10-05,73.0,0.0028439539924893734,-115073.36968602208
put,702.0,2026-10-05,126.0,0.003017507570325176,-210740.65115754813
put,703.0,2026-10-05,82.0,0.003176890104745672,-144392.7702014385
put,704.0,2026-10-05,15.0,0.0033679628838951367,-28001.92963914176
put,705.0,2026-10-05,517.0,0.003584198863131691,-1027098.3818655827
put,706.0,2026-10-05,16.0,0.0037914594263006246,-33624.49725879627
put,707.0,2026-10-05,36.0,0.004030089874768589,-80416.77203913128
put,708.0,2026-10-05,127.0,0.0042741675864612465,-300874.0081524358
put,709.0,2026-10-05,25.0,0.004528801501347665,-62755.63070918397
put,710.0,2026-10-05,674.0,0.0047994413610096195,-1792998.765715067
put,711.0,2026-10-05,22.0,0.0050965142575258296,-62147.73832937959
put,712.0,2026-10-05,32.0,0.005406871105453536,-95901.49977755401
put,713.0,2026-10-05,25.0,0.0057502674370406995,-79681.49181424445
put,714.0,2026-10-05,71.0,0.006108667664623153,-240399.88266231088
put,715.0,2026-10-05,1179.0,0.006492132960360048,-4242585.613675595
put,716.0,2026-10-05,78.0,0.006894525544307355,-298076.9487017452
put,717.0,2026-10-05,111.0,0.007310512361894526,-449780.0607732677
put,718.0,2026-10-05,77.0,0.007755974957921423,-331021.7478776228
put,719.0,2026-10-05,97.0,0.00823246177498937,-442619.8241633855
put,720.0,2026-10-05,1755.0,0.008725162976313164,-8487505.580231816
put,721.0,2026-10-05,129.0,0.009254377218462631,-661707.8888534466
put,722.0,2026-10-05,119.0,0.009800028839201634,-646403.5297649872
put,723.0,2026-10-05,77.0,0.01036477564458089,-442364.26353135996
put,724.0,2026-10-05,45.0,0.010958661355666737,-273337.6300147934
put,725.0,2026-10-05,679.0,0.011574120886283783,-4355993.193879746
put,726.0,2026-10-05,71.0,0.012207985871637553,-480431.8277258689
put,727.0,2026-10-05,97.0,0.012860867374612851,-691466.9040108738
put,728.0,2026-10-05,112.0,0.013529635222008488,-839911.4744455311
put,729.0,2026-10-05,48.0,0.014210929200479627,-378088.19471875904
put,730.0,2026-10-05,946.0,0.014897866625856003,-7811683.203002432
put,731.0,2026-10-05,99.0,0.01560055701882788,-856060.9838089821
put,732.0,2026-10-05,55.0,0.0163020084442088,-496973.4723776991
put,733.0,2026-10-05,151.0,0.016992318506287105,-1422194.489011411
put,734.0,2026-10-05,44.0,0.01768293706111552,-431257.3220986526
put,735.0,2026-10-05,553.0,0.018370456133114787,-5630856.702996525
put,736.0,2026-10-05,206.0,0.01903624431657362,-2173591.33732341
put,737.0,2026-10-05,52.0,0.019693493539615685,-567617.1551706014
put,738.0,2026-10-05,120.0,0.02032004497059984,-1351559.9527578384
put,739.0,2026-10-05,203.0,0.02090804274941965,-2352549.777918279
put,740.0,2026-10-05,377.0,0.02145345799280969,-4482992.978476383
put,741.0,2026-10-05,142.0,0.021949159942760317,-1727569.9921715707
put,742.0,2026-10-05,100.0,0.022388100985576184,-1240928.2211310414
put,743.0,2026-10-05,101.0,0.022772663960051415,-1274866.2251672721
put,744.0,2026-10-05,229.0,0.023087815558515457,-2930540.5211576754
put,745.0,2026-10-05,544.0,0.023337124580780955,-7036807.14232253
put,746.0,2026-10-05,275.0,0.023480938777685048,-3579130.66938074
put,747.0,2026-10-05,32.0,0.023548706753512883,-417682.6581284419
put,748.0,2026-10-05,37.0,0.023571139841176012,-483405.639506224
put,749.0,2026-10-05,109.0,0.023447289247041935,-1416604.2586783262
put,750.0,2026-10-05,45.0,0.023244515037088354,-579778.9022648742
put,751.0,2026-10-05,7.0,0.022926169431798614,-88952.66046939787
put,752.0,2026-10-05,8.0,0.022555304414944365,-100015.67815953173
put,753.0,2026-10-05,14.0,0.022073648407933934,-171289.82301146412
put,755.0,2026-10-05,4.0,0.020859249789333723,-46247.48075217738
put,756.0,2026-10-05,1.0,0.019803758416247687,-10976.832165897373
put,759.0,2026-10-05,4.0,0.01575645655550409,-34933.97071479578
put,760.0,2026-10-05,5.0,0.016549339541253965,-45864.86029130566
put,762.0,2026-10-05,2.0,0.014148299257505293,-15684.245699049696
put,765.0,2026-10-05,5.0,0.012527565233029558,-34718.90994627466
put,770.0,2026-10-05,4.0,0.010091916710970598,-22375.000470143845
put,775.0,2026-10-05,0.0,0.008196423017496034,-0.0
put,780.0,2026-10-05,0.0,0.006811696766828156,-0.0
