tipo,strike,vencimiento,oi,gamma,gex_contrib
call,660.0,2026-10-05,6.0,8.364146236787712e-05,281.97387214753
call,670.0,2026-10-05,7.0,0.0013485982993065625,5304.160392130322
call,680.0,2026-10-05,3.0,0.0017052032618113046,2874.308703599342
call,690.0,2026-10-05,9.0,0.002234418249560048,11299.077299505565
call,692.0,2026-10-05,1.0,0.002383363157437533,1339.14073875743
call,695.0,2026-10-05,70.0,0.0025841338129350983,101636.3451265132
call,696.0,2026-10-05,1.0,0.002637578943286632,1481.9770137092407
call,700.0,2026-10-05,12.0,0.003040637251432022,20501.32160079475
call,705.0,2026-10-05,3.0,0.0035804096004869532,6035.176396624264
call,706.0,2026-10-05,12.0,0.0036775182763121176,24795.455242142896
call,707.0,2026-10-05,3.0,0.003859250301998051,6505.193240492925
call,708.0,2026-10-05,1.0,0.004003525815652088,2249.4618588343674
call,709.0,2026-10-05,2.0,0.004138146071049015,4650.201937860556
call,710.0,2026-10-05,14.0,0.004297616165008385,33805.8344797522
call,711.0,2026-10-05,11.0,0.00444034203682488,27443.854649975678
call,712.0,2026-10-05,8.0,0.0046714606012224396,20998.03609391392
call,714.0,2026-10-05,2.0,0.004811111484160876,5406.440363096376
call,715.0,2026-10-05,121.0,0.005280761339923167,359019.3953469886
call,717.0,2026-10-05,54.0,0.005473408283764429,166068.630979501
call,719.0,2026-10-05,8.0,0.005992171810287018,26934.582284695804
call,720.0,2026-10-05,154.0,0.005152191425680701,445808.8769280365
call,721.0,2026-10-05,14.0,0.006602992748317792,51940.34817211272
call,722.0,2026-10-05,25.0,0.006942744875089634,97523.03663856955
call,723.0,2026-10-05,16.0,0.007310715641306559,65722.77238871505
call,724.0,2026-10-05,11.0,0.0077101185713201684,47652.944671958794
call,725.0,2026-10-05,196.0,0.008129446333191523,895267.9560947036
call,726.0,2026-10-05,7.0,0.008460476454834229,33275.82730406644
call,727.0,2026-10-05,21.0,0.00733073972129913,86497.40837147318
call,728.0,2026-10-05,71.0,0.008381211187777153,334349.8504508972
call,729.0,2026-10-05,188.0,0.008998370860280039,950512.2931865825
call,730.0,2026-10-05,260.0,0.009659822553494127,1411167.2768993962
call,731.0,2026-10-05,126.0,0.009556250984287097,676540.9565584913
call,732.0,2026-10-05,313.0,0.011301477740924921,1987538.6009852919
call,733.0,2026-10-05,156.0,0.012339119399423164,1081545.427514426
call,734.0,2026-10-05,291.0,0.013498932151803613,2207132.4909413694
call,735.0,2026-10-05,353.0,0.013328533930419708,2643583.8363986486
call,736.0,2026-10-05,582.0,0.015033247097114446,4915998.945584454
call,737.0,2026-10-05,491.0,0.016690726962274638,4604608.865908935
call,738.0,2026-10-05,558.0,0.01877509114086508,5886433.652766371
call,739.0,2026-10-05,815.0,0.020961168421065338,9598626.587292181
call,740.0,2026-10-05,1750.0,0.02360111309446018,23206333.819009066
call,741.0,2026-10-05,969.0,0.026610355588543057,14488067.328388186
call,742.0,2026-10-05,1037.0,0.030406131156277313,17716418.120487787
call,743.0,2026-10-05,1471.0,0.035453622072528036,29302811.01427877
call,744.0,2026-10-05,1140.0,0.041058986473847786,26299595.968288142
call,745.0,2026-10-05,2317.0,0.047178949939050335,61420069.69100682
call,746.0,2026-10-05,1139.0,0.05352635483025581,34255269.87035499
call,747.0,2026-10-05,1072.0,0.060915035358937754,36690639.93527769
call,748.0,2026-10-05,1249.0,0.06691461100095918,46959060.17553141
call,749.0,2026-10-05,845.0,0.0715785680195989,33984095.48011065
call,750.0,2026-10-05,4039.0,0.07411448442914201,168194947.44857714
call,751.0,2026-10-05,615.0,0.07393772791832116,25549194.765274316
call,752.0,2026-10-05,531.0,0.07102906548733079,21191740.263959073
call,753.0,2026-10-05,2158.0,0.0650836657794296,78914979.32490925
call,754.0,2026-10-05,430.0,0.056489165119342336,13648018.805554757
call,755.0,2026-10-05,13762.0,0.04609931531290718,356461006.5874486
call,756.0,2026-10-05,1935.0,0.03531966758923602,38400208.05767781
call,757.0,2026-10-05,1322.0,0.025387661316867736,18857762.059459057
call,758.0,2026-10-05,889.0,0.017302180921709966,8642484.52209876
call,759.0,2026-10-05,685.0,0.011559313747604782,4448961.2561500445
call,760.0,2026-10-05,13403.0,0.007384537466704653,55611078.33515282
call,761.0,2026-10-05,806.0,0.004729946096508508,2142038.3096454553
call,762.0,2026-10-05,1035.0,0.0029118928214284883,1693369.511112131
call,763.0,2026-10-05,919.0,0.001850345843782785,955442.2034164976
call,764.0,2026-10-05,257.0,0.00131825710930745,190357.17279860473
call,765.0,2026-10-05,1048.0,0.0008716001753529663,513233.022603713
call,766.0,2026-10-05,383.0,0.0005503954410952151,118443.0555111648
call,767.0,2026-10-05,1588.0,0.0004861005393452219,433723.14829167904
call,768.0,2026-10-05,713.0,0.00041463219705206164,166107.23661744944
call,769.0,2026-10-05,292.0,0.0003576022328038618,58670.403326229054
call,770.0,2026-10-05,778.0,0.00020565976960012372,89901.08691571484
call,771.0,2026-10-05,146.0,0.00017390286730151265,14265.782520663914
call,772.0,2026-10-05,229.0,0.00016324978648712694,21005.06862754819
call,773.0,2026-10-05,123.0,0.00014047767776744494,9708.417205945947
call,774.0,2026-10-05,53.0,0.00013335574528485197,3971.216835820455
call,775.0,2026-10-05,734.0,0.00011644568255584359,48023.681639629416
call,780.0,2026-10-05,1359.0,3.1820590212781904e-05,24297.617332268408
call,785.0,2026-10-05,588.0,2.1301510462014135e-05,7037.58618413948
call,790.0,2026-10-05,88.0,1.5511135191977622e-05,766.941530421648
call,795.0,2026-10-05,106.0,1.0320697862938392e-05,614.6826148835262
call,800.0,2026-10-05,100.0,8.471952453948927e-06,476.0137636807595
call,805.0,2026-10-05,169.0,7.198687930319771e-06,683.5590728457215
call,810.0,2026-10-05,41.0,6.28573072928302e-06,144.80235658303422
call,815.0,2026-10-05,95.0,4.4413811207258205e-06,237.0705722174261
call,820.0,2026-10-05,92.0,4.096765036539049e-06,211.7702182813522
call,825.0,2026-10-05,360.0,3.0931947298770197e-06,625.6706211952092
call,830.0,2026-10-05,239.0,2.960880705486998e-06,397.6077229959253
call,835.0,2026-10-05,341.0,2.8566812584757938e-06,547.3336698504306
call,840.0,2026-10-05,27.0,2.307585606898159e-06,35.007216960436025
call,845.0,2026-10-05,80.0,1.9021985136300108e-06,85.5030930508975
call,850.0,2026-10-05,81.0,1.5967153039373843e-06,72.66888678178272
call,855.0,2026-10-05,0.0,1.3622737728840335e-06,0.0
call,860.0,2026-10-05,29.0,1.1793969588382626e-06,19.21737221821666
call,865.0,2026-10-05,45.0,1.2175912277451112e-06,30.785770310014133
call,870.0,2026-10-05,84.0,1.2566062745565058e-06,59.30816819299506
call,875.0,2026-10-05,40.0,1.1191956450228714e-06,25.153707326774576
call,880.0,2026-10-05,20.0,1.0069001065153715e-06,11.314943325243291
put,450.0,2026-10-05,238.0,1.393538425521009e-08,-1.8635107656762517
put,470.0,2026-10-05,102.0,2.4087536050040236e-08,-1.3804750121542229
put,475.0,2026-10-05,125.0,2.3775519129094792e-08,-1.6698444670255779
put,480.0,2026-10-05,174.0,2.3285349960282558e-08,-2.2765019058161857
put,485.0,2026-10-05,40.0,2.261590141496631e-08,-0.5082880438760322
put,490.0,2026-10-05,137.0,2.1769826252238464e-08,-1.675758884378341
put,495.0,2026-10-05,264.0,3.917557549529163e-08,-5.811059368700613
put,500.0,2026-10-05,11.0,3.779586304270327e-08,-0.23360006123673394
put,505.0,2026-10-05,314.0,3.6122591262357435e-08,-6.373009202125586
put,510.0,2026-10-05,262.0,3.417172387977966e-08,-5.030419230725981
put,515.0,2026-10-05,292.0,3.1967226288567936e-08,-5.244738112694633
put,520.0,2026-10-05,482.0,4.22384348095099e-08,-11.439073627532617
put,525.0,2026-10-05,210.0,3.910101132176811e-08,-4.613635557418483
put,530.0,2026-10-05,550.0,5.173658347698275e-08,-15.988084535531973
put,535.0,2026-10-05,492.0,4.7365399614211925e-08,-13.093697671807245
put,540.0,2026-10-05,299.0,4.27298098422545e-08,-7.178573459620016
put,545.0,2026-10-05,283.0,5.679835118993107e-08,-9.03146419927612
put,550.0,2026-10-05,556.0,7.552582740226944e-08,-23.594255816551108
put,555.0,2026-10-05,298.0,6.738955890641163e-08,-11.283527152889933
put,560.0,2026-10-05,1006.0,5.903957500556637e-08,-33.37161340319021
put,565.0,2026-10-05,864.0,2.5865866050022767e-07,-125.56736106876723
put,570.0,2026-10-05,663.0,2.378525073802689e-07,-88.60480271517493
put,575.0,2026-10-05,391.0,9.158673270138404e-08,-20.12080369807855
put,580.0,2026-10-05,10122.0,7.729145121579035e-08,-439.57582021437435
put,585.0,2026-10-05,7755.0,1.0464632397748007e-07,-455.9757850088499
put,590.0,2026-10-05,3631.0,1.4206819362754258e-07,-289.8405251793354
put,595.0,2026-10-05,402.0,3.825588793004794e-07,-86.4092707884994
put,600.0,2026-10-05,505.0,1.610698214019444e-07,-45.70266821070348
put,605.0,2026-10-05,1908.0,1.29878727310167e-07,-139.23627472265827
put,610.0,2026-10-05,815.0,9.743164946362844e-07,-446.1631156235825
put,615.0,2026-10-05,864.0,1.0837619146134518e-06,-526.1185663826864
put,620.0,2026-10-05,338.0,1.2053630329101848e-06,-228.91305893350295
put,625.0,2026-10-05,3105.0,1.3405602551108995e-06,-2338.75077452185
put,630.0,2026-10-05,248.0,1.4909918859358603e-06,-207.7604902160705
put,635.0,2026-10-05,855.0,1.6585266669226406e-06,-796.7545899570531
put,640.0,2026-10-05,654.0,1.8453024340072661e-06,-678.0805752054092
put,645.0,2026-10-05,218.0,3.0254869641452283e-06,-370.5849518424588
put,650.0,2026-10-05,310.0,3.4240512806011226e-06,-596.4004392754754
put,655.0,2026-10-05,1160.0,3.884066048471505e-06,-2531.51553136575
put,660.0,2026-10-05,12327.0,4.417851842359728e-06,-30598.810479397103
put,665.0,2026-10-05,5191.0,5.0410673761033975e-06,-14703.121004145436
put,670.0,2026-10-05,646.0,1.0352524077071445e-05,-3757.6365173150216
put,675.0,2026-10-05,1371.0,1.2273088180433723e-05,-9454.254955971168
put,680.0,2026-10-05,1472.0,1.4683743707119737e-05,-12144.527039495157
put,685.0,2026-10-05,1702.0,1.7761837965553004e-05,-16985.700421102323
put,689.0,2026-10-05,307.0,2.0195146188560005e-05,-3483.544616720965
put,690.0,2026-10-05,729.0,2.177294826015079e-05,-8918.273140545423
put,691.0,2026-10-05,241.0,2.350106259488556e-05,-3182.2957758797215
put,692.0,2026-10-05,807.0,2.3319151429717786e-05,-10573.58541408138
put,693.0,2026-10-05,270.0,2.5223822133149785e-05,-3826.5787901735384
put,694.0,2026-10-05,54.0,2.5022944046780384e-05,-759.2209178423358
put,695.0,2026-10-05,982.0,2.7129114558872355e-05,-14968.666338427554
put,696.0,2026-10-05,176.0,2.6907330008582278e-05,-2660.843142804348
put,697.0,2026-10-05,107.0,2.9244633862284356e-05,-1758.190651974967
put,698.0,2026-10-05,229.0,3.183229004526392e-05,-4095.805889617585
put,699.0,2026-10-05,185.0,3.1603724790259686e-05,-3285.080378012623
put,700.0,2026-10-05,6086.0,3.4496940443074676e-05,-117963.73842406055
put,701.0,2026-10-05,163.0,3.4246854143838866e-05,-3136.492757587051
put,702.0,2026-10-05,278.0,3.74964311067698e-05,-5856.939395239431
put,703.0,2026-10-05,175.0,3.9140226010015175e-05,-3848.5521716900566
put,704.0,2026-10-05,315.0,4.089162343738988e-05,-7237.372187338273
put,705.0,2026-10-05,2155.0,6.326456210548493e-05,-76602.6477869792
put,706.0,2026-10-05,611.0,4.475828335800265e-05,-15365.63923030556
put,707.0,2026-10-05,266.0,7.031138624030626e-05,-10508.562162452812
put,708.0,2026-10-05,214.0,7.426944952314744e-05,-8930.175190008324
put,709.0,2026-10-05,547.0,7.856100639514641e-05,-24145.17542818972
put,710.0,2026-10-05,1893.0,8.322480588322452e-05,-88519.59237049891
put,711.0,2026-10-05,4909.0,8.83053791558055e-05,-243565.73545726264
put,712.0,2026-10-05,451.0,9.385409852635126e-05,-23782.953406049466
put,713.0,2026-10-05,508.0,9.993046759711995e-05,-28523.159624528238
put,714.0,2026-10-05,974.0,0.00010660370143682337,-58340.10973760825
put,715.0,2026-10-05,1962.0,0.00011395467293909564,-125622.41627691146
put,716.0,2026-10-05,528.0,0.00015954878578427592,-47332.93408838138
put,717.0,2026-10-05,548.0,0.00017213252720626966,-53000.44353394745
put,718.0,2026-10-05,621.0,0.00018620374752099876,-64970.47142391685
put,719.0,2026-10-05,1580.0,0.00020200091069041216,-179327.30214672748
put,720.0,2026-10-05,6951.0,0.0002715928168337197,-1060721.98039936
put,721.0,2026-10-05,683.0,0.00028989412167546144,-111248.99932914923
put,722.0,2026-10-05,1038.0,0.0003102303582123909,-180932.94341524347
put,723.0,2026-10-05,876.0,0.00041118936279065094,-202386.70409768834
put,724.0,2026-10-05,485.0,0.000444977368281944,-121259.46904837694
put,725.0,2026-10-05,7889.0,0.0005640692740778157,-2500290.093252132
put,726.0,2026-10-05,505.0,0.0006172860911844562,-175151.50368289094
put,727.0,2026-10-05,920.0,0.000770353950959003,-398211.8156483519
put,728.0,2026-10-05,596.0,0.0009644321413265738,-322963.8665209549
put,729.0,2026-10-05,775.0,0.001183630998747552,-515411.4159975281
put,730.0,2026-10-05,3091.0,0.0015588924344125076,-2707392.0849960167
put,731.0,2026-10-05,585.0,0.0020073209023177196,-659794.4735294542
put,732.0,2026-10-05,1634.0,0.002511913528342727,-2306177.5368997105
put,733.0,2026-10-05,3852.0,0.0032979810223683,-7137899.538222188
put,734.0,2026-10-05,1340.0,0.004175742620172414,-3143941.968439226
put,735.0,2026-10-05,12118.0,0.00525421124020704,-35774574.570173666
put,736.0,2026-10-05,25633.0,0.00669414889132042,-96411936.4340427
put,737.0,2026-10-05,1813.0,0.008419423242291005,-8576619.567969033
put,738.0,2026-10-05,1556.0,0.010810118145983613,-9450962.362749182
put,739.0,2026-10-05,1098.0,0.01362470003212018,-8405533.629547315
put,740.0,2026-10-05,1995.0,0.01731710375540495,-19411279.347988293
put,741.0,2026-10-05,1016.0,0.02176860425496224,-12426828.151565006
put,742.0,2026-10-05,1608.0,0.02737552574756311,-24733439.42897476
put,743.0,2026-10-05,842.0,0.033960007432724086,-16066299.87141871
put,744.0,2026-10-05,682.0,0.04153063531315938,-15914351.64124666
put,745.0,2026-10-05,724.0,0.04986888070957923,-20286362.769067876
put,746.0,2026-10-05,369.0,0.05858107620112113,-12145620.65316819
put,747.0,2026-10-05,86.0,0.06711787839321655,-3243192.0867101015
put,748.0,2026-10-05,115.0,0.0748389382981613,-4835723.478766806
put,749.0,2026-10-05,154.0,0.08130548138705257,-7035201.596855731
put,750.0,2026-10-05,184.0,0.08440375845189861,-8726008.053527636
put,751.0,2026-10-05,17.0,0.08402567245018192,-802595.8664262374
put,752.0,2026-10-05,61.0,0.0793511687258609,-2719688.4893558635
put,753.0,2026-10-05,15.0,0.0703589950468075,-592989.3414135418
put,754.0,2026-10-05,34.0,0.05742184578008159,-1096963.2190205362
put,755.0,2026-10-05,16.0,0.04269711624429558,-383843.7972779409
put,756.0,2026-10-05,152.0,0.02734558181562627,-2335429.4720249623
put,759.0,2026-10-05,3.0,0.011559313747604782,-19484.50185175202
put,760.0,2026-10-05,2.0,0.017139955547650295,-19260.86057235825
put,762.0,2026-10-05,2.0,0.01158979607634002,-13023.922125577054
put,765.0,2026-10-05,4.0,0.013269308392699845,-29822.515949109562
put,767.0,2026-10-05,0.0,0.011085102882377657,-0.0
put,770.0,2026-10-05,0.0,0.008902104000346403,-0.0
put,771.0,2026-10-05,0.0,0.008254091888036452,-0.0
put,775.0,2026-10-05,0.0,0.006423243584054052,-0.0
put,780.0,2026-10-05,0.0,0.004797480120629588,-0.0
call,695.0,2026-10-06,37.0,0.003088193403084571,64201.062496961385
call,700.0,2026-10-06,70.0,0.003555487907807606,139840.58963286903
call,705.0,2026-10-06,7.0,0.004103211308582357,16138.305168199213
call,710.0,2026-10-06,10.0,0.004896726988171508,27513.249820827208
call,712.0,2026-10-06,16.0,0.005261278292169941,47298.487950514
call,713.0,2026-10-06,2.0,0.0034888858000770248,3920.6019386308385
call,714.0,2026-10-06,2.0,0.005666299400727634,6367.449577989933
call,715.0,2026-10-06,45.0,0.0058841190369528324,148775.0018402174
call,717.0,2026-10-06,4.0,0.006365770694271262,14306.94746402321
call,718.0,2026-10-06,1.0,0.006632972746127147,3726.869736862337
call,720.0,2026-10-06,42.0,0.007212458026690507,170203.54043785366
call,723.0,2026-10-06,23.0,0.00826177270242974,106767.00963930094
call,725.0,2026-10-06,43.0,0.009093537471975539,219703.67266773994
call,726.0,2026-10-06,13.0,0.007308575786074574,53384.12239424161
call,727.0,2026-10-06,27.0,0.01005662029901947,152563.91253442102
call,728.0,2026-10-06,36.0,0.008471441468952677,171354.61906432288
call,729.0,2026-10-06,16.0,0.009200505379668867,82711.83706183071
call,730.0,2026-10-06,253.0,0.011737631858559116,1668541.4726532835
call,731.0,2026-10-06,189.0,0.010589501751805208,1124535.9173420514
call,732.0,2026-10-06,349.0,0.011566592858914855,2268124.4293478876
call,733.0,2026-10-06,68.0,0.012634523177838806,482729.42214474163
call,734.0,2026-10-06,64.0,0.013831335714352445,497370.58509026095
call,735.0,2026-10-06,277.0,0.015144200683837691,2357013.8020533496
call,736.0,2026-10-06,61.0,0.016620915271748755,569666.6183115975
call,737.0,2026-10-06,172.0,0.01823420196701911,1762183.8157770785
call,738.0,2026-10-06,1320.0,0.020014559657729292,14844171.775274048
call,739.0,2026-10-06,422.0,0.021970637523929214,5209440.841604848
call,740.0,2026-10-06,1692.0,0.02409254235982932,22904403.7397912
call,741.0,2026-10-06,232.0,0.026391909189941744,3440287.9447955997
call,742.0,2026-10-06,322.0,0.029009429251053626,5248449.90735919
call,743.0,2026-10-06,554.0,0.031312937179257226,9746968.711673971
call,744.0,2026-10-06,692.0,0.03389636327108357,13179386.683385616
call,745.0,2026-10-06,1046.0,0.03808408670133922,22382635.909121934
call,746.0,2026-10-06,250.0,0.040878550363108244,5742109.837705288
call,747.0,2026-10-06,421.0,0.04345648708578242,10279517.079932075
call,748.0,2026-10-06,656.0,0.04574996286264287,16862834.814694986
call,749.0,2026-10-06,208.0,0.047451636775625236,5545625.434194495
call,750.0,2026-10-06,1394.0,0.04861934370743736,38080958.096570656
call,751.0,2026-10-06,233.0,0.04896722271653847,6410581.033587937
call,752.0,2026-10-06,246.0,0.04852630436763058,6707309.1718327515
call,753.0,2026-10-06,179.0,0.04723158141794206,4750305.256554619
call,754.0,2026-10-06,209.0,0.045101877641175105,5296352.8302651
call,755.0,2026-10-06,826.0,0.04209312653867897,19535621.520877518
call,756.0,2026-10-06,304.0,0.03840968164204211,6560701.69746117
call,757.0,2026-10-06,1722.0,0.03418193655053907,33072407.566762615
call,758.0,2026-10-06,281.0,0.029615862433635926,4675916.041015392
call,759.0,2026-10-06,141.0,0.025020950631594544,1982252.2486424607
call,760.0,2026-10-06,689.0,0.020591380270282178,7971511.58172401
call,761.0,2026-10-06,120.0,0.016527509704034802,1114357.8259560394
call,762.0,2026-10-06,191.0,0.012847417376543165,1378748.9703885783
call,763.0,2026-10-06,526.0,0.009890835716415814,2923174.4434820875
call,764.0,2026-10-06,107.0,0.007501511793786123,450991.72633254173
call,765.0,2026-10-06,545.0,0.005528845679333377,1693039.0331387613
call,766.0,2026-10-06,264.0,0.0039831172033998755,590830.6450847489
call,767.0,2026-10-06,73.0,0.0030839522114081692,126493.00219929958
call,768.0,2026-10-06,130.0,0.002296514237058991,167744.57938148093
call,769.0,2026-10-06,95.0,0.0016042840470850408,85632.94315521039
call,770.0,2026-10-06,2599.0,0.0012474774844554606,1821692.187711741
call,771.0,2026-10-06,87.0,0.001134485424071603,55456.71923387207
call,772.0,2026-10-06,106.0,0.0008381783953911921,49920.43122084481
call,773.0,2026-10-06,75.0,0.000751133895530364,31652.981521951766
call,774.0,2026-10-06,142.0,0.0005203896009062945,41519.58024705674
call,775.0,2026-10-06,148.0,0.00047378020037169665,39398.04058062513
call,780.0,2026-10-06,600.0,0.00021275223090240256,71723.48337445557
call,785.0,2026-10-06,394.0,6.735368567576351e-05,14910.547417119426
call,790.0,2026-10-06,259.0,0.00011520477512821951,16765.103741227238
call,795.0,2026-10-06,59.0,8.716840633887676e-05,2889.662474685893
call,800.0,2026-10-06,269.0,7.661387305385658e-05,11579.657076860512
call,805.0,2026-10-06,113.0,2.9536037362569405e-05,1875.2823786161869
call,810.0,2026-10-06,172.0,2.326929009472931e-05,2248.7831649403
call,815.0,2026-10-06,28.0,1.892053758531487e-05,297.6648157110778
call,820.0,2026-10-06,41.0,1.5797482793208696e-05,363.92152878579924
call,825.0,2026-10-06,79.0,1.3488955251323303e-05,598.7443189563188
put,510.0,2026-10-06,123.0,2.4218266084070294e-07,-16.737252130405974
put,515.0,2026-10-06,334.0,2.961030861626963e-07,-55.5680812809278
put,520.0,2026-10-06,285.0,1.1020819287530787e-06,-176.47969384618773
put,525.0,2026-10-06,539.0,1.1809141358413696e-06,-357.6375301358584
put,530.0,2026-10-06,186.0,1.262978807378446e-06,-131.99120932275576
put,535.0,2026-10-06,288.0,1.3481099834426776e-06,-218.14929467788883
put,540.0,2026-10-06,385.0,1.4360837304232066e-06,-310.65367245647803
put,545.0,2026-10-06,217.0,1.5266091639258746e-06,-186.13309525704932
put,550.0,2026-10-06,166.0,1.6193183699841938e-06,-151.03455878661123
put,555.0,2026-10-06,163.0,1.7137551382673966e-06,-156.95399515754644
put,560.0,2026-10-06,406.0,1.809362435225865e-06,-412.75049582545034
put,565.0,2026-10-06,152.0,1.9054685715142771e-06,-162.735153705481
put,570.0,2026-10-06,358.0,2.0012720621654517e-06,-402.55493935628067
put,575.0,2026-10-06,202.0,2.462475989356171e-06,-279.48556008521234
put,580.0,2026-10-06,251.0,2.5840787306806444e-06,-364.4311264494891
put,585.0,2026-10-06,426.0,2.7037494563331464e-06,-647.1605638812964
put,590.0,2026-10-06,149.0,2.819962150580247e-06,-236.08345278222873
put,600.0,2026-10-06,48.0,3.331068154055422e-06,-89.83814095981803
put,610.0,2026-10-06,208.0,3.921850480176062e-06,-458.3427516907965
put,625.0,2026-10-06,24.0,7.170261743820288e-06,-96.6901539489486
put,630.0,2026-10-06,76.0,8.268953169786602e-06,-353.10195748840374
put,635.0,2026-10-06,65.0,1.4260978360265773e-05,-520.8332214989301
put,645.0,2026-10-06,286.0,1.7815315917194553e-05,-2862.8300138871396
put,650.0,2026-10-06,3312.0,1.9984446320856962e-05,-37189.33812086642
put,655.0,2026-10-06,359.0,2.2483611996028217e-05,-4535.200909554126
put,660.0,2026-10-06,4270.0,3.5222434625159704e-05,-84505.16367774882
put,665.0,2026-10-06,3040.0,4.048145554124918e-05,-69145.78375324751
put,670.0,2026-10-06,291.0,4.6813177583431495e-05,-7654.152497891821
put,675.0,2026-10-06,187.0,5.137503482503058e-05,-5397.960923641817
put,680.0,2026-10-06,202.0,6.0181617141429904e-05,-6830.479990996384
put,685.0,2026-10-06,356.0,7.119492566836887e-05,-14240.821387448772
put,690.0,2026-10-06,547.0,8.522839567267525e-05,-26194.350854281394
put,691.0,2026-10-06,126.0,8.975578113619633e-05,-6354.318458816291
put,692.0,2026-10-06,269.0,9.128676774374479e-05,-13797.36363653744
put,693.0,2026-10-06,99.0,0.0001227667752929084,-6828.920290686856
put,694.0,2026-10-06,210.0,0.0001255008043287923,-14808.184079207931
put,695.0,2026-10-06,985.0,0.00013279681030105268,-73495.35207204582
put,696.0,2026-10-06,263.0,0.00013588637388555714,-20080.182643234442
put,697.0,2026-10-06,817.0,0.00014405202960434673,-66126.78961077471
put,698.0,2026-10-06,243.0,0.0001475625624533943,-20147.374646650158
put,699.0,2026-10-06,150.0,0.00015119571622398777,-12742.855142908898
put,700.0,2026-10-06,679.0,0.00016075628845946385,-61330.11025721106
put,701.0,2026-10-06,277.0,0.0001711311947875869,-26634.524759480897
put,702.0,2026-10-06,87.0,0.00017574703172615395,-8590.99075918016
put,703.0,2026-10-06,843.0,0.00018055010840175277,-85518.74691894736
put,704.0,2026-10-06,193.0,0.0002322537211924202,-25185.813932550805
put,705.0,2026-10-06,2931.0,0.00019846340758977282,-326837.78817916155
put,706.0,2026-10-06,1498.0,0.00025725182274303213,-216524.11615488993
put,707.0,2026-10-06,672.0,0.0002662241235902425,-100520.04621412743
put,708.0,2026-10-06,121.0,0.0002757023193342994,-18743.97906128488
put,709.0,2026-10-06,673.0,0.00029702566718455107,-112316.88360445338
put,710.0,2026-10-06,1757.0,0.00035905149022692865,-354457.7656951309
put,711.0,2026-10-06,350.0,0.000381304605235349,-74985.29345121444
put,712.0,2026-10-06,445.0,0.00040561632647903887,-101417.1586491917
put,713.0,2026-10-06,597.0,0.000483440593435752,-162163.62574747202
put,714.0,2026-10-06,276.0,0.0005168173700620575,-80146.06131434144
put,715.0,2026-10-06,6347.0,0.0006063572662472421,-2162385.3237472503
put,716.0,2026-10-06,163.0,0.0006398587644222366,-58601.36443656373
put,717.0,2026-10-06,126.0,0.0007535376606488494,-53347.185059963325
put,718.0,2026-10-06,128.0,0.0008724804888452901,-62748.26093137532
put,719.0,2026-10-06,199.0,0.0009292179992760147,-103897.88108986897
put,720.0,2026-10-06,1843.0,0.001080969559425377,-1119372.9296615382
put,721.0,2026-10-06,172.0,0.0013207509448267376,-127639.58323241289
put,722.0,2026-10-06,179.0,0.001490504748403072,-149907.16653347315
put,723.0,2026-10-06,436.0,0.0017902056874764044,-438556.36883827846
put,724.0,2026-10-06,406.0,0.0021014178028328965,-479373.9624352447
put,725.0,2026-10-06,1218.0,0.0024504974254103934,-1677017.2868613852
put,726.0,2026-10-06,513.0,0.0029317758166219387,-845053.3422966922
put,727.0,2026-10-06,534.0,0.0034578956545559913,-1037502.4750151268
put,728.0,2026-10-06,222.0,0.004029479845379057,-502617.91335678735
put,729.0,2026-10-06,133.0,0.004671971680179081,-349130.542346189
put,730.0,2026-10-06,948.0,0.005472238992084632,-2914804.2505312585
put,731.0,2026-10-06,218.0,0.006444559443534329,-789379.2897907166
put,732.0,2026-10-06,199.0,0.007511275837081094,-839852.0523303447
put,733.0,2026-10-06,221.0,0.008790056762023286,-1091490.4840714065
put,734.0,2026-10-06,347.0,0.010179210182082425,-1984630.0238509604
put,735.0,2026-10-06,525.0,0.011791068938290373,-3478151.400356744
put,736.0,2026-10-06,5486.0,0.013710698684467146,-42262130.85569837
put,737.0,2026-10-06,963.0,0.01580696734154454,-8552849.767983286
put,738.0,2026-10-06,442.0,0.01815600752777449,-4508983.270941517
put,739.0,2026-10-06,634.0,0.020857051481282696,-7429817.932400553
put,740.0,2026-10-06,759.0,0.023763482821298185,-10134162.606175125
put,741.0,2026-10-06,558.0,0.02695806967732475,-8451990.319068747
put,742.0,2026-10-06,328.0,0.030366758783628822,-5596394.020727732
put,743.0,2026-10-06,336.0,0.033943325966401025,-6408105.788443426
put,744.0,2026-10-06,252.0,0.037589058014970866,-5322283.248398409
put,745.0,2026-10-06,402.0,0.041275592622301925,-9322993.277212389
put,746.0,2026-10-06,76.0,0.04483683544703329,-1914628.6160841177
put,747.0,2026-10-06,333.0,0.04806586348676684,-8993256.550389186
put,748.0,2026-10-06,125.0,0.05088619803930144,-3573929.796549115
put,750.0,2026-10-06,96.0,0.054422594753226666,-2935529.6936131585
put,752.0,2026-10-06,14.0,0.054164408919071164,-426067.143343445
put,753.0,2026-10-06,10.0,0.052241608913127416,-293530.0335389018
put,755.0,2026-10-06,45.0,0.04444194631341108,-1123677.2408983433
put,756.0,2026-10-06,37.0,0.0394660595973722,-820467.7065202278
put,759.0,2026-10-06,15.0,0.022979452210305985,-193672.04183584487
put,760.0,2026-10-06,26.0,0.016396582735917327,-239531.53261113033
put,763.0,2026-10-06,0.0,0.018681645987671434,-0.0
call,695.0,2026-10-07,44.0,0.0030431238659879758,75232.98733965504
call,715.0,2026-10-07,64.0,0.00616826206347083,221808.8097099001
call,719.0,2026-10-07,17.0,0.007189936817587881,68676.79128760553
call,720.0,2026-10-07,11.0,0.006537004456536226,40402.42816062566
call,725.0,2026-10-07,13.0,0.009295190634991186,67894.97831870943
call,728.0,2026-10-07,254.0,0.00976231855796552,1393229.5986893286
call,729.0,2026-10-07,16.0,0.010438821073795582,93844.20008941506
call,730.0,2026-10-07,178.0,0.011167751736864073,1116919.192561998
call,731.0,2026-10-07,92.0,0.011974532029231795,618988.2111935196
call,732.0,2026-10-07,16.0,0.01283942340335376,115425.4307434874
call,733.0,2026-10-07,156.0,0.013774442935754786,1207354.0494648605
call,734.0,2026-10-07,66.0,0.014777561316505924,548002.7099100963
call,735.0,2026-10-07,180.0,0.015859523149012712,1603978.825622967
call,736.0,2026-10-07,256.0,0.017008810977430778,2446526.4793640976
call,737.0,2026-10-07,197.0,0.01823512229526881,2018417.0540381868
call,738.0,2026-10-07,412.0,0.01957793264663715,4532105.872178898
call,739.0,2026-10-07,174.0,0.020996955600949014,2052776.0812454731
call,740.0,2026-10-07,2490.0,0.022383723851215186,31316101.131205883
call,741.0,2026-10-07,467.0,0.02403264658474907,6306007.472104327
call,742.0,2026-10-07,185.0,0.0255233389778696,2653048.6711302367
call,743.0,2026-10-07,460.0,0.02698047921665662,6973382.561712357
call,744.0,2026-10-07,368.0,0.0299213142644312,6186777.319693751
call,745.0,2026-10-07,690.0,0.03158521854478857,12245287.255987225
call,746.0,2026-10-07,198.0,0.03313047447880476,3685775.2249107407
call,747.0,2026-10-07,140.0,0.03457208853148726,2719503.691443596
call,748.0,2026-10-07,368.0,0.03576089379517883,7394216.868574946
call,749.0,2026-10-07,117.0,0.03676958007735822,2417188.572193698
call,750.0,2026-10-07,1184.0,0.037451116178370075,24914516.7962283
call,751.0,2026-10-07,99.0,0.03780865498645784,2103112.104920746
call,752.0,2026-10-07,1328.0,0.03776372407877947,28177917.376104146
call,753.0,2026-10-07,126.0,0.03735032310288653,2644240.232005654
call,754.0,2026-10-07,134.0,0.0365736151985221,2753649.6910681888
call,755.0,2026-10-07,550.0,0.03534279371714642,10921934.455200315
call,756.0,2026-10-07,215.0,0.033714561664908,4072789.628343661
call,757.0,2026-10-07,256.0,0.03175585379491406,4567723.004692219
call,758.0,2026-10-07,182.0,0.029501482856410063,3016832.752102769
call,759.0,2026-10-07,272.0,0.02699792089055954,4126057.0160554517
call,760.0,2026-10-07,1547.0,0.02431275581447977,21132968.343726255
call,761.0,2026-10-07,246.0,0.021550560936088634,2978720.0345960683
call,762.0,2026-10-07,979.0,0.018800969555713996,10341866.76663719
call,763.0,2026-10-07,3073.0,0.0161882135768602,27951008.761132915
call,764.0,2026-10-07,277.0,0.013730831225989408,2137039.7414147877
call,765.0,2026-10-07,1069.0,0.011478178025831707,6894244.194428117
call,766.0,2026-10-07,206.0,0.009362215703406665,1083632.105898143
call,767.0,2026-10-07,127.0,0.007715999566135834,550594.5598467959
call,768.0,2026-10-07,421.0,0.006158879688236948,1456866.7003272697
call,769.0,2026-10-07,160.0,0.004961836927316098,446065.33067894855
call,770.0,2026-10-07,1823.0,0.0038610329566691943,3954815.0467176666
call,771.0,2026-10-07,383.0,0.002985181913101479,642400.0648349074
call,772.0,2026-10-07,114.0,0.002350200206208456,150537.85097018612
call,773.0,2026-10-07,339.0,0.0020094632044645893,382750.49136268895
call,774.0,2026-10-07,143.0,0.0016474099848389505,132365.17308184205
call,775.0,2026-10-07,668.0,0.0011596777596135264,435261.03588451626
call,780.0,2026-10-07,504.0,0.0005172245498792384,146468.98341460404
call,785.0,2026-10-07,74.0,0.00026575644266950107,11049.726333689427
call,790.0,2026-10-07,179.0,0.0002004676664896324,20161.988680167116
call,795.0,2026-10-07,82.0,0.0001589372244243367,7322.771412460961
call,800.0,2026-10-07,2685.0,6.293489389282526e-05,94944.93355019062
call,805.0,2026-10-07,38.0,0.00011111156650301645,2372.350576078457
call,810.0,2026-10-07,80.0,9.239297902601598e-05,4153.028943249212
call,815.0,2026-10-07,47.0,7.871898531860648e-05,2078.803052638936
call,820.0,2026-10-07,58.0,6.304856390840409e-05,2054.656341738082
call,825.0,2026-10-07,32.0,5.5981994885680456e-05,1006.5476728295315
call,830.0,2026-10-07,29.0,5.0422588541111224e-05,821.5975502895998
put,510.0,2026-10-07,652.0,2.2362256541717202e-06,-819.2175011673933
put,515.0,2026-10-07,694.0,2.322738730101061e-06,-905.7239095886252
put,520.0,2026-10-07,163.0,2.405623898243152e-06,-220.31868686763414
put,525.0,2026-10-07,97.0,2.483852640860497e-06,-135.3734701555941
put,530.0,2026-10-07,230.0,2.905561857641363e-06,-375.4861844252229
put,535.0,2026-10-07,162.0,2.9910308638805904e-06,-272.25252074953494
put,540.0,2026-10-07,122.0,3.0684980614498003e-06,-210.33991033369654
put,545.0,2026-10-07,365.0,3.13641921140248e-06,-643.225081014964
put,550.0,2026-10-07,527.0,3.673935585835049e-06,-1087.8728880167812
put,555.0,2026-10-07,347.0,3.7422605275494836e-06,-729.6246434836509
put,560.0,2026-10-07,220.0,3.7955946493878963e-06,-469.1789371366166
put,565.0,2026-10-07,180.0,4.454885714788488e-06,-450.5521565782887
put,570.0,2026-10-07,200.0,6.0560659290362055e-06,-680.5445973992995
put,575.0,2026-10-07,222.0,6.629016670289017e-06,-826.8716197324949
put,595.0,2026-10-07,181.0,8.778760028526242e-06,-892.7867843997305
put,600.0,2026-10-07,112.0,9.592351205464947e-06,-603.6415066825156
put,605.0,2026-10-07,87.0,1.0482840031644231e-05,-512.4296038305004
put,610.0,2026-10-07,376.0,1.0484886258076375e-05,-2215.070580154886
put,615.0,2026-10-07,64.0,1.2528986505928891e-05,-450.5385074686248
put,620.0,2026-10-07,90.0,1.2472087725130205e-05,-630.6925004761671
put,625.0,2026-10-07,12.0,2.161950614426287e-05,-145.7682754183018
put,630.0,2026-10-07,691.0,2.395269911754867e-05,-9299.690753448825
put,635.0,2026-10-07,163.0,3.46855337014586e-05,-3176.6691559679607
put,640.0,2026-10-07,500.0,3.889567555526288e-05,-10927.160540977948
put,645.0,2026-10-07,603.0,4.3750155957492715e-05,-14822.891106655321
put,650.0,2026-10-07,267.0,4.711575575346083e-05,-7068.274767345541
put,655.0,2026-10-07,2354.0,5.330921808428421e-05,-70509.03511077046
put,660.0,2026-10-07,297.0,6.058726618562526e-05,-10110.527308999748
put,665.0,2026-10-07,330.0,6.740596874744921e-05,-12498.223741578551
put,670.0,2026-10-07,5034.0,7.526008466096306e-05,-212869.73242770854
put,675.0,2026-10-07,12604.0,8.689646192178705e-05,-615384.4090776122
put,680.0,2026-10-07,910.0,0.00010114116742403864,-51713.66943754352
put,685.0,2026-10-07,592.0,0.00014759084860093788,-49092.72475250548
put,690.0,2026-10-07,678.0,0.00017191243221917706,-65489.6967081086
put,691.0,2026-10-07,211.0,0.00017860719831192418,-21174.70720814009
put,692.0,2026-10-07,419.0,0.0001856789561632466,-43713.21102375019
put,693.0,2026-10-07,174.0,0.00019315665629010125,-18884.040691487273
put,694.0,2026-10-07,157.0,0.000235692129062704,-20791.256314859897
put,695.0,2026-10-07,230.0,0.00024590594684535715,-31778.461527364863
put,696.0,2026-10-07,61.0,0.00024878679301471355,-8526.939024722416
put,697.0,2026-10-07,444.0,0.00025989840005379646,-64836.949945095585
put,698.0,2026-10-07,336.0,0.00027173213128631017,-51299.87100042867
put,699.0,2026-10-07,338.0,0.00028435144170404743,-54001.78747432626
put,700.0,2026-10-07,490.0,0.00029782683831023216,-81996.61264615045
put,701.0,2026-10-07,47.0,0.00035543511782528645,-9386.29486850918
put,702.0,2026-10-07,353.0,0.0003675556212002546,-72901.04855154615
put,703.0,2026-10-07,221.0,0.0003803365673325884,-47227.652246963306
put,704.0,2026-10-07,966.0,0.00040037198730957205,-217308.5483535824
put,705.0,2026-10-07,1345.0,0.00046498751499967397,-351398.2359913287
put,706.0,2026-10-07,1278.0,0.0004910638127562768,-352618.2500608447
put,707.0,2026-10-07,155.0,0.0005109475651306716,-44498.36280448013
put,708.0,2026-10-07,46.0,0.0005953054974365516,-15386.283324992664
put,709.0,2026-10-07,81.0,0.0006217442824954073,-28296.5064344691
put,710.0,2026-10-07,341.0,0.0007142011795328562,-136839.3311103234
put,711.0,2026-10-07,509.0,0.0008078316535058758,-231033.33598609877
put,712.0,2026-10-07,179.0,0.0009139908319210167,-91924.41419435138
put,713.0,2026-10-07,111.0,0.0010343503105641845,-64509.938593179555
put,714.0,2026-10-07,409.0,0.0010845109370259994,-249225.94112557845
put,715.0,2026-10-07,1277.0,0.0012821596365045365,-919960.114419126
put,716.0,2026-10-07,1277.0,0.0014251788391651467,-1022577.571947646
put,717.0,2026-10-07,4170.0,0.0015759534333148648,-3692456.9123772653
put,718.0,2026-10-07,344.0,0.0018118799287524096,-350206.22151206614
put,719.0,2026-10-07,214.0,0.002056516268647207,-247275.97522313634
put,720.0,2026-10-07,1433.0,0.002333994200428351,-1879238.7692388035
put,721.0,2026-10-07,199.0,0.002705516023013516,-302509.61804959225
put,722.0,2026-10-07,212.0,0.003081470389306885,-367053.9147138717
put,723.0,2026-10-07,321.0,0.0035064966180764303,-632432.9041815792
put,724.0,2026-10-07,181.0,0.003951015340495182,-401812.3595465081
put,725.0,2026-10-07,1490.0,0.004489044610088564,-3758167.9989041537
put,726.0,2026-10-07,136.0,0.005074374900911882,-387755.0468955617
put,727.0,2026-10-07,195.0,0.005772482856325563,-632460.2911853851
put,728.0,2026-10-07,158.0,0.006510198293649323,-577946.0560104168
put,729.0,2026-10-07,188.0,0.007366852241899388,-778172.3743931783
put,730.0,2026-10-07,1343.0,0.00828538649968799,-6252083.729130999
put,731.0,2026-10-07,118.0,0.00931617998128049,-617669.1035205876
put,732.0,2026-10-07,123.0,0.010465966213288248,-723303.2897236842
put,733.0,2026-10-07,165.0,0.01173433998429552,-1087874.0362961304
put,734.0,2026-10-07,160.0,0.013081814863316039,-1176045.1136071987
put,735.0,2026-10-07,768.0,0.014595037709276703,-6297996.891806829
put,736.0,2026-10-07,254.0,0.016220368418591605,-2314890.3867706857
put,737.0,2026-10-07,473.0,0.017960058341215775,-4773147.820809747
put,738.0,2026-10-07,284.0,0.019823505799425958,-3163259.367150453
put,739.0,2026-10-07,207.0,0.021785884756589123,-2533853.7701612688
put,740.0,2026-10-07,689.0,0.02383894326095111,-9228735.995662771
put,741.0,2026-10-07,308.0,0.02597515624161928,-4495157.215777028
put,742.0,2026-10-07,326.0,0.02813724757604244,-5153890.799430862
put,743.0,2026-10-07,281.0,0.030316251921928404,-4786497.404317035
put,744.0,2026-10-07,446.0,0.03246506645227508,-8135554.4369810475
put,745.0,2026-10-07,339.0,0.03451192907834873,-6573625.126981032
put,746.0,2026-10-07,70.0,0.03647012633275545,-1434403.4075206637
put,747.0,2026-10-07,84.0,0.03822847822938534,-1804273.1939969186
put,748.0,2026-10-07,20.0,0.03972679342937496,-446426.02899572055
put,750.0,2026-10-07,81.0,0.04177069273439834,-1901046.31278192
put,752.0,2026-10-07,30.0,0.042043562693633706,-708690.7519298929
put,754.0,2026-10-07,13.0,0.04032833061942394,-294570.7345396612
put,755.0,2026-10-07,93.0,0.03858956124198196,-2016456.1850947607
put,756.0,2026-10-07,2.0,0.036305300207979875,-40797.732724538604
put,760.0,2026-10-07,11.0,0.024011616949826443,-148405.53273079265
call,690.0,2026-10-08,11.0,0.00309700274928635,19141.24916439217
call,695.0,2026-10-08,34.0,0.0034956953039124764,66780.31890477751
call,705.0,2026-10-08,9.0,0.0045909490594734075,23215.65727960563
call,710.0,2026-10-08,12.0,0.005353596430476613,36096.315695131714
call,715.0,2026-10-08,46.0,0.00633150161604362,163644.17623655332
call,725.0,2026-10-08,8.0,0.008543333222400085,38401.95490878096
call,729.0,2026-10-08,115.0,0.010851931261235823,701198.3331571507
call,730.0,2026-10-08,150.0,0.011534662479051728,972147.4706013064
call,731.0,2026-10-08,21.0,0.012262043806219362,144683.2176422555
call,733.0,2026-10-08,96.0,0.013877392970596963,748540.1848229701
call,734.0,2026-10-08,136.0,0.01475969259311365,1127852.2784310614
call,735.0,2026-10-08,308.0,0.0156895268657384,2715167.1099343845
call,736.0,2026-10-08,117.0,0.016666626960273462,1095644.2836886174
call,737.0,2026-10-08,192.0,0.01769038011210999,1908421.9099025452
call,739.0,2026-10-08,322.0,0.019859816449570883,3593081.7839559894
call,740.0,2026-10-08,1486.0,0.020997568117571076,17531691.050473288
call,741.0,2026-10-08,950.0,0.022148509030255444,11822357.881116485
call,742.0,2026-10-08,137.0,0.023248712172601476,1789597.9289033536
call,743.0,2026-10-08,492.0,0.025109827046307702,6941364.088841586
call,744.0,2026-10-08,331.0,0.026273925872119352,4886399.428457844
call,745.0,2026-10-08,574.0,0.027357835307652647,8823271.106961196
call,746.0,2026-10-08,196.0,0.028414090843788143,3129146.0686746053
call,747.0,2026-10-08,239.0,0.029344881983624796,3940635.529648644
call,748.0,2026-10-08,211.0,0.03019121904602677,3579308.2787176734
call,749.0,2026-10-08,69.0,0.030865424765166696,1196623.0089292494
call,750.0,2026-10-08,474.0,0.031352425031323676,8349980.865049133
call,751.0,2026-10-08,106.0,0.03164248351070094,1884570.6718740144
call,752.0,2026-10-08,60.0,0.03172359793687493,1069472.6628963714
call,753.0,2026-10-08,75.0,0.03162629826928909,1332740.5948292413
call,754.0,2026-10-08,66.0,0.03123464308851036,1158287.8046636644
call,755.0,2026-10-08,378.0,0.030610198115069393,6501206.199145956
call,756.0,2026-10-08,110.0,0.029737909583454607,1837972.9791852375
call,757.0,2026-10-08,154.0,0.028685955787121832,2482138.701081841
call,758.0,2026-10-08,251.0,0.027366417805858998,3859470.049989391
call,759.0,2026-10-08,1119.0,0.025859486380656684,16258706.142428014
call,760.0,2026-10-08,606.0,0.024184807036126903,8234765.783619241
call,761.0,2026-10-08,223.0,0.022384832760760448,2804753.622722391
call,762.0,2026-10-08,147.0,0.020500645579988444,1693249.1754158104
call,763.0,2026-10-08,201.0,0.01857181272380938,2097424.581569413
call,764.0,2026-10-08,67.0,0.016668466209030047,627489.4699079525
call,765.0,2026-10-08,307.0,0.014811727033358908,2554936.294574895
call,766.0,2026-10-08,177.0,0.012986521496748036,1291522.8838748795
call,767.0,2026-10-08,59.0,0.011339679091061152,375914.23912272806
call,768.0,2026-10-08,223.0,0.009797067577212744,1227543.7155559985
call,769.0,2026-10-08,92.0,0.008349733389572761,431614.90755025484
call,770.0,2026-10-08,578.0,0.007135192618340961,2317232.124158787
call,771.0,2026-10-08,68.0,0.005942244308207087,227036.3606736726
call,772.0,2026-10-08,342.0,0.005038555665823484,968206.887127785
call,773.0,2026-10-08,511.0,0.004165861248861666,1196084.057059808
call,774.0,2026-10-08,180.0,0.0034638085652984626,350317.9473019695
call,775.0,2026-10-08,351.0,0.0027916786478085005,550564.9270829002
call,780.0,2026-10-08,833.0,0.0012117495851832803,567144.7048594902
call,785.0,2026-10-08,289.0,0.0006534211340800546,106102.84287228018
call,790.0,2026-10-08,130.0,0.0004016640710835586,29338.799459327747
call,795.0,2026-10-08,59.0,0.0002231970107922103,7399.057223106086
call,800.0,2026-10-08,89.0,0.00017802940710617019,8902.618285332279
call,805.0,2026-10-08,8.0,0.0001539548782744815,692.0212684648849
call,810.0,2026-10-08,89.0,0.0001243276622813089,6217.184776322471
call,825.0,2026-10-08,52.0,8.176098583232807e-05,2388.8312046039014
call,830.0,2026-10-08,88.0,7.715566203288256e-05,3814.9291323822126
call,835.0,2026-10-08,173.0,6.3562171125096e-05,6178.4683580480505
call,840.0,2026-10-08,40.0,6.127550260382421e-05,1377.155161076516
call,845.0,2026-10-08,0.0,5.194424170352849e-05,0.0
put,500.0,2026-10-08,162.0,3.076915129621133e-06,-280.0699619277411
put,505.0,2026-10-08,172.0,3.506387815847691e-06,-338.8631908377867
put,510.0,2026-10-08,176.0,3.556789453042888e-06,-351.72790550044806
put,515.0,2026-10-08,73.0,3.5937402243241513e-06,-147.4027348470417
put,520.0,2026-10-08,51.0,4.090792319276854e-06,-117.2232096496371
put,525.0,2026-10-08,34.0,4.114099703413436e-06,-78.59406107062661
put,530.0,2026-10-08,63.0,4.681170833680625e-06,-165.70325532676773
put,535.0,2026-10-08,51.0,4.68445649021447e-06,-134.234882240144
put,540.0,2026-10-08,146.0,4.664080690154236e-06,-382.60876210400255
put,545.0,2026-10-08,89.0,5.304167076413184e-06,-265.2425549829114
put,550.0,2026-10-08,40.0,7.371893844544106e-06,-165.68189934828067
put,555.0,2026-10-08,69.0,7.8636714963897e-06,-304.86702576860506
put,580.0,2026-10-08,266.0,1.0668663890644225e-05,-1594.5115532494183
put,615.0,2026-10-08,42.0,2.6120249980519114e-05,-616.3999856018717
put,625.0,2026-10-08,17.0,4.152777442034502e-05,-396.66472305129395
put,630.0,2026-10-08,42.0,4.4807090422987416e-05,-1057.3822958122512
put,635.0,2026-10-08,80.0,4.836422817112075e-05,-2173.9534922455073
put,640.0,2026-10-08,415.0,5.4584435281166666e-05,-12727.787586618639
put,645.0,2026-10-08,76.0,5.9086285178597327e-05,-2523.1105472349886
put,650.0,2026-10-08,29.0,6.711408019105461e-05,-1093.5726520654946
put,655.0,2026-10-08,92.0,7.293490282473266e-05,-3770.155269771382
put,660.0,2026-10-08,69.0,0.00010161679127730008,-3939.5858460113313
put,665.0,2026-10-08,4001.0,0.00011215110535375834,-252120.47125193605
put,670.0,2026-10-08,5575.0,0.00012744346645758963,-399207.2758142431
put,675.0,2026-10-08,6161.0,0.0001457464314354241,-504527.8441230283
put,680.0,2026-10-08,92.0,0.0001978540393410593,-10227.482593070601
put,685.0,2026-10-08,218.0,0.00022547673976962783,-27618.128168907617
put,690.0,2026-10-08,271.0,0.00029923521341773717,-45563.595799768686
put,693.0,2026-10-08,205.0,0.00037280604290326844,-42941.06436130029
put,695.0,2026-10-08,196.0,0.00039907081121956154,-43948.29547479529
put,696.0,2026-10-08,104.0,0.0004132573567322723,-24148.4874294126
put,697.0,2026-10-08,61.0,0.0004719190048013936,-16174.590820466838
put,698.0,2026-10-08,309.0,0.0004898701276145344,-85050.2191180617
put,699.0,2026-10-08,279.0,0.0005088671060896882,-79770.9165723432
put,700.0,2026-10-08,507.0,0.0005743007705163503,-163600.02240490308
put,701.0,2026-10-08,205.0,0.0005980235656986521,-68882.38244277392
put,702.0,2026-10-08,247.0,0.0006665204780225435,-92501.00492240499
put,703.0,2026-10-08,478.0,0.0006957277396179259,-186854.35172173654
put,704.0,2026-10-08,115.0,0.0007764075075876465,-50167.62796091994
put,705.0,2026-10-08,223.0,0.0008553248569667909,-107169.68568947312
put,706.0,2026-10-08,729.0,0.0009425690712057983,-386079.4748788559
put,707.0,2026-10-08,628.0,0.000989351966443675,-349097.2804521387
put,708.0,2026-10-08,1156.0,0.0010856345183254327,-705143.4531684092
put,709.0,2026-10-08,213.0,0.0011919886087445326,-142655.2335254808
put,710.0,2026-10-08,316.0,0.001355487285085722,-240668.1010474791
put,711.0,2026-10-08,596.0,0.0014722565353289536,-493021.3778509646
put,712.0,2026-10-08,114.0,0.0016007033734177882,-102530.17816885859
put,713.0,2026-10-08,1346.0,0.0017891502918004436,-1353093.7375197737
put,714.0,2026-10-08,130.0,0.001988456821077975,-145243.10264983287
put,715.0,2026-10-08,247.0,0.002209416549951113,-306627.1148472627
put,716.0,2026-10-08,696.0,0.0024313351964852094,-950801.9794278214
put,717.0,2026-10-08,630.0,0.0027251662840554066,-964649.5302536961
put,718.0,2026-10-08,1223.0,0.0029863173795887862,-2052099.5224753688
put,719.0,2026-10-08,323.0,0.003315306775011789,-601675.3842416696
put,720.0,2026-10-08,442.0,0.0037070901485763415,-920643.3428843004
put,721.0,2026-10-08,194.0,0.004079439283378765,-444670.3826107129
put,722.0,2026-10-08,93.0,0.004520944831616727,-236237.12928531677
put,723.0,2026-10-08,147.0,0.004990515936355944,-412191.2630099196
put,724.0,2026-10-08,305.0,0.00553988003870212,-949371.5225368919
put,725.0,2026-10-08,1321.0,0.006107596901343085,-4533244.927063088
put,726.0,2026-10-08,75.0,0.006764025336269197,-285037.8211620561
put,727.0,2026-10-08,103.0,0.007453621482633939,-431360.6842478139
put,728.0,2026-10-08,136.0,0.00822249349672025,-628316.4751674656
put,729.0,2026-10-08,650.0,0.009064827952262787,-3310616.8633318013
put,730.0,2026-10-08,541.0,0.009950635821454609,-3024712.4757446386
put,731.0,2026-10-08,234.0,0.010915705419299964,-1435171.0485381421
put,732.0,2026-10-08,130.0,0.011960518016339104,-873633.6276341975
put,733.0,2026-10-08,65.0,0.013074844361771322,-477513.75379070203
put,734.0,2026-10-08,467.0,0.014262254575268555,-3742321.246373736
put,735.0,2026-10-08,574.0,0.015521339451253663,-5005841.448401272
put,736.0,2026-10-08,137.0,0.016853637007782977,-1297329.2309568112
put,737.0,2026-10-08,464.0,0.01824080316562878,-4755519.184494483
put,738.0,2026-10-08,218.0,0.019682564895020644,-2410872.18361823
put,739.0,2026-10-08,475.0,0.021164736934877568,-5648621.633221538
put,740.0,2026-10-08,505.0,0.022671140131336046,-6432810.233241544
put,741.0,2026-10-08,275.0,0.024202064887301058,-3739565.2490732055
put,742.0,2026-10-08,517.0,0.025733051765604763,-7475114.291971428
put,743.0,2026-10-08,274.0,0.027243546877496708,-4194210.389460378
put,744.0,2026-10-08,488.0,0.028672192303064406,-7861704.635065137
put,745.0,2026-10-08,228.0,0.030084381706108467,-3854002.018926429
put,746.0,2026-10-08,83.0,0.031366380500903894,-1462778.2675414307
put,747.0,2026-10-08,214.0,0.03254373916423366,-3913066.461923406
put,748.0,2026-10-08,38.0,0.03354720357158738,-716268.6138235303
put,749.0,2026-10-08,2.0,0.034340960775539275,-38590.32513705449
put,750.0,2026-10-08,72.0,0.03495691995944947,-1414170.1209331579
put,751.0,2026-10-08,6.0,0.03531854961336206,-119066.64363796578
put,752.0,2026-10-08,11.0,0.035405116088444606,-218823.877020875
put,754.0,2026-10-08,8.0,0.034597346498322565,-155513.74453106112
put,755.0,2026-10-08,4.0,0.03375463407262833,-75862.89226205085
put,762.0,2026-10-08,1.0,0.0195642472373294,-10992.567547615527
call,450.0,2026-10-09,3.0,7.061931731241354e-05,119.03667025460778
call,455.0,2026-10-09,2.0,7.366398167396399e-05,82.77919252955593
call,500.0,2026-10-09,1.0,0.00011237137353604746,63.13812635000999
call,510.0,2026-10-09,20.0,0.00012368691578216624,1389.9198471561447
call,520.0,2026-10-09,5.0,0.00014141600489446878,397.28719619487265
call,530.0,2026-10-09,10.0,0.0001517515581396592,852.6467862884238
call,535.0,2026-10-09,10.0,0.0001614067917626918,906.8966669516996
call,545.0,2026-10-09,3.0,0.00018019668508423043,303.7414435550545
call,555.0,2026-10-09,225.0,0.00020758793085502277,26243.431345464895
call,560.0,2026-10-09,16.0,0.0002174898860389054,1955.217379297213
call,565.0,2026-10-09,1.0,0.00022729246702654277,127.70886436592107
call,570.0,2026-10-09,2.0,0.00024109453000354143,270.92766455821146
call,575.0,2026-10-09,0.0,0.00026724659991326236,0.0
call,580.0,2026-10-09,10.0,0.0002730663896678018,1534.278675276319
call,585.0,2026-10-09,12.0,0.0002863706204522915,1930.837420394872
call,590.0,2026-10-09,1.0,0.00031177737502600277,175.17841669125343
call,595.0,2026-10-09,16.0,0.0003465394229190616,3115.3628090171132
call,600.0,2026-10-09,7.0,0.0003563660096963096,1401.6200930289112
call,605.0,2026-10-09,18.0,0.00038004466200300554,3843.643878295332
call,610.0,2026-10-09,2.0,0.00045356889734171396,509.69369595912724
call,615.0,2026-10-09,2.0,0.0004393275068514978,493.69007005554863
call,620.0,2026-10-09,10.0,0.00047105795214838204,2646.7342673693233
call,625.0,2026-10-09,5.0,0.0005111468135212635,1435.9908168764068
call,630.0,2026-10-09,28.0,0.0005558311583691153,8744.539026778619
call,635.0,2026-10-09,5.0,0.0005994517585815939,1684.0704034786522
call,640.0,2026-10-09,25.0,0.000655021316410471,9200.923984480663
call,645.0,2026-10-09,5.0,0.0007122098301874485,2000.8474058417196
call,650.0,2026-10-09,67.0,0.0007817018969385743,29427.405184425195
call,655.0,2026-10-09,25.0,0.0009419475251245769,13231.306155859293
call,660.0,2026-10-09,78.0,0.0018316485937841342,80273.6037027516
call,665.0,2026-10-09,13.0,0.001994810721404225,14570.721139362346
call,670.0,2026-10-09,22.0,0.0021809416311167973,26958.93452714701
call,675.0,2026-10-09,21.0,0.002394208662318096,28249.92460028939
call,676.0,2026-10-09,12.0,0.002440202425728937,16452.924358980163
call,677.0,2026-10-09,4.0,0.002487580718017903,5590.789922299187
call,678.0,2026-10-09,2.0,0.00253889848999064,2853.062814960712
call,679.0,2026-10-09,2.0,0.0025889487891989776,2909.306358415453
call,680.0,2026-10-09,33.0,0.0026405606656152926,48960.52770300166
call,681.0,2026-10-09,2.0,0.002696738279798451,3030.43376413306
call,682.0,2026-10-09,1.0,0.002752061688885833,1546.301457106915
call,685.0,2026-10-09,14.0,0.002930494252921635,23051.803570722233
call,686.0,2026-10-09,5.0,0.002993163854487474,8408.847898005337
call,687.0,2026-10-09,1.0,0.003060810179328264,1719.7780338053003
call,688.0,2026-10-09,13.0,0.00312754168645433,22844.542229539544
call,689.0,2026-10-09,3.0,0.003196612900621029,5388.244608758964
call,690.0,2026-10-09,75.0,0.003271095871924411,137844.84737897245
call,691.0,2026-10-09,5.0,0.0033452449267031034,9397.967213872129
call,692.0,2026-10-09,11.0,0.0034251312262264877,21169.27091428922
call,693.0,2026-10-09,2.0,0.0035048821573111654,3938.577691572313
call,694.0,2026-10-09,14.0,0.0035903392939491976,28242.26530178275
call,695.0,2026-10-09,58.0,0.003675889489062232,119791.62064979777
call,696.0,2026-10-09,14.0,0.003767916162432597,29639.117415347617
call,697.0,2026-10-09,68.0,0.0038634997491188896,147613.40614894
call,698.0,2026-10-09,11.0,0.003962428800665166,24490.07737793352
call,699.0,2026-10-09,22.0,0.004062080341585201,50211.961847291524
call,700.0,2026-10-09,1217.0,0.00416909113613828,2850807.9920255817
call,701.0,2026-10-09,143.0,0.004280083209461028,343893.72411165695
call,702.0,2026-10-09,95.0,0.004395706700511036,234632.57812466775
call,703.0,2026-10-09,61.0,0.004515817944791115,154775.5159965579
call,704.0,2026-10-09,60.0,0.004641108447053506,156462.0324446752
call,705.0,2026-10-09,389.0,0.004771884057840821,1042978.8097832324
call,706.0,2026-10-09,229.0,0.00490847315480521,631564.7799103959
call,707.0,2026-10-09,120.0,0.005053634619943874,340738.40458142455
call,708.0,2026-10-09,92.0,0.0052021191003323326,268908.24530509266
call,709.0,2026-10-09,151.0,0.004385564294246335,372081.8022932348
call,710.0,2026-10-09,1131.0,0.005522741416476827,3509565.1978174066
call,711.0,2026-10-09,160.0,0.005695699879404086,512039.04670214414
call,712.0,2026-10-09,669.0,0.005753512866236578,2162694.655004703
call,713.0,2026-10-09,134.0,0.006065928651442214,456707.45061484916
call,714.0,2026-10-09,128.0,0.006266679312322205,450695.72751508537
call,715.0,2026-10-09,1047.0,0.006476927088506485,3810234.3712800657
call,716.0,2026-10-09,423.0,0.006695973087083382,1591439.2587418524
call,717.0,2026-10-09,405.0,0.006928994550809553,1576744.2050649833
call,718.0,2026-10-09,346.0,0.007172123318312242,1394311.6227102873
call,719.0,2026-10-09,577.0,0.007429164414639188,2408528.4657562873
call,720.0,2026-10-09,1391.0,0.0071523032590808866,5589964.513233606
call,721.0,2026-10-09,526.0,0.007983392678465677,2359441.6204123897
call,722.0,2026-10-09,360.0,0.008282914126966065,1675412.1481810086
call,723.0,2026-10-09,231.0,0.00859780563659583,1115926.5324822206
call,724.0,2026-10-09,324.0,0.008655486951643507,1575696.3054820083
call,725.0,2026-10-09,1391.0,0.0090895235925789,7104021.248009145
call,726.0,2026-10-09,181.0,0.009557688775421503,972002.6746800663
call,727.0,2026-10-09,204.0,0.01004681767928388,1151581.525740779
call,728.0,2026-10-09,441.0,0.010569819875512835,2619040.2714892225
call,729.0,2026-10-09,373.0,0.01111969929040863,2330439.7271421254
call,730.0,2026-10-09,1972.0,0.01170282925085157,12966828.881781865
call,731.0,2026-10-09,430.0,0.012318218938985227,2976133.2704250882
call,732.0,2026-10-09,452.0,0.01296055997871884,3291532.9090002617
call,733.0,2026-10-09,559.0,0.0136422676837129,4284837.688000535
call,734.0,2026-10-09,1816.0,0.014347628676884747,14639693.122122241
call,735.0,2026-10-09,1987.0,0.015072357956988499,16827324.405901317
call,736.0,2026-10-09,656.0,0.015838618300006276,5837906.467550345
call,737.0,2026-10-09,332.0,0.016634621688367296,3103037.4185272427
call,738.0,2026-10-09,1160.0,0.017417568279397302,11352238.625105135
call,739.0,2026-10-09,2917.0,0.0182478232222481,29907732.9869655
call,740.0,2026-10-09,3140.0,0.01909879335699994,33695474.648989
call,741.0,2026-10-09,1330.0,0.019930800855228067,14894035.7269309
call,742.0,2026-10-09,627.0,0.021245217175761156,7484533.150503284
call,743.0,2026-10-09,1036.0,0.022096614072563105,12862384.457383128
call,744.0,2026-10-09,1182.0,0.022916180029685627,15219335.906727992
call,745.0,2026-10-09,3753.0,0.023698763002586665,49973554.720882185
call,746.0,2026-10-09,1380.0,0.02442837071291845,18941291.550745815
call,747.0,2026-10-09,2143.0,0.02506888663743152,30185141.63591509
call,748.0,2026-10-09,6641.0,0.025674585070119407,95801633.53721781
call,749.0,2026-10-09,885.0,0.026163608375651244,13009988.45239491
call,750.0,2026-10-09,9080.0,0.02652971229162553,135348793.62793815
call,751.0,2026-10-09,1426.0,0.02679642135269096,21470013.828055087
call,752.0,2026-10-09,2172.0,0.0269217039688163,32854765.05398811
call,753.0,2026-10-09,1836.0,0.026927663865851877,27778408.154943805
call,754.0,2026-10-09,20514.0,0.026785450880961615,308734606.5564882
call,755.0,2026-10-09,3381.0,0.026509281051132812,50359234.61180112
call,756.0,2026-10-09,1325.0,0.026066270091236386,19405765.085758083
call,757.0,2026-10-09,896.0,0.025467525202221616,12821261.40317761
call,758.0,2026-10-09,935.0,0.024707012135166614,12979795.196225855
call,759.0,2026-10-09,689.0,0.023825241417530046,9223431.620623881
call,760.0,2026-10-09,9486.0,0.022783263972868367,121432535.42580326
call,761.0,2026-10-09,784.0,0.02166053678765047,9541601.581706198
call,762.0,2026-10-09,855.0,0.020418710925224848,9809128.773832342
call,763.0,2026-10-09,659.0,0.019116098008927,7078164.695227616
call,764.0,2026-10-09,588.0,0.017753154561298834,5865281.50143565
call,765.0,2026-10-09,1868.0,0.016370382044623537,17181919.790741414
call,766.0,2026-10-09,998.0,0.014973956009962399,8396592.848985588
call,767.0,2026-10-09,632.0,0.013589498836253011,4825657.776496379
call,768.0,2026-10-09,926.0,0.012246754709566366,6371886.138594341
call,769.0,2026-10-09,619.0,0.01097849199933759,3818293.773361761
call,770.0,2026-10-09,3748.0,0.00974979613888544,20531993.483447745
call,771.0,2026-10-09,478.0,0.00865393079349789,2324220.433055962
call,772.0,2026-10-09,612.0,0.007559766288531143,2599535.735999618
call,773.0,2026-10-09,219.0,0.006638348672944969,816845.9778789436
call,774.0,2026-10-09,343.0,0.005721676533860727,1102689.9656416886
call,775.0,2026-10-09,1755.0,0.005002897718386076,4933268.411263396
call,780.0,2026-10-09,3299.0,0.0023016621143939335,4266383.44339371
call,785.0,2026-10-09,5749.0,0.0012163451737979153,3929028.1959296907
call,790.0,2026-10-09,1391.0,0.0006220854211219355,486197.98438447
call,795.0,2026-10-09,1439.0,0.0003899579735547493,315293.19638279406
call,800.0,2026-10-09,996.0,0.00023049836939229625,128992.1247143214
call,805.0,2026-10-09,1223.0,0.00019960649880033373,137163.05027416357
call,810.0,2026-10-09,349.0,0.00016878579683319322,33097.662707929936
call,815.0,2026-10-09,121.0,0.00014586646958531643,9916.920750802601
call,820.0,2026-10-09,252.0,0.00011823387368624834,16740.88680442451
call,825.0,2026-10-09,118.0,0.00010607782630712436,7033.0324242542565
call,830.0,2026-10-09,124.0,9.63912346914787e-05,6715.7609511281435
call,835.0,2026-10-09,158.0,8.85497812211849e-05,7861.050387250429
call,840.0,2026-10-09,163.0,7.659319228133124e-05,7014.775484541456
call,845.0,2026-10-09,233.0,3.671385960428737e-05,4806.422725084713
call,850.0,2026-10-09,112.0,6.356564417265568e-05,4000.1518292789283
call,860.0,2026-10-09,538.0,5.458157478955988e-05,16499.255124037958
call,870.0,2026-10-09,120.0,4.54399242874616e-05,3063.7607327025844
call,880.0,2026-10-09,94.0,3.891170612623612e-05,2055.1528491180707
call,885.0,2026-10-09,63.0,3.633674246481075e-05,1286.2415682564113
call,890.0,2026-10-09,50.0,3.4115310095121274e-05,958.418808756737
call,895.0,2026-10-09,40.0,1.6192980533672764e-05,363.93412975069157
call,900.0,2026-10-09,92.0,1.562519130377609e-05,807.6983042903413
call,905.0,2026-10-09,29.0,1.3410954805413223e-05,218.52126068831953
call,910.0,2026-10-09,10.0,1.4698870121547809e-05,82.58857124665843
call,915.0,2026-10-09,0.0,1.2779150654982085e-05,0.0
call,920.0,2026-10-09,0.0,1.1174294098497163e-05,0.0
call,950.0,2026-10-09,4.0,8.603642330480133e-06,19.33652101735291
put,450.0,2026-10-09,653.0,8.98207199506894e-07,-329.55333699996106
put,455.0,2026-10-09,183.0,1.0097984082179714e-06,-103.82974131943365
put,460.0,2026-10-09,172.0,3.054628887440287e-06,-295.2044514143544
put,465.0,2026-10-09,192.0,3.1081994315427625e-06,-335.3096913639661
put,470.0,2026-10-09,373.0,3.4905865759374658e-06,-731.5487060527101
put,475.0,2026-10-09,217.0,3.5361161929464625e-06,-431.14391537456873
put,480.0,2026-10-09,468.0,3.568888716813977e-06,-938.4580409745681
put,485.0,2026-10-09,177.0,3.998084301114308e-06,-397.6135848112258
put,490.0,2026-10-09,147.0,4.015440771489452e-06,-331.65500806923234
put,495.0,2026-10-09,227.0,4.015585977097296e-06,-512.1660496493106
put,500.0,2026-10-09,732.0,4.48775942767789e-06,-1845.7660328538122
put,505.0,2026-10-09,328.0,4.462862726260948e-06,-822.4762627627003
put,510.0,2026-10-09,628.0,4.9807812283686125e-06,-1757.4910045418467
put,515.0,2026-10-09,231.0,4.923067295862413e-06,-638.9748325159329
put,520.0,2026-10-09,316.0,5.487256038409364e-06,-974.2677081930565
put,525.0,2026-10-09,161.0,5.387369252500494e-06,-487.34736229202105
put,530.0,2026-10-09,304.0,5.997214674914742e-06,-1024.3754911700514
put,535.0,2026-10-09,476.0,6.675511276546052e-06,-1785.3669339022106
put,540.0,2026-10-09,229.0,8.458792315779855e-06,-1088.3782265353461
put,545.0,2026-10-09,642.0,9.426559629892536e-06,-3400.3549026345154
put,550.0,2026-10-09,1480.0,9.843114150592764e-06,-8185.217753729205
put,555.0,2026-10-09,311.0,1.0256969332910222e-05,-1792.3195691030198
put,560.0,2026-10-09,201.0,1.142776825218908e-05,-1290.6054137564822
put,565.0,2026-10-09,201.0,1.187937725269103e-05,-1341.6082874660817
put,570.0,2026-10-09,658.0,1.2319674731752328e-05,-4554.7142497738705
put,575.0,2026-10-09,288.0,1.3728435505131672e-05,-2221.516463239442
put,580.0,2026-10-09,557.0,1.4198271956525281e-05,-4443.515364432348
put,585.0,2026-10-09,918.0,1.4642697176705213e-05,-7552.65701269353
put,590.0,2026-10-09,600.0,1.632651979952311e-05,-5504.030986828969
put,595.0,2026-10-09,548.0,1.6782178191910584e-05,-5167.314406365167
put,600.0,2026-10-09,385.0,1.8731744540575698e-05,-4052.0514993450756
put,605.0,2026-10-09,632.0,3.778990071841247e-05,-13419.268103422939
put,610.0,2026-10-09,322.0,4.116311314936065e-05,-7447.321197728531
put,615.0,2026-10-09,362.0,4.32064339731644e-05,-8788.059618200192
put,620.0,2026-10-09,957.0,4.710406940941516e-05,-25328.31895626432
put,625.0,2026-10-09,346.0,5.1409987318717914e-05,-9994.466026379632
put,630.0,2026-10-09,457.0,5.618070827206302e-05,-14425.783519258524
put,635.0,2026-10-09,473.0,6.148341168382088e-05,-16340.114654366556
put,640.0,2026-10-09,1550.0,6.739856370042393e-05,-58697.32913347618
put,645.0,2026-10-09,947.0,9.042230177303933e-05,-48112.900325256625
put,650.0,2026-10-09,2466.0,8.147628597150862e-05,-112891.25383991543
put,655.0,2026-10-09,2621.0,0.00010898751185091595,-160501.74532490657
put,660.0,2026-10-09,4035.0,0.00012157631734250116,-275631.29379402916
put,665.0,2026-10-09,1817.0,0.00013618552765341804,-139034.27791168093
put,670.0,2026-10-09,2111.0,0.00017854403915791193,-211772.51256637485
put,675.0,2026-10-09,1338.0,0.00020350952574131452,-152994.8655007267
put,676.0,2026-10-09,156.0,0.00024064034112025279,-21092.54738440152
put,677.0,2026-10-09,105.0,0.00024518277496293154,-14464.894006536455
put,678.0,2026-10-09,646.0,0.00024984402090568635,-90685.42218291578
put,679.0,2026-10-09,1205.0,0.000257856555444267,-174582.7074542078
put,680.0,2026-10-09,5298.0,0.0002662323879153721,-792517.4654954831
put,681.0,2026-10-09,988.0,0.0002715008523104468,-150717.65987154777
put,682.0,2026-10-09,102.0,0.0003141326704940372,-18003.18227723296
put,683.0,2026-10-09,154.0,0.00032099450648490486,-27775.01622374178
put,684.0,2026-10-09,204.0,0.00032807848953526957,-37604.85554752154
put,685.0,2026-10-09,712.0,0.0003396756866973635,-135887.79645472133
put,686.0,2026-10-09,2851.0,0.00035185802263764456,-563638.5325847211
put,687.0,2026-10-09,408.0,0.0003981143730757703,-91264.95011674333
put,688.0,2026-10-09,185.0,0.0004079921220144435,-42409.143963513394
put,689.0,2026-10-09,334.0,0.00041824678594616925,-78490.13564206315
put,690.0,2026-10-09,2597.0,0.00043438545656059903,-633845.230271626
put,691.0,2026-10-09,422.0,0.0004865652911963539,-115369.11923037963
put,692.0,2026-10-09,292.0,0.0004999839845750294,-82030.42190668134
put,693.0,2026-10-09,749.0,0.0005600731639487167,-235701.62790878286
put,694.0,2026-10-09,1084.0,0.0005766470116911381,-351216.83788144845
put,695.0,2026-10-09,1213.0,0.0006384236243637635,-435116.69869539083
put,696.0,2026-10-09,452.0,0.0006585586046119631,-167251.0542094527
put,697.0,2026-10-09,395.0,0.000721163896243015,-160054.19910839622
put,698.0,2026-10-09,922.0,0.000789602546463166,-409049.11919791665
put,699.0,2026-10-09,1483.0,0.0008170661733816641,-680823.2565426651
put,700.0,2026-10-09,5135.0,0.0008956130399839395,-2584025.8663000157
put,701.0,2026-10-09,4026.0,0.0009708710843699645,-2196197.221082987
put,702.0,2026-10-09,3236.0,0.0010527883920486984,-1914192.46023537
put,703.0,2026-10-09,1280.0,0.001129992698944623,-812683.8093281332
put,704.0,2026-10-09,1602.0,0.0012263701848878278,-1103875.5033826404
put,705.0,2026-10-09,2563.0,0.001317910839912421,-1897888.24894779
put,706.0,2026-10-09,410.0,0.0014172648305243473,-326490.7394236865
put,707.0,2026-10-09,576.0,0.0015176565816278412,-491170.1818273002
put,708.0,2026-10-09,1735.0,0.0016742849973388275,-1632168.0242199737
put,709.0,2026-10-09,320.0,0.0018373266549801118,-330348.5116195713
put,710.0,2026-10-09,7145.0,0.0019620986819537376,-7876967.973201226
put,711.0,2026-10-09,996.0,0.0021349533431074224,-1194768.3995311344
put,712.0,2026-10-09,435.0,0.002372848590195949,-579956.3187807011
put,713.0,2026-10-09,541.0,0.002570623633092223,-781397.0396437872
put,714.0,2026-10-09,802.0,0.002775134007618139,-1250530.6146062803
put,715.0,2026-10-09,18627.0,0.0030433921639982328,-31852009.249232545
put,716.0,2026-10-09,646.0,0.0033178080077162332,-1204258.6362920543
put,717.0,2026-10-09,862.0,0.0036534732933056497,-1769494.4441065765
put,718.0,2026-10-09,1787.0,0.003960717995590735,-3976806.6341269244
put,719.0,2026-10-09,846.0,0.004321281150148577,-2054087.2494465432
put,720.0,2026-10-09,4612.0,0.004739608025699263,-12281961.321153905
put,721.0,2026-10-09,676.0,0.005143895252259454,-1953776.1900417823
put,722.0,2026-10-09,1609.0,0.005638399167564214,-5097390.003275789
put,723.0,2026-10-09,619.0,0.006121707304150649,-2129115.4452899345
put,724.0,2026-10-09,671.0,0.0066584128377971475,-2510320.8871929212
put,725.0,2026-10-09,5256.0,0.007226323861588233,-21340705.78815919
put,726.0,2026-10-09,590.0,0.0078794595382311,-2612067.778308959
put,727.0,2026-10-09,3252.0,0.008559958106443841,-15640771.690081121
put,728.0,2026-10-09,596.0,0.00928960230706147,-3110852.232074908
put,729.0,2026-10-09,662.0,0.010071443552007302,-3746154.743360719
put,730.0,2026-10-09,23880.0,0.01088617421268271,-146064811.67013288
put,731.0,2026-10-09,330.0,0.01175175965671723,-2178977.9788969564
put,732.0,2026-10-09,992.0,0.012664976491446897,-7059144.316634353
put,733.0,2026-10-09,704.0,0.013626059288908664,-5389877.986522445
put,734.0,2026-10-09,673.0,0.014630028071565692,-5532179.005334782
put,735.0,2026-10-09,4718.0,0.015676159308375424,-41555987.35060989
put,736.0,2026-10-09,707.0,0.01675796653218209,-6656972.042908118
put,737.0,2026-10-09,1173.0,0.017869901472216534,-11777582.921277422
put,738.0,2026-10-09,1230.0,0.019012384239534746,-13139465.37347518
put,739.0,2026-10-09,1045.0,0.020162691743478508,-11838612.38892679
put,740.0,2026-10-09,3753.0,0.021315162347352538,-44947258.71699067
put,741.0,2026-10-09,978.0,0.02247636289589619,-12350964.992659224
put,742.0,2026-10-09,1140.0,0.023614505162318247,-15125846.936226709
put,743.0,2026-10-09,1001.0,0.02472261810990542,-13904793.334317902
put,744.0,2026-10-09,1478.0,0.025820785034125205,-21442720.10169839
put,745.0,2026-10-09,1542.0,0.026827378895744648,-23243344.40133808
put,746.0,2026-10-09,188.0,0.02776662529309208,-2933033.000216681
put,747.0,2026-10-09,102.0,0.028623418880759085,-1640429.9072027877
put,748.0,2026-10-09,76.0,0.02934395377343338,-1253049.4858415015
put,749.0,2026-10-09,112.0,0.029951279500922565,-1884817.9239627516
put,750.0,2026-10-09,559.0,0.03043642442048463,-9559637.845295409
put,751.0,2026-10-09,114.0,0.03079011219641777,-1972205.3078436884
put,752.0,2026-10-09,10.0,0.03084205824517159,-173292.33496939827
put,753.0,2026-10-09,11.0,0.030846462170886397,-190648.78724727978
put,754.0,2026-10-09,14.0,0.030516863739717324,-240051.2295225004
put,755.0,2026-10-09,63.0,0.0300207885706966,-1062670.5519588476
put,757.0,2026-10-09,17.0,0.028380883531992345,-271088.33698185073
put,758.0,2026-10-09,4.0,0.027206641048853196,-61146.40360966375
put,760.0,2026-10-09,215.0,0.02372587099572435,-2866134.884837735
put,761.0,2026-10-09,5.0,0.022461087017353755,-63101.07750019287
put,763.0,2026-10-09,3.0,0.018913821251992362,-31881.337703504647
put,764.0,2026-10-09,2.0,0.017056505996703334,-19167.08494026009
put,765.0,2026-10-09,112.0,0.015046845260933242,-946889.8864914067
put,766.0,2026-10-09,1.0,0.013194485341034826,-7413.588144122581
put,768.0,2026-10-09,3.0,0.009390303113612457,-15828.394522434963
put,770.0,2026-10-09,63.0,0.005764701832958742,-204057.8935587334
put,771.0,2026-10-09,0.0,0.011783452599388492,-0.0
put,772.0,2026-10-09,3.0,0.01117914953244037,-18843.69301862595
put,773.0,2026-10-09,0.0,0.01068834747281032,-0.0
put,774.0,2026-10-09,0.0,0.010174784449869807,-0.0
put,775.0,2026-10-09,0.0,0.00970862722930822,-0.0
put,780.0,2026-10-09,0.0,0.007841432099973296,-0.0
put,785.0,2026-10-09,0.0,0.00652868388339155,-0.0
put,790.0,2026-10-09,0.0,0.005739605483096165,-0.0
put,850.0,2026-10-09,0.0,0.0017923117257043933,-0.0
put,860.0,2026-10-09,0.0,0.0015778746103765739,-0.0
call,300.0,2026-10-16,14.0,3.7662088516908585e-05,296.2568739690841
call,305.0,2026-10-16,0.0,3.827195032386153e-05,0.0
call,310.0,2026-10-16,11.0,4.251687686143287e-05,262.7786281055122
call,315.0,2026-10-16,10.0,0.0,0.0
call,320.0,2026-10-16,0.0,0.0,0.0
call,325.0,2026-10-16,10.0,4.578943455832775e-05,257.2771884568798
call,330.0,2026-10-16,13.0,4.780321234470913e-05,349.16960750550186
call,335.0,2026-10-16,17.0,4.9996053806710525e-05,477.55197849419585
call,340.0,2026-10-16,2.0,0.0,0.0
call,345.0,2026-10-16,2.0,5.396298418154232e-05,60.640385647414796
call,350.0,2026-10-16,13.0,4.364241879660287e-05,318.777870656786
call,355.0,2026-10-16,151.0,5.887370348278879e-05,4994.986330104207
call,360.0,2026-10-16,280.0,6.558380624999331e-05,10317.884210746335
call,365.0,2026-10-16,4.0,0.0,0.0
call,370.0,2026-10-16,17.0,6.854429838559619e-05,654.7209792814579
call,375.0,2026-10-16,1.0,0.0,0.0
call,380.0,2026-10-16,53.0,7.473878358892565e-05,2225.6552579950776
call,385.0,2026-10-16,33.0,0.0,0.0
call,390.0,2026-10-16,6.0,8.137849373019722e-05,274.3449042738157
call,395.0,2026-10-16,34.0,8.422940455048326e-05,1609.0837467285232
call,400.0,2026-10-16,385.0,8.934218444078236e-05,19326.503819964553
call,405.0,2026-10-16,3.0,9.441541159071409e-05,159.1476191529442
call,410.0,2026-10-16,5.0,9.847959003461824e-05,276.6637357381908
call,420.0,2026-10-16,3.0,0.00010455548221532041,176.23982974399055
call,425.0,2026-10-16,13.0,0.00010866724002910008,793.7394934059618
call,430.0,2026-10-16,1.0,0.00011306301308839529,63.526738005012966
call,435.0,2026-10-16,66.0,0.0,0.0
call,440.0,2026-10-16,62.0,0.0001234535381057167,4300.621592526796
call,445.0,2026-10-16,1.0,0.0001289198808148095,72.43623947786426
call,450.0,2026-10-16,71.0,0.00013480721207181622,5377.835039122578
call,455.0,2026-10-16,3.0,0.0,0.0
call,460.0,2026-10-16,80.0,0.00014621475089671366,6572.296929976041
call,465.0,2026-10-16,63.0,0.00014974026210050115,5300.47925297086
call,470.0,2026-10-16,55.0,0.00016207127111468473,5008.465981360195
call,475.0,2026-10-16,48.0,0.000166797122414346,4498.479977633842
call,480.0,2026-10-16,24.0,0.00017504240166504666,2360.4266300562626
call,485.0,2026-10-16,52.0,0.00018333022360631366,5356.405068254577
call,490.0,2026-10-16,34.0,0.0001914467105221463,3657.3188651855266
call,495.0,2026-10-16,56.0,0.00020063810247746363,6313.023985632242
call,500.0,2026-10-16,94.0,0.00021004905731459135,11093.908789149345
call,505.0,2026-10-16,7.0,0.00022430898920925235,882.2277595739769
call,510.0,2026-10-16,12.0,0.00022972873285341606,1548.9327544589014
call,515.0,2026-10-16,17.0,0.0002402266113653348,2294.594969194828
call,520.0,2026-10-16,50.0,0.0002521943701371618,7085.025084868864
call,525.0,2026-10-16,33.0,0.00026504474961525326,4914.384651355458
call,530.0,2026-10-16,41.0,0.0002856025374360002,6579.3337716749975
call,535.0,2026-10-16,76.0,0.0002988269281758549,12760.547934251277
call,540.0,2026-10-16,236.0,0.00031332749488561373,41547.654352583224
call,545.0,2026-10-16,31.0,0.00034435300066003836,5997.9323914628985
call,550.0,2026-10-16,131.0,0.00034539457967529513,25422.76681591758
call,555.0,2026-10-16,85.0,0.0003631695074452383,17344.600583852265
call,560.0,2026-10-16,104.0,0.00038240188948515094,22345.463597392878
call,565.0,2026-10-16,159.0,0.000402395734786867,35948.97347469891
call,570.0,2026-10-16,74.0,0.00043376064448583264,18035.07138998611
call,575.0,2026-10-16,142.0,0.00045113826472381304,35994.32300740988
call,580.0,2026-10-16,414.0,0.0004776439300281878,111106.79106392691
call,585.0,2026-10-16,93.0,0.0005060902094127779,26445.201762907767
call,590.0,2026-10-16,289.0,0.0005366788521946852,87146.17412468312
call,595.0,2026-10-16,219.0,0.0005715837832018576,70333.14116688879
call,600.0,2026-10-16,496.0,0.00047046297650169395,131112.2073144647
call,605.0,2026-10-16,361.0,0.000649765740457806,131795.32683636583
call,610.0,2026-10-16,285.0,0.0006940758170482869,111144.44806958469
call,615.0,2026-10-16,478.0,0.0007441868979881045,199869.219617062
call,620.0,2026-10-16,409.0,0.0007977700811729141,183331.48379985598
call,625.0,2026-10-16,1809.0,0.0010610972294288982,1078523.8366244857
call,630.0,2026-10-16,1038.0,0.0009260240085609016,540076.8980429668
call,632.0,2026-10-16,2.0,0.0013612955512712736,1529.7428128045533
call,635.0,2026-10-16,293.0,0.0012893289992454984,212259.61476611465
call,638.0,2026-10-16,2.0,0.0015163936712824832,1704.0328368519215
call,640.0,2026-10-16,331.0,0.001557755511844315,289709.86976980156
call,645.0,2026-10-16,327.0,0.00146759047410094,269642.68146638834
call,650.0,2026-10-16,1682.0,0.0016069692236171903,1518691.461732775
call,651.0,2026-10-16,2.0,0.0017325422467005156,1946.927724325029
call,652.0,2026-10-16,103.0,0.001843783633444555,106704.60950835812
call,653.0,2026-10-16,91.0,0.0018714740638921632,95688.8214423094
call,654.0,2026-10-16,8.0,0.0018999793051632347,8540.334048213326
call,655.0,2026-10-16,947.0,0.0019289076875081206,1026354.5771997881
call,656.0,2026-10-16,107.0,0.0018734580310774101,112632.50593661005
call,657.0,2026-10-16,18.0,0.0019874553384204323,20100.454785086968
call,658.0,2026-10-16,15.0,0.0019448513126301044,16391.309998907058
call,659.0,2026-10-16,29.0,0.0020500027894776608,33403.22896252033
call,660.0,2026-10-16,1057.0,0.0020808414665119995,1235805.0956257526
call,661.0,2026-10-16,14.0,0.002113945616117988,16628.68270543725
call,662.0,2026-10-16,8.0,0.0021478298198106716,9654.41259809987
call,663.0,2026-10-16,12.0,0.0021825195207930757,14715.512208737937
call,664.0,2026-10-16,37.0,0.002217816898579054,46106.63346740905
call,665.0,2026-10-16,483.0,0.002254196668699433,611751.3478781333
call,666.0,2026-10-16,9.0,0.002291237416690163,11586.402271731828
call,667.0,2026-10-16,39.0,0.002329193587045545,51039.47438061906
call,668.0,2026-10-16,8.0,0.0023680966106748155,10644.503368349662
call,669.0,2026-10-16,17.0,0.0024082111384971755,23002.73534121858
call,670.0,2026-10-16,668.0,0.002448875847225804,919134.8451584491
call,671.0,2026-10-16,28.0,0.0024908220457372002,39186.52320898708
call,672.0,2026-10-16,122.0,0.002533855224273709,173691.12510388327
call,673.0,2026-10-16,24.0,0.0025780144048295293,34764.2273868743
call,674.0,2026-10-16,58.0,0.0026231024726106316,85482.90073994648
call,675.0,2026-10-16,519.0,0.0026696370187881094,778494.5458641058
call,676.0,2026-10-16,60.0,0.002717186041971286,91602.35221976678
call,677.0,2026-10-16,163.0,0.0027674748288125093,253458.74750765954
call,678.0,2026-10-16,59.0,0.002817676078567539,93406.92542207646
call,679.0,2026-10-16,66.0,0.002869036212435758,106393.71311482007
call,680.0,2026-10-16,1506.0,0.002923293468029972,2473622.306119102
call,681.0,2026-10-16,45.0,0.0029778589616790553,75292.65973741052
call,682.0,2026-10-16,55.0,0.0030351914343873404,93796.0993425409
call,683.0,2026-10-16,119.0,0.0030927173607423466,206786.9816644076
call,684.0,2026-10-16,61.0,0.0031531300168890354,108070.63777474983
call,685.0,2026-10-16,1129.0,0.00321529702232204,2039628.3542736233
call,686.0,2026-10-16,118.0,0.003278116888652658,217341.39141990704
call,687.0,2026-10-16,92.0,0.0033440140425957782,172858.96980185888
call,688.0,2026-10-16,97.0,0.0034116537897188244,185939.94059314244
call,689.0,2026-10-16,231.0,0.0034813509638818496,451851.5623268367
call,690.0,2026-10-16,2668.0,0.003553189916807646,5326479.339044757
call,691.0,2026-10-16,108.0,0.00362725924843631,220109.2797635257
call,692.0,2026-10-16,318.0,0.003703437520220218,661710.6776746404
call,693.0,2026-10-16,150.0,0.003783196845732055,318849.8363991674
call,694.0,2026-10-16,117.0,0.003864211052435749,254028.65022774454
call,695.0,2026-10-16,1183.0,0.00394895267428983,2624839.024019892
call,696.0,2026-10-16,105.0,0.003973330436622968,234412.07738751528
call,697.0,2026-10-16,78.0,0.004126059188748361,180828.15737455655
call,698.0,2026-10-16,325.0,0.004218960989544527,770415.2506412746
call,699.0,2026-10-16,120.0,0.0043147685157981525,290920.7829171378
call,700.0,2026-10-16,10145.0,0.0044138681471847735,25159812.918696407
call,701.0,2026-10-16,257.0,0.004474680297132224,646146.7072892933
call,702.0,2026-10-16,267.0,0.00462303215235856,693544.2505078127
call,703.0,2026-10-16,245.0,0.004732780489420259,651506.0407786604
call,704.0,2026-10-16,250.0,0.004846203948430491,680734.3978841875
call,705.0,2026-10-16,4198.0,0.004963781384062051,11708225.564303914
call,706.0,2026-10-16,627.0,0.0049285506462177515,1736292.0035308867
call,707.0,2026-10-16,1065.0,0.005194701491904338,3108466.5951769995
call,708.0,2026-10-16,1319.0,0.0052213887979870345,3869606.725173998
call,709.0,2026-10-16,1317.0,0.005474692529815604,4051179.709206625
call,710.0,2026-10-16,5395.0,0.005613393722941261,17015822.79837155
call,711.0,2026-10-16,768.0,0.005756852343106918,2484175.7099697846
call,712.0,2026-10-16,8845.0,0.005904766096221549,29345163.69580352
call,713.0,2026-10-16,1452.0,0.00606026168769553,4944176.826122484
call,714.0,2026-10-16,2617.0,0.006215213063484741,9138938.282241032
call,715.0,2026-10-16,7346.0,0.006441148374814113,26585830.281357393
call,716.0,2026-10-16,1530.0,0.006641983538706565,5709856.928045226
call,717.0,2026-10-16,2285.0,0.006849993626658708,8794524.68701054
call,718.0,2026-10-16,9301.0,0.007064930381662941,36921006.47934816
call,719.0,2026-10-16,3201.0,0.007286946662058329,13105912.536185663
call,720.0,2026-10-16,18975.0,0.007525402223797391,80231978.60593358
call,721.0,2026-10-16,2017.0,0.007759204990661172,8793446.474526688
call,722.0,2026-10-16,1083.0,0.008014599555331773,4876927.338982112
call,723.0,2026-10-16,1487.0,0.008246098735502791,6889623.660484643
call,724.0,2026-10-16,1717.0,0.008153813448900935,7866237.718376307
call,725.0,2026-10-16,10163.0,0.008787811825160865,50180926.4209047
call,726.0,2026-10-16,2155.0,0.00856784906349142,10374211.126417186
call,727.0,2026-10-16,1871.0,0.00933027613538076,9808538.14050026
call,728.0,2026-10-16,2278.0,0.00961731874747417,12309594.03713155
call,729.0,2026-10-16,1534.0,0.00990529920320076,8537465.440351283
call,730.0,2026-10-16,16566.0,0.01023697307611218,95285149.25942205
call,731.0,2026-10-16,2863.0,0.010529694516788222,16938428.698888563
call,732.0,2026-10-16,1314.0,0.010829731148330067,7995562.841774577
call,733.0,2026-10-16,1760.0,0.011100066356793923,10976761.886343904
call,734.0,2026-10-16,4425.0,0.011449600219589446,28466862.158818938
call,735.0,2026-10-16,11056.0,0.011769015322560108,73109558.0904943
call,736.0,2026-10-16,1418.0,0.012082133980838199,9626222.124003436
call,737.0,2026-10-16,975.0,0.012404659071327193,6795563.090940905
call,738.0,2026-10-16,1814.0,0.01281881124127644,13065349.624100668
call,739.0,2026-10-16,2777.0,0.013137768776616996,20499038.6522005
call,740.0,2026-10-16,27657.0,0.013434707593371344,208770575.62677214
call,741.0,2026-10-16,1426.0,0.013746638669315206,11014176.797523582
call,742.0,2026-10-16,1915.0,0.014033562430073445,15099852.66790245
call,743.0,2026-10-16,2245.0,0.014337611142149492,18085442.672747005
call,744.0,2026-10-16,2262.0,0.014614191501036532,18573912.48964044
call,745.0,2026-10-16,15061.0,0.014894000979271845,126037908.302421
call,746.0,2026-10-16,4590.0,0.015125816937100578,39009243.30541154
call,747.0,2026-10-16,3183.0,0.015346806521222058,27446732.971663404
call,748.0,2026-10-16,3558.0,0.01555583616132102,31098203.74973283
call,749.0,2026-10-16,2041.0,0.01587057274634141,18200009.108854763
call,750.0,2026-10-16,40053.0,0.016040783353833264,360991207.76708734
call,751.0,2026-10-16,1277.0,0.016182567409236983,11611125.589620914
call,752.0,2026-10-16,5129.0,0.016291035003309647,46948030.32172347
call,753.0,2026-10-16,1453.0,0.01638162942582508,13373919.728926899
call,754.0,2026-10-16,730.0,0.016438407996387766,6742463.683931756
call,755.0,2026-10-16,21379.0,0.016474258428226928,197892466.80663702
call,756.0,2026-10-16,6694.0,0.016458989353031597,61904878.11398861
call,757.0,2026-10-16,3412.0,0.01640340657588091,31446989.27088403
call,758.0,2026-10-16,1660.0,0.01632630032952097,15227614.362893777
call,759.0,2026-10-16,2078.0,0.016207543005976797,18923380.692161113
call,760.0,2026-10-16,79605.0,0.01606771823629915,718671718.3387975
call,761.0,2026-10-16,1431.0,0.015873400295965692,12762789.393025517
call,762.0,2026-10-16,939.0,0.01563906274103337,8251108.817869722
call,763.0,2026-10-16,1763.0,0.015381182533328437,15236248.206084684
call,764.0,2026-10-16,1317.0,0.015086845751250341,11164010.22532934
call,765.0,2026-10-16,11080.0,0.014756265717093587,91865454.47479497
call,766.0,2026-10-16,1772.0,0.014392401507434708,14329564.253383007
call,767.0,2026-10-16,899.0,0.014006466106152634,7074964.530649755
call,768.0,2026-10-16,1010.0,0.01359170887367034,7713143.972758276
call,769.0,2026-10-16,1034.0,0.01315120478701078,7640505.273566181
call,770.0,2026-10-16,30826.0,0.012694198202481228,219866189.40669137
call,771.0,2026-10-16,1483.0,0.012217337541203912,10180139.384130407
call,772.0,2026-10-16,2280.0,0.011728626319874213,15025121.65867475
call,773.0,2026-10-16,1380.0,0.011228531265351385,8706388.44002856
call,774.0,2026-10-16,2222.0,0.010720464038026812,13384237.653042646
call,775.0,2026-10-16,41135.0,0.010212637378852384,236039895.56057066
call,780.0,2026-10-16,11414.0,0.0077161095013599705,49484849.17754516
call,785.0,2026-10-16,20286.0,0.005521073529659524,62929742.22563784
call,790.0,2026-10-16,3929.0,0.00382037816075363,8433821.073830659
call,795.0,2026-10-16,4517.0,0.0025778773504681936,6542569.456562073
call,800.0,2026-10-16,23099.0,0.0017821169250045543,23129453.644825894
call,805.0,2026-10-16,2916.0,0.001182775380289277,1937875.1612868074
call,810.0,2026-10-16,2874.0,0.0008444313989465221,1363600.4562248546
call,815.0,2026-10-16,2012.0,0.0006128227333050096,692785.587925149
call,820.0,2026-10-16,5012.0,0.0004733475645449366,1332990.977284265
call,825.0,2026-10-16,7417.0,0.0003581139038584103,1492400.76318922
call,830.0,2026-10-16,2703.0,0.0003167193708540517,481012.8431216236
call,835.0,2026-10-16,1885.0,0.00023777735993988787,251836.02500509925
call,840.0,2026-10-16,3714.0,0.00021628320382098686,451336.7466946654
call,845.0,2026-10-16,1667.0,0.00019180814413850925,179654.7249206724
call,850.0,2026-10-16,7159.0,0.0001776627872538204,714635.9079210572
call,855.0,2026-10-16,664.0,0.00016042310295345734,59850.94228009292
call,860.0,2026-10-16,850.0,0.00015074059093867737,71992.1493408821
call,865.0,2026-10-16,1005.0,0.0001424277244858335,80426.02380181346
call,870.0,2026-10-16,356.0,9.237277678389243e-05,18476.937827979684
call,875.0,2026-10-16,285.0,8.930130620482631e-05,14300.086743027803
call,880.0,2026-10-16,1339.0,8.123610088373604e-05,61117.509371544686
call,885.0,2026-10-16,3333.0,7.921174960575853e-05,148340.90360400794
call,890.0,2026-10-16,290.0,7.285901680466613e-05,11871.820042403408
call,895.0,2026-10-16,462.0,6.737567411245052e-05,17489.649234668646
call,900.0,2026-10-16,17805.0,6.26165571242936e-05,626422.2331902458
call,905.0,2026-10-16,208.0,6.196812859714403e-05,7242.153346210451
call,910.0,2026-10-16,571.0,5.805825070164611e-05,18626.70579994144
call,915.0,2026-10-16,267.0,5.461617718662067e-05,8193.483070017568
call,920.0,2026-10-16,6492.0,5.445924920672762e-05,198648.8985639862
call,925.0,2026-10-16,893.0,5.156448098467163e-05,25872.48299570601
call,930.0,2026-10-16,144.0,4.898696992626688e-05,3963.501891192866
call,935.0,2026-10-16,81.0,4.668452260514557e-05,2124.682013937744
call,940.0,2026-10-16,659.0,4.462165112984287e-05,16522.16867283919
call,945.0,2026-10-16,225.0,4.276835782223819e-05,5406.809816173989
call,950.0,2026-10-16,907.0,4.109916483505361e-05,20944.80321620874
call,955.0,2026-10-16,0.0,2.8709246605788777e-08,0.0
call,960.0,2026-10-16,0.0,1.6270221930023515e-08,0.0
call,965.0,2026-10-16,0.0,7.319398994980136e-05,0.0
call,970.0,2026-10-16,15745.0,3.424866156758571e-05,302985.7961920822
call,975.0,2026-10-16,98.0,4.519098714529954e-05,2488.36396952946
call,980.0,2026-10-16,0.0,6.642728789895196e-05,0.0
call,985.0,2026-10-16,30.0,4.2556585925973434e-05,717.3383259457695
call,990.0,2026-10-16,0.0,6.20971224550901e-05,0.0
call,1000.0,2026-10-16,0.0,1.2590983241110852e-10,0.0
call,1010.0,2026-10-16,0.0,3.436723099896923e-11,0.0
call,1015.0,2026-10-16,2.0,3.4273968349282706e-05,38.515043040905255
call,1020.0,2026-10-16,0.0,9.093990555509014e-12,0.0
call,1025.0,2026-10-16,50.0,3.311908734764271e-05,930.4314149375813
call,1030.0,2026-10-16,0.0,2.335270610750144e-12,0.0
call,1035.0,2026-10-16,50.0,3.214723490299775e-05,903.1286684672468
call,1040.0,2026-10-16,0.0,5.825374547674854e-13,0.0
call,1045.0,2026-10-16,0.0,2.878883212099542e-13,0.0
call,1050.0,2026-10-16,0.0,1.4129597490898995e-13,0.0
call,1055.0,2026-10-16,0.0,6.887960543716568e-14,0.0
call,1060.0,2026-10-16,16.0,1.01492350322508e-05,91.24084380677414
call,1065.0,2026-10-16,0.0,1.6046174136367658e-14,0.0
call,1070.0,2026-10-16,0.0,7.66983802950078e-15,0.0
call,1075.0,2026-10-16,687.0,1.0444049294203846e-05,4031.4534596628173
call,1080.0,2026-10-16,0.0,1.719469599797287e-15,0.0
call,1085.0,2026-10-16,8716.0,5.10770703271531e-06,25013.772820412883
put,300.0,2026-10-16,4920.0,1.4171496576616536e-06,-3917.570489062063
put,305.0,2026-10-16,830.0,1.5740864648167735e-06,-734.0787923868811
put,310.0,2026-10-16,337.0,1.743970728999869e-06,-330.22130762162277
put,315.0,2026-10-16,483.0,1.65284749462962e-06,-448.5552200110569
put,320.0,2026-10-16,288.0,1.8225105786996517e-06,-294.91614346703284
put,325.0,2026-10-16,322.0,1.7082637354241366e-06,-309.06284182086193
put,330.0,2026-10-16,445.0,1.8747057925917494e-06,-468.73688847350013
put,335.0,2026-10-16,380.0,2.0528262851433112e-06,-438.3003294275868
put,340.0,2026-10-16,758.0,1.8961906832934318e-06,-807.5830860568059
put,345.0,2026-10-16,773.0,2.0665732591418546e-06,-897.5658074489012
put,350.0,2026-10-16,563.0,2.247606583369928e-06,-710.9919619290422
put,355.0,2026-10-16,509.0,2.234485519130235e-06,-639.044832493102
put,360.0,2026-10-16,433.0,2.2106197635990105e-06,-537.8212345798769
put,365.0,2026-10-16,315.0,2.387835949550309e-06,-422.62096822011074
put,370.0,2026-10-16,783.0,2.5742522671390466e-06,-1132.527787207521
put,375.0,2026-10-16,362.0,2.7699514560092744e-06,-563.3998526712274
put,380.0,2026-10-16,831.0,2.454142355860709e-06,-1145.8737623189454
put,385.0,2026-10-16,794.0,3.8354825957026516e-06,-1711.1044444292145
put,390.0,2026-10-16,535.0,5.341584837335028e-06,-1605.6833831394877
put,395.0,2026-10-16,354.0,5.255527145809482e-06,-1045.3351310954624
put,400.0,2026-10-16,1864.0,5.622148955606976e-06,-5888.223095102763
put,405.0,2026-10-16,766.0,6.005309629841808e-06,-2584.640673744379
put,410.0,2026-10-16,860.0,5.852521867403153e-06,-2827.987573811345
put,415.0,2026-10-16,669.0,6.227684618757226e-06,-2340.9316275416913
put,420.0,2026-10-16,507.0,6.617003063383638e-06,-1884.9737019324712
put,425.0,2026-10-16,480.0,5.224840845476296e-06,-1409.127543058684
put,430.0,2026-10-16,488.0,5.514902339184526e-06,-1512.1457342229364
put,435.0,2026-10-16,870.0,5.8111649413762225e-06,-2840.6547650389366
put,440.0,2026-10-16,1042.0,7.524670923526894e-06,-4405.459683560609
put,445.0,2026-10-16,1407.0,7.925774560588472e-06,-6265.731970811187
put,450.0,2026-10-16,11255.0,8.335281404560286e-06,-52711.06200635254
put,455.0,2026-10-16,474.0,8.75218343406811e-06,-2330.9381691800613
put,460.0,2026-10-16,1221.0,9.175316886166063e-06,-6294.666663118751
put,465.0,2026-10-16,630.0,9.603347781752496e-06,-3399.376023669488
put,470.0,2026-10-16,2102.0,1.0034756393453306e-05,-11851.56072543598
put,475.0,2026-10-16,722.0,1.04678206494816e-05,-4246.483795193183
put,480.0,2026-10-16,516.0,1.0900598493723018e-05,-3160.356282550752
put,485.0,2026-10-16,443.0,1.1330909259112483e-05,-2820.3596216001642
put,490.0,2026-10-16,2603.0,1.1756314161238598e-05,-17194.175361093785
put,495.0,2026-10-16,538.0,1.4559774497650952e-05,-4401.218449841317
put,500.0,2026-10-16,6717.0,1.258123893216519e-05,-47482.629240662354
put,505.0,2026-10-16,1200.0,1.5649690116429608e-05,-10551.71345673015
put,510.0,2026-10-16,1078.0,1.7205623426064684e-05,-10421.378624892697
put,515.0,2026-10-16,12442.0,1.7779498347532478e-05,-124292.72242532605
put,520.0,2026-10-16,5726.0,2.078734371781941e-05,-66878.47189530291
put,525.0,2026-10-16,5420.0,2.2846622155516258e-05,-69575.65223654117
put,530.0,2026-10-16,1748.0,2.3583744571962423e-05,-23162.753815676904
put,535.0,2026-10-16,1561.0,2.7601985624984117e-05,-24209.13258650717
put,540.0,2026-10-16,7829.0,2.940372444690078e-05,-129343.50866329331
put,545.0,2026-10-16,916.0,3.130797792583109e-05,-16113.374211946137
put,550.0,2026-10-16,16908.0,3.908759273055019e-05,-371336.09347468935
put,555.0,2026-10-16,1645.0,3.78735673450261e-05,-35005.64759870575
put,560.0,2026-10-16,2800.0,4.4489117702423986e-05,-69991.9067432782
put,565.0,2026-10-16,1008.0,5.9093785740928056e-05,-33468.66163106535
put,570.0,2026-10-16,16202.0,6.136732297392916e-05,-558652.5774806899
put,575.0,2026-10-16,5143.0,7.427092315844036e-05,-214620.5714560727
put,580.0,2026-10-16,4376.0,7.729675730969064e-05,-190052.93856703863
put,585.0,2026-10-16,3917.0,8.29326829730666e-05,-182522.0288677841
put,590.0,2026-10-16,4327.0,9.782400480875564e-05,-237830.93000096412
put,595.0,2026-10-16,8610.0,0.00011198232657500044,-541737.1744410894
put,600.0,2026-10-16,13571.0,0.00012073917140615417,-920653.1472283754
put,605.0,2026-10-16,11423.0,0.0001282386278133636,-823066.7160314645
put,610.0,2026-10-16,17822.0,0.0001477038406284464,-1479054.6730701113
put,615.0,2026-10-16,4749.0,0.0001704541712950161,-454826.5452689129
put,620.0,2026-10-16,26990.0,0.00019408120923094938,-2943217.617969505
put,621.0,2026-10-16,101.0,0.00020930176473235988,-11877.642908173346
put,622.0,2026-10-16,11.0,0.00021228343834183574,-1312.0331222538607
put,623.0,2026-10-16,569.0,0.00021531742265191265,-68837.8725016843
put,624.0,2026-10-16,29.0,0.00021840497954442306,-3558.7422493877693
put,625.0,2026-10-16,12617.0,0.0002319790224096034,-1644526.2780440012
put,626.0,2026-10-16,0.0,0.0002353928750199236,-0.0
put,627.0,2026-10-16,20.0,0.0002388700260163732,-2684.2789954888062
put,628.0,2026-10-16,10.0,0.00025562814004809583,-1436.298346909254
put,630.0,2026-10-16,20907.0,0.0002634777772664384,-3095078.801741758
put,631.0,2026-10-16,88.0,0.00027982196215995726,-13835.67877195353
put,633.0,2026-10-16,247.0,0.00028868182703222406,-40063.823969131576
put,634.0,2026-10-16,108.0,0.00030435495918910147,-18468.862099793376
put,635.0,2026-10-16,3585.0,0.0003092602444885542,-622944.3560308808
put,636.0,2026-10-16,66.0,0.000314270167650802,-11654.216810738328
put,637.0,2026-10-16,255.0,0.00033140732325200853,-47483.01441499562
put,638.0,2026-10-16,46.0,0.00033690471535790715,-8707.649142069704
put,639.0,2026-10-16,8.0,0.00034252438032819285,-1539.6339421753412
put,640.0,2026-10-16,26244.0,0.0003612855073911049,-5327415.503537125
put,642.0,2026-10-16,467.0,0.00038755721365359543,-101692.44891731608
put,643.0,2026-10-16,71.0,0.00039292196580871866,-15674.751245811312
put,644.0,2026-10-16,13.0,0.0004129460146274904,-3016.286788609528
put,645.0,2026-10-16,3944.0,0.00042033162880007025,-931461.6469952445
put,646.0,2026-10-16,235.0,0.0004278991958430495,-56499.59478898576
put,647.0,2026-10-16,71.0,0.00044826780123264346,-17882.65072268597
put,648.0,2026-10-16,49.0,0.0004549000834203359,-12524.1452867538
put,649.0,2026-10-16,91.0,0.00047664156874982114,-24370.773201755652
put,650.0,2026-10-16,30626.0,0.00048389593756050767,-8326802.325148781
put,651.0,2026-10-16,303.0,0.0005071179130078961,-86335.13660166443
put,652.0,2026-10-16,800.0,0.0005168657873914221,-232329.18750324548
put,653.0,2026-10-16,728.0,0.0005380170719758257,-220071.31395084248
put,654.0,2026-10-16,593.0,0.0005485795008054838,-182780.67164050703
put,655.0,2026-10-16,8884.0,0.000571193782042003,-2851202.2265564688
put,656.0,2026-10-16,2184.0,0.0005967814912835055,-732325.2017597992
put,657.0,2026-10-16,737.0,0.0006068498241411091,-251295.50413194083
put,658.0,2026-10-16,545.0,0.0006320737281351976,-193553.149358919
put,659.0,2026-10-16,830.0,0.000658366282906957,-307030.60899569775
put,660.0,2026-10-16,32214.0,0.0006722311547060757,-12167442.174477339
put,661.0,2026-10-16,1108.0,0.000698089590779394,-434597.19925471663
put,662.0,2026-10-16,1733.0,0.0007131118036672293,-694371.9814376555
put,663.0,2026-10-16,4803.0,0.0007408192063814705,-1999221.071032204
put,664.0,2026-10-16,2200.0,0.0007696856656834463,-951419.5690334986
put,665.0,2026-10-16,12726.0,0.0007842526792068837,-5607689.13701678
put,666.0,2026-10-16,708.0,0.0008151557560914572,-324272.30438207084
put,667.0,2026-10-16,835.0,0.000847370485272218,-397553.70849793876
put,668.0,2026-10-16,728.0,0.0008781482805050748,-359199.0960894791
put,669.0,2026-10-16,4521.0,0.0009102022373623919,-2312109.5432527764
put,670.0,2026-10-16,49273.0,0.0009465579421145656,-26205485.46352648
put,671.0,2026-10-16,652.0,0.0009783798915638437,-358419.0747763461
put,672.0,2026-10-16,584.0,0.0010146319927305375,-332933.42591541715
put,673.0,2026-10-16,3814.0,0.0010524174010006783,-2255302.0229861173
put,674.0,2026-10-16,7113.0,0.001088502447161116,-4350290.100360024
put,675.0,2026-10-16,23627.0,0.0011277879325173872,-14971731.33182547
put,676.0,2026-10-16,711.0,0.0011687421208505036,-466900.4551734972
put,677.0,2026-10-16,1097.0,0.0012096539893434327,-745596.3789098074
put,678.0,2026-10-16,2109.0,0.001252304629333023,-1483961.269551996
put,679.0,2026-10-16,1392.0,0.001308125048955072,-1023115.107849889
put,680.0,2026-10-16,35000.0,0.0013548274357829252,-26643300.776615143
put,681.0,2026-10-16,1845.0,0.0013995667154820253,-1450861.567196672
put,682.0,2026-10-16,2007.0,0.0014625827076884454,-1649315.754371015
put,683.0,2026-10-16,2505.0,0.0015137898713665347,-2130636.3192071207
put,684.0,2026-10-16,814.0,0.0015801515520621804,-722701.8184289545
put,685.0,2026-10-16,12647.0,0.0016473271418468635,-11705861.277785562
put,686.0,2026-10-16,1385.0,0.0017040113357883802,-1326044.9729760143
put,687.0,2026-10-16,1896.0,0.0017747977769715197,-1890702.5484935204
put,688.0,2026-10-16,1138.0,0.001848818198123573,-1182149.6823967644
put,689.0,2026-10-16,1283.0,0.001923806107962187,-1386832.325936468
put,690.0,2026-10-16,27630.0,0.002002239727395021,-31083717.95264634
put,691.0,2026-10-16,1028.0,0.002084292256462798,-1203892.5591221624
put,692.0,2026-10-16,982.0,0.002167552140114271,-1195961.0655963745
put,693.0,2026-10-16,1810.0,0.002267927435391165,-2306448.331786466
put,694.0,2026-10-16,840.0,0.0023567352610619546,-1112310.6264828644
put,695.0,2026-10-16,37072.0,0.0024634905739765226,-51313651.679742165
put,696.0,2026-10-16,1829.0,0.002572372279602548,-2643525.638981525
put,697.0,2026-10-16,1486.0,0.002672069684958861,-2231015.511878868
put,698.0,2026-10-16,784.0,0.0028011889300212345,-1233941.1985665609
put,699.0,2026-10-16,1983.0,0.0029214703134260106,-3255068.949444187
put,700.0,2026-10-16,62918.0,0.0030444360580812106,-107626140.50047028
put,701.0,2026-10-16,1489.0,0.00318529935554866,-2664900.2158800396
put,702.0,2026-10-16,1897.0,0.0033310457366178122,-3550454.301825169
put,703.0,2026-10-16,2791.0,0.003478853735931611,-5455467.925677924
put,704.0,2026-10-16,1383.0,0.003633518667320498,-2823485.5949631324
put,705.0,2026-10-16,44461.0,0.0038030413601369594,-95004959.1613146
put,706.0,2026-10-16,6626.0,0.003966194947462911,-14765953.24779586
put,707.0,2026-10-16,2421.0,0.004158664519880296,-5656980.440560937
put,708.0,2026-10-16,2070.0,0.0043438487505732025,-5052205.8923134925
put,709.0,2026-10-16,1939.0,0.004545004622788549,-4951629.468578819
put,710.0,2026-10-16,30281.0,0.00475325003009784,-80871756.02479862
put,711.0,2026-10-16,2920.0,0.004966017456537238,-8147551.116101072
put,712.0,2026-10-16,14430.0,0.005188148142845214,-42064400.14525848
put,713.0,2026-10-16,10630.0,0.0054310497455033425,-32437923.5380326
put,714.0,2026-10-16,2825.0,0.005673880826288401,-9006056.399250573
put,715.0,2026-10-16,19047.0,0.005931979784280007,-63483702.04166297
put,716.0,2026-10-16,12156.0,0.006196423625871646,-42322156.91760827
put,717.0,2026-10-16,3357.0,0.006475917071356193,-12214863.564885655
put,718.0,2026-10-16,5747.0,0.00676752393024316,-21852795.307602607
put,719.0,2026-10-16,4190.0,0.007067045468327768,-16637493.890252579
put,720.0,2026-10-16,15967.0,0.00737437509434995,-66158332.41099382
put,721.0,2026-10-16,1889.0,0.007694658343063406,-8166901.160005993
put,722.0,2026-10-16,4938.0,0.008025643088401096,-22267267.59550591
put,723.0,2026-10-16,1301.0,0.008365685603164872,-6115258.72731622
put,724.0,2026-10-16,1774.0,0.008716383279288196,-8688122.484353231
put,725.0,2026-10-16,21630.0,0.009076447625222984,-110308359.51735735
put,726.0,2026-10-16,1387.0,0.009445663067583125,-7361137.186391531
put,727.0,2026-10-16,1065.0,0.00982374840014668,-5878450.145570326
put,728.0,2026-10-16,5110.0,0.010209926654637614,-29314299.651000082
put,729.0,2026-10-16,2865.0,0.01060239094643489,-17067285.01061691
put,730.0,2026-10-16,23307.0,0.011005088075493963,-144117227.72078535
put,731.0,2026-10-16,1991.0,0.011408636701257104,-12762654.459152581
put,732.0,2026-10-16,6391.0,0.011828115918063375,-42473728.841656215
put,733.0,2026-10-16,1603.0,0.012240510337831755,-11024757.560209773
put,734.0,2026-10-16,6270.0,0.012661617763061395,-44605944.529837005
put,735.0,2026-10-16,6986.0,0.013077106579847089,-51330588.699805796
put,736.0,2026-10-16,1550.0,0.013500569896041254,-11757630.299063027
put,737.0,2026-10-16,1420.0,0.013915202048111811,-11102323.088016927
put,738.0,2026-10-16,2269.0,0.01433885150684373,-18280365.028469574
put,739.0,2026-10-16,1955.0,0.014749228409142336,-16201382.054214913
put,740.0,2026-10-16,17364.0,0.01517029564523283,-148006170.63795575
put,741.0,2026-10-16,2359.0,0.015559194154895446,-20622962.001319624
put,742.0,2026-10-16,2118.0,0.015943581005938356,-18973516.484997496
put,743.0,2026-10-16,980.0,0.016333581695838168,-8993805.79021432
put,744.0,2026-10-16,994.0,0.01668412922031857,-9318069.1652217
put,745.0,2026-10-16,6082.0,0.01703998945665967,-58230663.42074619
put,746.0,2026-10-16,2220.0,0.017351088480595637,-21642912.289503153
put,747.0,2026-10-16,1309.0,0.017647856332889567,-12979788.225311084
put,748.0,2026-10-16,316.0,0.017928725146013923,-3183262.7886439245
put,749.0,2026-10-16,99.0,0.018174006816225316,-1010931.8552539309
put,750.0,2026-10-16,2013.0,0.018402091256682893,-20813588.09149677
put,751.0,2026-10-16,124.0,0.018569844517063422,-1293796.4439959645
put,752.0,2026-10-16,1143.0,0.018714698033813832,-12018909.22160638
put,753.0,2026-10-16,33.0,0.01881531190536069,-348868.1823442875
put,754.0,2026-10-16,55.0,0.018887935867672134,-583691.2587944624
put,755.0,2026-10-16,479.0,0.018745950558881713,-5045206.902212494
put,756.0,2026-10-16,246.0,0.018741111417854707,-2590397.726375513
put,757.0,2026-10-16,173.0,0.018664412545651904,-1814247.0638378654
put,758.0,2026-10-16,101.0,0.018515557734101518,-1050737.3566225995
put,759.0,2026-10-16,69.0,0.018312271600212374,-709949.2622990127
put,760.0,2026-10-16,1531.0,0.01807612438944224,-15549502.999198673
put,761.0,2026-10-16,67.0,0.017782979605868596,-669445.6650261732
put,762.0,2026-10-16,46.0,0.017451704522919775,-451057.2663110985
put,763.0,2026-10-16,38.0,0.01695714345763387,-362053.11756873335
put,764.0,2026-10-16,45.0,0.014243357907843047,-360131.32733079523
put,765.0,2026-10-16,463.0,0.015834381602120265,-4119249.508808683
put,766.0,2026-10-16,25.0,0.013660810195096105,-191890.05460202828
put,767.0,2026-10-16,20.0,0.013327666250062119,-149768.3705676602
put,768.0,2026-10-16,21.0,0.01427828977373033,-168473.45675310824
put,769.0,2026-10-16,20.0,0.013611144738621142,-152953.93288036218
put,770.0,2026-10-16,217.0,0.012908482637067634,-1573877.509113355
put,771.0,2026-10-16,30.0,0.011862070001619991,-199948.31004571426
put,772.0,2026-10-16,18.0,0.011466577137885325,-115969.10423303244
put,774.0,2026-10-16,16.0,0.010694146397612805,-96139.55514980081
put,775.0,2026-10-16,362.0,0.010309943177441732,-2097011.6478459858
put,780.0,2026-10-16,39.0,0.00852088605202534,-186717.64673033066
put,785.0,2026-10-16,0.0,0.007136821925113648,-0.0
put,790.0,2026-10-16,0.0,0.0062143969855867525,-0.0
put,795.0,2026-10-16,2.0,0.005416396968332347,-6086.624117639269
put,800.0,2026-10-16,7.0,0.004763250839210497,-18734.300979107644
put,805.0,2026-10-16,0.0,0.004278846831020734,-0.0
put,810.0,2026-10-16,0.0,0.003857789400669208,-0.0
put,815.0,2026-10-16,0.0,0.003503743009962612,-0.0
put,820.0,2026-10-16,1.0,0.0032028084926326336,-1799.5626547881839
put,825.0,2026-10-16,10.0,0.002943511787649867,-16538.715627762904
put,830.0,2026-10-16,0.0,0.0027195469786623514,-0.0
put,835.0,2026-10-16,0.0,0.002523901950664219,-0.0
put,840.0,2026-10-16,0.0,0.0023511283841926318,-0.0
put,845.0,2026-10-16,0.0,0.0021979149024491215,-0.0
put,850.0,2026-10-16,0.0,0.002062071628884237,-0.0
put,855.0,2026-10-16,1.0,0.001943523364689842,-1092.0078655496693
put,860.0,2026-10-16,1.0,0.0018331989145396377,-1030.0198444559835
put,865.0,2026-10-16,0.0,0.0017338479669504311,-0.0
put,870.0,2026-10-16,0.0,0.0016651886738443555,-0.0
put,875.0,2026-10-16,0.0,0.0015616723656938982,-0.0
put,880.0,2026-10-16,0.0,0.0015997379658551334,-0.0
put,885.0,2026-10-16,0.0,0.0015818431949567668,-0.0
put,890.0,2026-10-16,0.0,0.0,-0.0
put,895.0,2026-10-16,0.0,0.0015282789126901675,-0.0
put,900.0,2026-10-16,0.0,0.001794941243343105,-0.0
put,910.0,2026-10-16,0.0,0.0015881719613607965,-0.0
put,915.0,2026-10-16,0.0,0.0014414609932121899,-0.0
put,920.0,2026-10-16,0.0,0.0016550553973454557,-0.0
put,925.0,2026-10-16,0.0,0.0,-0.0
put,930.0,2026-10-16,0.0,0.0,-0.0
put,935.0,2026-10-16,0.0,0.0013630149054140992,-0.0
put,940.0,2026-10-16,0.0,0.0013449679614822483,-0.0
put,965.0,2026-10-16,0.0,0.0013425913040586415,-0.0
put,970.0,2026-10-16,0.0,0.0013245597759951966,-0.0
put,1020.0,2026-10-16,0.0,0.0005937684621992601,-0.0
put,1025.0,2026-10-16,0.0,0.0005803848813640761,-0.0
put,1030.0,2026-10-16,0.0,0.0005676995238211509,-0.0
put,1035.0,2026-10-16,0.0,0.000555444801461233,-0.0
put,1040.0,2026-10-16,0.0,0.0005438121860004087,-0.0
put,1060.0,2026-10-16,0.0,0.000500989421789381,-0.0
put,1080.0,2026-10-16,0.0,0.00046414920585108495,-0.0
put,1085.0,2026-10-16,1.0,0.00045570790040814243,-256.0486900646201
