tipo,strike,vencimiento,oi,gamma,gex_contrib
call,520.0,2026-08-25,4,0.0,0.0
call,625.0,2026-08-25,26,0.0,0.0
call,630.0,2026-08-25,6,0.0,0.0
call,660.0,2026-08-25,1,0.0,0.0
call,680.0,2026-08-25,1,0.0,0.0
call,690.0,2026-08-25,4,0.0,0.0
call,700.0,2026-08-25,2,0.0,0.0
call,709.0,2026-08-25,4,0.0,0.0
call,711.0,2026-08-25,1,0.0,0.0
call,714.0,2026-08-25,1,0.0,0.0
call,715.0,2026-08-25,1,0.0,0.0
call,720.0,2026-08-25,9,0.0,0.0
call,722.0,2026-08-25,3,0.0,0.0
call,723.0,2026-08-25,7,0.0,0.0
call,727.0,2026-08-25,1,0.0,0.0
call,730.0,2026-08-25,1,0.0,0.0
call,731.0,2026-08-25,4,0.0,0.0
call,732.0,2026-08-25,13,0.0,0.0
call,733.0,2026-08-25,1,0.0,0.0
call,734.0,2026-08-25,1,0.0,0.0
call,736.0,2026-08-25,1,0.0,0.0
call,737.0,2026-08-25,8,0.0,0.0
call,738.0,2026-08-25,1,0.0,0.0
call,739.0,2026-08-25,4,0.0,0.0
call,740.0,2026-08-25,4,0.0,0.0
call,742.0,2026-08-25,2,0.0,0.0
call,743.0,2026-08-25,16,0.0,0.0
call,744.0,2026-08-25,17,0.0,0.0
call,745.0,2026-08-25,20,0.0,0.0
call,746.0,2026-08-25,11,0.0,0.0
call,747.0,2026-08-25,72,0.0,0.0
call,748.0,2026-08-25,47,0.0,0.0
call,749.0,2026-08-25,59,0.0,0.0
call,750.0,2026-08-25,107,0.0,0.0
call,751.0,2026-08-25,34,0.0,0.0
call,752.0,2026-08-25,38,0.0,0.0
call,753.0,2026-08-25,22,0.0,0.0
call,754.0,2026-08-25,22,0.0,0.0
call,755.0,2026-08-25,37,0.0,0.0
call,756.0,2026-08-25,99,0.0,0.0
call,757.0,2026-08-25,68,0.0,0.0
call,758.0,2026-08-25,133,0.0,0.0
call,759.0,2026-08-25,96,0.0,0.0
call,760.0,2026-08-25,738,0.0,0.0
call,761.0,2026-08-25,180,0.0,0.0
call,762.0,2026-08-25,289,0.0,0.0
call,763.0,2026-08-25,328,0.0,0.0
call,764.0,2026-08-25,1347,0.0,0.0
call,765.0,2026-08-25,2948,0.0,0.0
call,766.0,2026-08-25,2660,0.0,0.0
call,767.0,2026-08-25,2420,0.0,0.0
call,768.0,2026-08-25,1256,0.0,0.0
call,769.0,2026-08-25,1526,0.0,0.0
call,770.0,2026-08-25,2461,0.0,0.0
call,771.0,2026-08-25,3341,0.0,0.0
call,772.0,2026-08-25,1298,0.0,0.0
call,773.0,2026-08-25,2664,0.0,0.0
call,774.0,2026-08-25,1123,0.0,0.0
call,775.0,2026-08-25,3019,0.0,0.0
call,776.0,2026-08-25,1770,0.0,0.0
call,777.0,2026-08-25,1832,0.0,0.0
call,778.0,2026-08-25,1510,0.0,0.0
call,779.0,2026-08-25,1047,0.0,0.0
call,780.0,2026-08-25,3508,0.0,0.0
call,781.0,2026-08-25,855,0.0,0.0
call,782.0,2026-08-25,1071,0.0,0.0
call,783.0,2026-08-25,892,0.0,0.0
call,784.0,2026-08-25,916,0.0,0.0
call,785.0,2026-08-25,1457,0.0,0.0
call,786.0,2026-08-25,1048,0.0,0.0
call,787.0,2026-08-25,712,0.0,0.0
call,788.0,2026-08-25,1087,0.0,0.0
call,789.0,2026-08-25,1582,0.0,0.0
call,790.0,2026-08-25,2391,0.0,0.0
call,791.0,2026-08-25,413,0.0,0.0
call,792.0,2026-08-25,388,0.0,0.0
call,793.0,2026-08-25,719,0.0,0.0
call,794.0,2026-08-25,367,0.0,0.0
call,795.0,2026-08-25,326,0.0,0.0
call,796.0,2026-08-25,327,0.0,0.0
call,797.0,2026-08-25,49,0.0,0.0
call,798.0,2026-08-25,41,0.0,0.0
call,799.0,2026-08-25,117,0.0,0.0
call,800.0,2026-08-25,575,0.0,0.0
call,801.0,2026-08-25,59,0.0,0.0
call,802.0,2026-08-25,94,0.0,0.0
call,803.0,2026-08-25,250,0.0,0.0
call,804.0,2026-08-25,773,0.0,0.0
call,805.0,2026-08-25,693,0.0,0.0
call,806.0,2026-08-25,70,0.0,0.0
call,807.0,2026-08-25,98,0.0,0.0
call,808.0,2026-08-25,480,0.0,0.0
call,809.0,2026-08-25,909,0.0,0.0
call,810.0,2026-08-25,121,0.0,0.0
call,815.0,2026-08-25,161,0.0,0.0
call,820.0,2026-08-25,46,0.0,0.0
call,825.0,2026-08-25,6,0.0,0.0
call,830.0,2026-08-25,57,0.0,0.0
call,835.0,2026-08-25,24,0.0,0.0
call,840.0,2026-08-25,263,0.0,0.0
call,850.0,2026-08-25,38,0.0,0.0
call,860.0,2026-08-25,722,0.0,0.0
call,865.0,2026-08-25,1818,0.0,0.0
call,870.0,2026-08-25,1270,0.0,0.0
call,875.0,2026-08-25,50,0.0,0.0
call,900.0,2026-08-25,698,0.0,0.0
call,905.0,2026-08-25,318,0.0,0.0
call,910.0,2026-08-25,554,0.0,0.0
call,945.0,2026-08-25,1,0.0,0.0
put,525.0,2026-08-25,1,0.0,-0.0
put,535.0,2026-08-25,200,0.0,-0.0
put,550.0,2026-08-25,361,0.0,-0.0
put,590.0,2026-08-25,3253,0.0,-0.0
put,595.0,2026-08-25,2892,0.0,-0.0
put,600.0,2026-08-25,4,0.0,-0.0
put,610.0,2026-08-25,1,0.0,-0.0
put,615.0,2026-08-25,187,0.0,-0.0
put,625.0,2026-08-25,105,0.0,-0.0
put,630.0,2026-08-25,105,0.0,-0.0
put,635.0,2026-08-25,90,0.0,-0.0
put,640.0,2026-08-25,6,0.0,-0.0
put,645.0,2026-08-25,508,0.0,-0.0
put,650.0,2026-08-25,125,0.0,-0.0
put,655.0,2026-08-25,80,0.0,-0.0
put,660.0,2026-08-25,58,0.0,-0.0
put,665.0,2026-08-25,54,0.0,-0.0
put,670.0,2026-08-25,55,0.0,-0.0
put,675.0,2026-08-25,75,0.0,-0.0
put,680.0,2026-08-25,25,0.0,-0.0
put,685.0,2026-08-25,28,0.0,-0.0
put,690.0,2026-08-25,62,0.0,-0.0
put,695.0,2026-08-25,224,0.0,-0.0
put,700.0,2026-08-25,10155,0.0,-0.0
put,701.0,2026-08-25,10651,0.0,-0.0
put,702.0,2026-08-25,187,0.0,-0.0
put,703.0,2026-08-25,491,0.0,-0.0
put,704.0,2026-08-25,3,0.0,-0.0
put,705.0,2026-08-25,64,0.0,-0.0
put,706.0,2026-08-25,117,0.0,-0.0
put,707.0,2026-08-25,366,0.0,-0.0
put,708.0,2026-08-25,162,0.0,-0.0
put,709.0,2026-08-25,7,0.0,-0.0
put,710.0,2026-08-25,170,0.0,-0.0
put,711.0,2026-08-25,202,0.0,-0.0
put,712.0,2026-08-25,148,0.0,-0.0
put,713.0,2026-08-25,112,0.0,-0.0
put,714.0,2026-08-25,194,0.0,-0.0
put,715.0,2026-08-25,86,0.0,-0.0
put,716.0,2026-08-25,47,0.0,-0.0
put,718.0,2026-08-25,60,0.0,-0.0
put,719.0,2026-08-25,73,0.0,-0.0
put,720.0,2026-08-25,73,0.0,-0.0
put,721.0,2026-08-25,341,0.0,-0.0
put,722.0,2026-08-25,297,0.0,-0.0
put,723.0,2026-08-25,199,0.0,-0.0
put,724.0,2026-08-25,23,0.0,-0.0
put,725.0,2026-08-25,161,0.0,-0.0
put,726.0,2026-08-25,78,0.0,-0.0
put,727.0,2026-08-25,181,0.0,-0.0
put,728.0,2026-08-25,245,0.0,-0.0
put,729.0,2026-08-25,31,0.0,-0.0
put,730.0,2026-08-25,500,0.0,-0.0
put,731.0,2026-08-25,38,0.0,-0.0
put,732.0,2026-08-25,139,0.0,-0.0
put,733.0,2026-08-25,164,0.0,-0.0
put,734.0,2026-08-25,62,0.0,-0.0
put,735.0,2026-08-25,249,0.0,-0.0
put,736.0,2026-08-25,271,0.0,-0.0
put,737.0,2026-08-25,139,0.0,-0.0
put,738.0,2026-08-25,371,0.0,-0.0
put,739.0,2026-08-25,269,0.0,-0.0
put,740.0,2026-08-25,452,0.0,-0.0
put,741.0,2026-08-25,553,0.0,-0.0
put,742.0,2026-08-25,409,0.0,-0.0
put,743.0,2026-08-25,390,0.0,-0.0
put,744.0,2026-08-25,837,0.0,-0.0
put,745.0,2026-08-25,904,0.0,-0.0
put,746.0,2026-08-25,727,0.0,-0.0
put,747.0,2026-08-25,2402,0.0,-0.0
put,748.0,2026-08-25,2267,0.0,-0.0
put,749.0,2026-08-25,489,0.0,-0.0
put,750.0,2026-08-25,2643,0.0,-0.0
put,751.0,2026-08-25,2915,0.0,-0.0
put,752.0,2026-08-25,1486,0.0,-0.0
put,753.0,2026-08-25,1102,0.0,-0.0
put,754.0,2026-08-25,4180,0.0,-0.0
put,755.0,2026-08-25,1758,0.0,-0.0
put,756.0,2026-08-25,1649,0.0,-0.0
put,757.0,2026-08-25,963,0.0,-0.0
put,758.0,2026-08-25,2330,0.0,-0.0
put,759.0,2026-08-25,1394,0.0,-0.0
put,760.0,2026-08-25,4059,0.0,-0.0
put,761.0,2026-08-25,1488,0.0,-0.0
put,762.0,2026-08-25,2480,0.0,-0.0
put,763.0,2026-08-25,1689,0.0,-0.0
put,764.0,2026-08-25,3604,0.0,-0.0
put,765.0,2026-08-25,3890,0.0,-0.0
put,766.0,2026-08-25,2266,0.0,-0.0
put,767.0,2026-08-25,2141,0.0,-0.0
put,768.0,2026-08-25,968,0.0,-0.0
put,769.0,2026-08-25,1474,0.0,-0.0
put,770.0,2026-08-25,898,0.0,-0.0
put,771.0,2026-08-25,1074,0.0,-0.0
put,772.0,2026-08-25,1749,0.0,-0.0
put,773.0,2026-08-25,341,0.0,-0.0
put,774.0,2026-08-25,69,0.0,-0.0
put,775.0,2026-08-25,765,0.0,-0.0
put,776.0,2026-08-25,18,0.0,-0.0
put,777.0,2026-08-25,0,0.0,-0.0
put,778.0,2026-08-25,0,0.0,-0.0
put,779.0,2026-08-25,0,0.0,-0.0
put,780.0,2026-08-25,2,0.0,-0.0
put,781.0,2026-08-25,0,0.0,-0.0
put,782.0,2026-08-25,2,0.0,-0.0
put,783.0,2026-08-25,0,0.0,-0.0
put,784.0,2026-08-25,0,0.0,-0.0
put,785.0,2026-08-25,0,0.0,-0.0
put,786.0,2026-08-25,3,0.0,-0.0
put,787.0,2026-08-25,1,0.0,-0.0
put,788.0,2026-08-25,0,0.0,-0.0
put,789.0,2026-08-25,0,0.0,-0.0
put,790.0,2026-08-25,0,0.0,-0.0
put,791.0,2026-08-25,0,0.0,-0.0
put,792.0,2026-08-25,0,0.0,-0.0
put,793.0,2026-08-25,0,0.0,-0.0
put,794.0,2026-08-25,0,0.0,-0.0
put,795.0,2026-08-25,0,0.0,-0.0
put,796.0,2026-08-25,0,0.0,-0.0
put,799.0,2026-08-25,0,0.0,-0.0
put,800.0,2026-08-25,1,0.0,-0.0
call,505.0,2026-08-26,0,8.774679493482865e-07,0.0
call,520.0,2026-08-26,25,1.0820834055326758e-06,15.768292415033937
call,685.0,2026-08-26,3,4.29898545148722e-05,75.17460410955007
call,705.0,2026-08-26,1,0.0001276213837583352,74.38876845254143
call,710.0,2026-08-26,1,0.0001622040590289864,94.54653941081064
call,712.0,2026-08-26,1,0.00018591212848433633,108.36565057567928
call,715.0,2026-08-26,2,0.00021752460470626862,253.58426582909354
call,716.0,2026-08-26,1,0.0002301072597695432,134.1263913785716
call,717.0,2026-08-26,2,0.00024371509949925175,284.11643207643635
call,720.0,2026-08-26,1,0.00028883811143851757,168.35980585162653
call,721.0,2026-08-26,2,0.0003059609980791592,356.6810070750786
call,725.0,2026-08-26,0,0.00039328177593195323,0.0
call,729.0,2026-08-26,3,0.0005354112081122888,936.251728689454
call,730.0,2026-08-26,1,0.0005766834935287244,336.1409632710485
call,735.0,2026-08-26,11,0.0008794474744706865,5638.797659121087
call,736.0,2026-08-26,7,0.0009576118996667384,3907.252643853139
call,737.0,2026-08-26,1,0.0010462431524867726,609.8409006657739
call,738.0,2026-08-26,8,0.0011825800234012214,5514.478464140548
call,740.0,2026-08-26,2,0.0014710108513512048,1714.8644277286915
call,742.0,2026-08-26,0,0.001852800662969122,0.0
call,743.0,2026-08-26,0,0.002118165818354854,0.0
call,744.0,2026-08-26,6,0.002428007601674447,8491.51560481373
call,745.0,2026-08-26,21,0.0027919131770678712,34174.73241394525
call,746.0,2026-08-26,18,0.0032221436812883714,33806.58692964107
call,747.0,2026-08-26,54,0.0038227455664856,120324.22488213312
call,748.0,2026-08-26,69,0.0046175588077298525,185714.34266385212
call,749.0,2026-08-26,35,0.005582680320177757,113892.39444702299
call,750.0,2026-08-26,28,0.006761919157476246,110360.05928817278
call,751.0,2026-08-26,30,0.008331334533679211,145686.6468475462
call,752.0,2026-08-26,43,0.010375134851404177,260043.57342040964
call,753.0,2026-08-26,29,0.013013534608654329,219976.9563929662
call,754.0,2026-08-26,30,0.016418947818438587,287111.4396815378
call,755.0,2026-08-26,56,0.020772275698301423,678041.1076285094
call,756.0,2026-08-26,10,0.026506847328719937,154504.80713144832
call,757.0,2026-08-26,18,0.033575601959051224,352273.7092499341
call,758.0,2026-08-26,32,0.04232156383069098,789397.2422834144
call,759.0,2026-08-26,38,0.05265012078893987,1166183.4882449117
call,760.0,2026-08-26,229,0.0641341732263745,8560692.59658033
call,761.0,2026-08-26,52,0.07597296204950763,2302747.5148626273
call,762.0,2026-08-26,95,0.08677332019874175,4805003.849925586
call,763.0,2026-08-26,101,0.09451907432106434,5564482.142589666
call,764.0,2026-08-26,563,0.09740198576643631,31963926.656530853
call,765.0,2026-08-26,1318,0.09420364368524323,72371409.48806706
call,766.0,2026-08-26,927,0.0845756703666016,45699253.14092555
call,767.0,2026-08-26,1064,0.07002359268493782,43428010.76022689
call,768.0,2026-08-26,1496,0.05323459880416968,46420466.278619416
call,769.0,2026-08-26,1899,0.03718245564229999,41157307.23528039
call,770.0,2026-08-26,1856,0.023817588523992878,25766752.119228058
call,771.0,2026-08-26,1441,0.014181331482361184,11911457.59403704
call,772.0,2026-08-26,1418,0.008007629478536902,6618569.293195721
call,773.0,2026-08-26,1055,0.004112460332369492,2528937.52754609
call,774.0,2026-08-26,1099,0.00217839859211747,1395465.0363435482
call,775.0,2026-08-26,1496,0.001045428145072627,911611.3025212165
call,776.0,2026-08-26,1137,0.0006085847937519836,403334.6014063666
call,777.0,2026-08-26,1013,0.0003055240638938343,180400.93621197742
call,778.0,2026-08-26,1014,0.0001791469680881207,105884.24324142793
call,779.0,2026-08-26,777,0.00010004470173224926,45310.51851861735
call,780.0,2026-08-26,2153,4.93118756271931e-05,61884.15583027639
call,781.0,2026-08-26,1270,4.4053754477732785e-05,32611.4844150546
call,782.0,2026-08-26,832,3.515695927435112e-05,17049.77105857903
call,783.0,2026-08-26,652,2.8503697642359387e-05,10832.600272685851
call,784.0,2026-08-26,795,1.0821741195925957e-05,5014.737352112964
call,785.0,2026-08-26,1820,1.0483546996095104e-05,11121.504808204338
call,786.0,2026-08-26,867,8.957162502557704e-06,4526.614084243119
call,787.0,2026-08-26,1613,7.732695757729324e-06,7270.24774170376
call,788.0,2026-08-26,341,6.7386923150806415e-06,1339.4111987361175
call,789.0,2026-08-26,963,5.9229766716153775e-06,3324.682893202282
call,790.0,2026-08-26,1636,5.892543072836926e-06,5619.141708615898
call,791.0,2026-08-26,666,4.681396778905083e-06,1817.3291833193086
call,792.0,2026-08-26,269,4.697712223589643e-06,736.5845554739934
call,793.0,2026-08-26,182,3.7989805353227557e-06,403.0160813473157
call,794.0,2026-08-26,270,3.838540534520368e-06,604.1069258494058
call,795.0,2026-08-26,120,3.1527189502873015e-06,220.5212384466509
call,796.0,2026-08-26,72,2.608871939620076e-06,109.48866933184293
call,797.0,2026-08-26,249,2.667070653441644e-06,387.09520117429173
call,798.0,2026-08-26,44,2.2355794948729778e-06,57.335910504745115
call,799.0,2026-08-26,1329,2.2939100689839108e-06,1776.9912454328046
call,800.0,2026-08-26,1421,1.944907033346743e-06,1610.9306490444244
call,801.0,2026-08-26,75,2.00157875504878e-06,87.50197703787545
call,802.0,2026-08-26,89,1.7144931272753702e-06,88.94257009850661
call,803.0,2026-08-26,165,1.4762214345367146e-06,141.97744966667915
call,804.0,2026-08-26,201,3.8721721290637835e-07,45.36643279860845
call,805.0,2026-08-26,100,3.396833302373991e-07,19.79967921995494
call,806.0,2026-08-26,12,2.9938907834579736e-07,2.094117851139259
call,807.0,2026-08-26,74,2.650611140342481e-07,11.433038296703266
call,808.0,2026-08-26,27,2.3567641039430387e-07,3.709059484930402
call,809.0,2026-08-26,10,2.1040837460639872e-07,1.2264417919734962
call,810.0,2026-08-26,235,1.8858548730474402e-07,25.83212004007849
call,815.0,2026-08-26,151,1.6840345144248464e-07,14.822172217882624
call,820.0,2026-08-26,26,1.088752112694692e-07,1.6500088677438802
call,825.0,2026-08-26,118,7.494859302788293e-08,5.15500880394768
call,830.0,2026-08-26,1325,7.476207228679714e-08,57.74057822277154
call,835.0,2026-08-26,42,5.588246795787172e-08,1.368071474985348
call,840.0,2026-08-26,215,4.337729985097311e-08,5.436068166887012
call,845.0,2026-08-26,1451,3.4775547286190295e-08,29.4120506703079
call,850.0,2026-08-26,3,2.866596146946399e-08,0.05012699692065886
call,855.0,2026-08-26,48,3.1116473550181914e-08,0.8705937181940389
call,860.0,2026-08-26,173,2.0874910587750485e-08,2.1050123426791187
call,865.0,2026-08-26,1,1.8336548759581516e-08,0.010688124824584167
call,870.0,2026-08-26,2,1.637018079867362e-08,0.019083911380630793
call,875.0,2026-08-26,1423,1.1874211177303453e-08,9.849032896314208
call,880.0,2026-08-26,21,1.3599070402015405e-08,0.16646097589444536
call,885.0,2026-08-26,6,2.6697784594914113e-09,0.009337065268878264
call,900.0,2026-08-26,2,1.3635844985438771e-09,0.0015896297084465724
call,905.0,2026-08-26,1366,1.1273018033147141e-09,0.8975834176270199
call,910.0,2026-08-26,979,9.45822946757351e-10,0.539729874940195
call,920.0,2026-08-26,509,6.930277453195891e-10,0.20561383046020246
call,925.0,2026-08-26,1462,6.040919756738263e-10,0.5147950461826445
call,930.0,2026-08-26,505,1.172389651737904e-09,0.3451018393965913
put,575.0,2026-08-26,5,2.9547552812161194e-10,-0.0008611433287094185
put,595.0,2026-08-26,214,3.6750583429262953e-10,-0.04584182838260856
put,600.0,2026-08-26,139,3.2181178502408077e-10,-0.026073579914658848
put,605.0,2026-08-26,44,5.479129377728225e-10,-0.01405232389927583
put,610.0,2026-08-26,1,9.362179881791654e-10,-0.0005457087291550034
put,615.0,2026-08-26,185,8.17891273845373e-10,-0.0881964739573733
put,620.0,2026-08-26,178,6.958741413468149e-10,-0.0721995715373158
put,625.0,2026-08-26,567,5.742582361351459e-10,-0.18979038688441788
put,630.0,2026-08-26,1060,1.0255886166757756e-09,-0.633669751885778
put,635.0,2026-08-26,85,8.295913778066657e-10,-0.04110238992246953
put,640.0,2026-08-26,15,1.518256650565933e-09,-0.013274567212538613
put,645.0,2026-08-26,1,1.2010093186854752e-09,-0.0007000519935296758
put,650.0,2026-08-26,279,2.2641422432092218e-09,-0.3682068218014882
put,655.0,2026-08-26,117,1.7465009225119987e-09,-0.1191073605488464
put,660.0,2026-08-26,50,3.4140792832664965e-09,-0.09950101848231321
put,665.0,2026-08-26,100,1.6381564584763384e-08,-0.9548591144363977
put,670.0,2026-08-26,59,2.13571137970536e-08,-0.7344774945259144
put,675.0,2026-08-26,3060,1.7746912480315898e-08,-31.653967607666782
put,680.0,2026-08-26,6306,2.32595370925407e-08,-85.49465284630148
put,685.0,2026-08-26,9,3.08731675135827e-08,-0.16195994415183482
put,690.0,2026-08-26,3012,4.1600946971475334e-08,-73.03686168450459
put,695.0,2026-08-26,115,5.707647987768249e-08,-3.825946921096772
put,700.0,2026-08-26,544,5.9383034659669134e-08,-18.82977830798092
put,701.0,2026-08-26,449,3.081701563837558e-07,-80.6530581452588
put,702.0,2026-08-26,244,3.103787149962604e-07,-44.143389473873114
put,703.0,2026-08-26,499,3.5515816783142185e-07,-103.30141539347134
put,704.0,2026-08-26,283,3.581007958932928e-07,-59.07117931416652
put,705.0,2026-08-26,477,3.608398607589508e-07,-100.326764156606
put,706.0,2026-08-26,297,4.151902578283046e-07,-71.87659967323532
put,707.0,2026-08-26,205,4.189038746042738e-07,-50.05554081060322
put,708.0,2026-08-26,55,4.2237686934799483e-07,-13.540875215883927
put,709.0,2026-08-26,562,4.889990195273463e-07,-160.18735243604684
put,710.0,2026-08-26,161,4.937911377644879e-07,-46.339686016745176
put,711.0,2026-08-26,189,4.9830101384269e-07,-54.89559472906138
put,712.0,2026-08-26,104,5.80890258456183e-07,-35.21367504918952
put,713.0,2026-08-26,399,5.872238376141529e-07,-136.5716297932897
put,714.0,2026-08-26,65,5.932313340143149e-07,-22.476120834440962
put,715.0,2026-08-26,115,6.969445422933203e-07,-46.717541647219676
put,716.0,2026-08-26,188,7.055326587786312e-07,-77.31413310426827
put,717.0,2026-08-26,174,7.13755012748891e-07,-72.39062715996089
put,718.0,2026-08-26,51,8.459515444188008e-07,-25.147775999899604
put,719.0,2026-08-26,101,8.579209658366748e-07,-50.507116457101795
put,720.0,2026-08-26,288,8.695043840303017e-07,-145.96481573494995
put,721.0,2026-08-26,12,1.0409588804059467e-06,-7.281129244274685
put,722.0,2026-08-26,248,1.0581424107345412e-06,-152.96065047286868
put,723.0,2026-08-26,95,1.276370833886224e-06,-70.6780235757876
put,724.0,2026-08-26,23,1.3019332442554711e-06,-17.454221066216892
put,725.0,2026-08-26,120,3.061013987976056e-06,-214.10680944760028
put,726.0,2026-08-26,157,3.735056516330651e-06,-341.8068402676744
put,727.0,2026-08-26,299,3.9109778490430715e-06,-681.6170793895516
put,728.0,2026-08-26,18,4.099308369664629e-06,-43.00975948256284
put,729.0,2026-08-26,33,4.301324961346216e-06,-82.73706558003171
put,730.0,2026-08-26,824,4.921963477270941e-06,-2364.011135939248
put,731.0,2026-08-26,500,5.658166205210471e-06,-1649.0340541300807
put,732.0,2026-08-26,122,5.988553977465838e-06,-425.8588908324005
put,733.0,2026-08-26,58,6.349177983608144e-06,-214.6492694617383
put,734.0,2026-08-26,218,1.3574329867388276e-05,-1724.8797032542727
put,735.0,2026-08-26,261,1.4737402889780165e-05,-2242.050463067372
put,736.0,2026-08-26,65,1.6054783774002577e-05,-608.2774785908337
put,737.0,2026-08-26,423,1.755514134198713e-05,-4328.412249035385
put,738.0,2026-08-26,123,2.9757126753478075e-05,-2133.4379979494483
put,739.0,2026-08-26,150,3.321058925355483e-05,-2903.7001026802423
put,740.0,2026-08-26,542,5.4276180694233014e-05,-17147.171270466977
put,741.0,2026-08-26,338,6.187301222366034e-05,-12189.948744852762
put,742.0,2026-08-26,244,9.425178003595251e-05,-13404.891616949311
put,743.0,2026-08-26,219,0.0001332440532983324,-17008.885982221156
put,744.0,2026-08-26,134,0.00018954205882861966,-14804.51933738028
put,745.0,2026-08-26,498,0.0002619013277229458,-76024.04309154989
put,746.0,2026-08-26,230,0.00035265823392666135,-47278.728021862706
put,747.0,2026-08-26,894,0.0005388043760861528,-280771.1964674287
put,748.0,2026-08-26,323,0.0008728567653213395,-164334.75598108687
put,749.0,2026-08-26,470,0.0012194869389487942,-334086.5030968973
put,750.0,2026-08-26,12804,0.0019293462864521447,-14399246.568290623
put,751.0,2026-08-26,592,0.0028831009558006678,-994868.0329373938
put,752.0,2026-08-26,676,0.004336607478236136,-1708758.6650914273
put,753.0,2026-08-26,699,0.006471763880305476,-2636839.884392379
put,754.0,2026-08-26,990,0.009699485064799316,-5597160.915140478
put,755.0,2026-08-26,909,0.013905549035639423,-7367768.025953758
put,756.0,2026-08-26,846,0.020070173889419268,-9897042.104179282
put,757.0,2026-08-26,553,0.028290411059504462,-9119022.948927797
put,758.0,2026-08-26,847,0.03893435220825257,-19222075.696111217
put,759.0,2026-08-26,747,0.051936059710102005,-22613798.538564116
put,760.0,2026-08-26,3175,0.06690952278880655,-123827065.67886393
put,761.0,2026-08-26,1113,0.08285160194982037,-53750188.77657174
put,762.0,2026-08-26,2646,0.09737073199789052,-150176574.62527204
put,763.0,2026-08-26,1012,0.10812436658598833,-63780513.04550035
put,764.0,2026-08-26,1537,0.11189338336364989,-100244878.32178524
put,765.0,2026-08-26,43819,0.10724492131623148,-2739196049.864342
put,766.0,2026-08-26,1421,0.09207016549224846,-76260021.12750484
put,767.0,2026-08-26,892,0.07037764560687683,-36591777.618813045
put,768.0,2026-08-26,1009,0.046311019099180936,-27237009.592699233
put,769.0,2026-08-26,699,0.02429683554109014,-9899444.139832357
put,770.0,2026-08-26,1277,0.009143022860309264,-6805571.8347975705
put,771.0,2026-08-26,233,0.0011208312134549498,-152222.9231458723
put,772.0,2026-08-26,293,0.0,-0.0
put,773.0,2026-08-26,539,0.0,-0.0
put,774.0,2026-08-26,355,0.0,-0.0
put,775.0,2026-08-26,919,0.0,-0.0
put,776.0,2026-08-26,293,0.0,-0.0
put,777.0,2026-08-26,9,0.0,-0.0
put,778.0,2026-08-26,4,0.0,-0.0
put,779.0,2026-08-26,0,0.0,-0.0
put,780.0,2026-08-26,13,0.0,-0.0
put,781.0,2026-08-26,0,0.0,-0.0
put,782.0,2026-08-26,0,0.0,-0.0
put,783.0,2026-08-26,0,0.0,-0.0
put,784.0,2026-08-26,0,0.0,-0.0
put,785.0,2026-08-26,1,0.0,-0.0
put,786.0,2026-08-26,0,0.0,-0.0
put,787.0,2026-08-26,0,0.0,-0.0
put,788.0,2026-08-26,0,0.0,-0.0
put,789.0,2026-08-26,0,0.0,-0.0
put,790.0,2026-08-26,0,0.0,-0.0
put,791.0,2026-08-26,0,0.0,-0.0
put,792.0,2026-08-26,0,0.0,-0.0
put,793.0,2026-08-26,0,0.0,-0.0
put,794.0,2026-08-26,0,0.0,-0.0
put,795.0,2026-08-26,0,0.0,-0.0
put,796.0,2026-08-26,0,0.0,-0.0
put,797.0,2026-08-26,0,0.0,-0.0
put,798.0,2026-08-26,0,0.0,-0.0
put,799.0,2026-08-26,0,0.0,-0.0
put,800.0,2026-08-26,1,0.0,-0.0
put,815.0,2026-08-26,0,0.0,-0.0
call,715.0,2026-08-27,1,0.002484181845914566,1447.9958035847283
call,718.0,2026-08-27,10,0.0028672403407637133,16712.753891679018
call,724.0,2026-08-27,10,0.003629264246130467,21154.487571590358
call,730.0,2026-08-27,2,0.004787284835412562,5580.88641026209
call,740.0,2026-08-27,1,0.008090061804382386,4715.586969912049
call,742.0,2026-08-27,5,0.009270079368782618,27017.01577718605
call,745.0,2026-08-27,6,0.011472752910910607,40123.86959002282
call,746.0,2026-08-27,55,0.012383832466576681,397010.2112437635
call,747.0,2026-08-27,59,0.012422448048578208,427211.6825006941
call,748.0,2026-08-27,57,0.012235299932826385,406512.0233793535
call,749.0,2026-08-27,34,0.015501667092941858,307214.16945627826
call,750.0,2026-08-27,90,0.015569480944192844,816771.4773954222
call,751.0,2026-08-27,8,0.018573025096001613,86607.70931278785
call,752.0,2026-08-27,7,0.018884954813199867,77054.4827696915
call,753.0,2026-08-27,6,0.02141560191265799,74897.17812349631
call,754.0,2026-08-27,13,0.024333220165663843,184385.53912302913
call,755.0,2026-08-27,22,0.027581462900490746,353690.90924282663
call,756.0,2026-08-27,47,0.031212426284519375,855085.0376104449
call,757.0,2026-08-27,25,0.0352299525669641,513376.5022209191
call,758.0,2026-08-27,124,0.03948346504876398,2853782.456649324
call,759.0,2026-08-27,147,0.04358293178286023,3734373.012061576
call,760.0,2026-08-27,191,0.0484890245339406,5398346.217955665
call,761.0,2026-08-27,44,0.05257247705441731,1348326.39426052
call,762.0,2026-08-27,114,0.05608694504493002,3726924.16868513
call,763.0,2026-08-27,338,0.059207658075684864,11664832.393102279
call,764.0,2026-08-27,764,0.06063842358813475,27003818.516552698
call,765.0,2026-08-27,467,0.060575668484752564,16489178.356947789
call,766.0,2026-08-27,1736,0.05901424616919793,59715971.80816309
call,767.0,2026-08-27,357,0.055680440800708594,11586567.616656266
call,768.0,2026-08-27,417,0.0509071000340287,12373664.384554379
call,769.0,2026-08-27,1895,0.044968522596412555,49670868.446117096
call,770.0,2026-08-27,1976,0.0383491868367053,44169961.35877692
call,771.0,2026-08-27,1338,0.031372337820682515,24467348.95045681
call,772.0,2026-08-27,1027,0.024945849868123347,14933192.635194987
call,773.0,2026-08-27,985,0.01909456686779399,10963013.818889646
call,774.0,2026-08-27,787,0.014083004853371297,6460319.261629386
call,775.0,2026-08-27,807,0.009888026178796003,4651221.927250103
call,776.0,2026-08-27,753,0.006844487026680211,3004137.457566751
call,777.0,2026-08-27,1418,0.004481318542967046,3703957.254891561
call,778.0,2026-08-27,1082,0.0028871684816746744,1820888.3123810417
call,779.0,2026-08-27,1003,0.0018252792042855496,1067122.2086338538
call,780.0,2026-08-27,943,0.0011606612853362487,637971.2543730147
call,781.0,2026-08-27,857,0.000844164474259333,421688.5538633252
call,782.0,2026-08-27,1416,0.0005699989250491611,470458.38084394607
call,783.0,2026-08-27,1040,0.0005122485401635847,310526.01373763295
call,784.0,2026-08-27,1566,0.0003361203895186591,306810.7239529786
call,785.0,2026-08-27,1365,0.00028490878529742133,226684.80620861214
call,786.0,2026-08-27,1258,0.0002646965223341204,194094.30649191915
call,787.0,2026-08-27,596,0.00014821786096922733,51490.92819731024
call,788.0,2026-08-27,537,0.000129409248648939,40506.388239019965
call,789.0,2026-08-27,1129,0.0001138179623017129,74901.1813655153
call,790.0,2026-08-27,215,0.00010078522346800334,12630.46217420829
call,791.0,2026-08-27,271,9.784871809105304e-05,15456.400084182791
call,792.0,2026-08-27,565,9.512989902439504e-05,31329.20706559968
call,793.0,2026-08-27,582,8.551378610749074e-05,29009.68675707422
call,794.0,2026-08-27,138,7.725918598829063e-05,6214.599331811744
call,795.0,2026-08-27,62,7.013171379630056e-05,2534.4869585211245
call,796.0,2026-08-27,111,6.394356923212489e-05,4137.173865671146
call,797.0,2026-08-27,28,5.8543169414051715e-05,955.4724771160483
call,798.0,2026-08-27,50,5.795191922314858e-05,1688.969267342561
call,799.0,2026-08-27,59,5.73774462423108e-05,1973.2274388200199
call,800.0,2026-08-27,246,5.300224203814543e-05,7599.994319174409
call,801.0,2026-08-27,18,4.912050840775908e-05,515.3701702250236
call,802.0,2026-08-27,58,4.5663321323219564e-05,1543.7586705760598
call,803.0,2026-08-27,64,4.257301968862735e-05,1588.1749772917706
call,804.0,2026-08-27,33,3.980112352467654e-05,765.5846040029169
call,805.0,2026-08-27,319,3.730667790917112e-05,6936.832057562613
call,806.0,2026-08-27,315,3.505492783056189e-05,6436.407773563576
call,808.0,2026-08-27,6,3.116529944539279e-05,108.99497447484897
call,809.0,2026-08-27,13,2.9480289412621678e-05,223.38757549728035
call,810.0,2026-08-27,43,2.7942436631247005e-05,700.3524460869447
call,815.0,2026-08-27,73,2.1959851504429498e-05,934.4072053733789
call,820.0,2026-08-27,52,6.900820530066168e-06,209.1645092864436
call,825.0,2026-08-27,75,4.815651173051436e-06,210.52331680873348
call,830.0,2026-08-27,183,4.4742080497819115e-06,477.25576606720796
call,835.0,2026-08-27,87,4.2092892479615155e-06,213.45775729410994
call,840.0,2026-08-27,10,3.2377714040781064e-06,18.872529053305733
call,845.0,2026-08-27,18,2.5600409532708687e-06,26.859834815183458
call,865.0,2026-08-27,23,1.7840725281342885e-06,23.917966947704713
call,870.0,2026-08-27,525,1.5380552157368844e-06,470.66851744726614
call,875.0,2026-08-27,1084,1.3443518667689326e-06,849.427185642346
call,880.0,2026-08-27,417,1.1897321096187433e-06,289.1806019614111
call,885.0,2026-08-27,5,1.0647924844779015e-06,3.103265269706796
call,895.0,2026-08-27,486,8.785516677867345e-07,248.87856632393044
call,900.0,2026-08-27,5,8.085242397296605e-07,2.356388901542082
call,905.0,2026-08-27,2006,7.498313833883345e-07,876.7554246667008
call,910.0,2026-08-27,214,2.0666458469239793e-07,25.77886264708473
call,915.0,2026-08-27,10,2.0093247513229995e-07,1.171208063024663
call,920.0,2026-08-27,589,1.9624145646778308e-07,67.3736339745304
call,925.0,2026-08-27,1865,1.9244811955687298e-07,209.20710394890105
put,565.0,2026-08-27,5,6.362790502580676e-08,-0.18543920128024394
put,570.0,2026-08-27,5,5.493327251367197e-08,-0.16009928622533878
put,590.0,2026-08-27,142,1.0851827019714384e-07,-8.982042927531387
put,595.0,2026-08-27,196,9.018718355751701e-08,-10.303500951213648
put,600.0,2026-08-27,70,1.2065724564198854e-07,-4.923062695845406
put,605.0,2026-08-27,2,9.773108845269598e-08,-0.11393224388303377
put,615.0,2026-08-27,161,1.7808759935783182e-07,-16.71257907762178
put,620.0,2026-08-27,90,1.4051547136199615e-07,-7.371410103691264
put,625.0,2026-08-27,57,1.9182001052674537e-07,-6.373128654955925
put,630.0,2026-08-27,45,2.632578473234808e-07,-6.905223804989378
put,635.0,2026-08-27,31,2.0127922851323867e-07,-3.637010648062236
put,640.0,2026-08-27,105,2.79654261068714e-07,-17.115699762698164
put,650.0,2026-08-27,50,9.960944245388762e-07,-29.030494467997197
put,655.0,2026-08-27,5,1.0633414563190062e-06,-3.0990363468354305
put,660.0,2026-08-27,260,1.1308457177246352e-06,-171.3801921061418
put,665.0,2026-08-27,14,1.1973514958762108e-06,-9.770878577244007
put,670.0,2026-08-27,5,1.261195341953643e-06,-3.675668038659934
put,680.0,2026-08-27,8013,5.438313831192812e-06,-25400.562151198395
put,685.0,2026-08-27,2,6.127256421247327e-06,-7.142988827524695
put,690.0,2026-08-27,191,6.922964663254418e-06,-770.7426673588934
put,695.0,2026-08-27,107,9.36675252914432e-06,-584.193530927041
put,700.0,2026-08-27,90,1.8227706763313327e-05,-956.2214075065156
put,701.0,2026-08-27,1,1.9532116134733532e-05,-11.385004783259488
put,702.0,2026-08-27,118,2.095131857479247e-05,-1441.0441523190061
put,703.0,2026-08-27,3,2.0683085794685357e-05,-36.167668021333675
put,704.0,2026-08-27,50,2.222614143755491e-05,-647.7657741599761
put,705.0,2026-08-27,65,2.1928326615617538e-05,-830.8120128695269
put,706.0,2026-08-27,7,2.3610097132800243e-05,-96.33403101597587
put,707.0,2026-08-27,74,2.5451842740827786e-05,-1097.8294339318084
put,708.0,2026-08-27,109,2.5116665299050563e-05,-1595.777714664403
put,709.0,2026-08-27,45,2.713504366835491e-05,-711.749151613754
put,710.0,2026-08-27,1527,2.935551894268916e-05,-26128.394147495066
put,711.0,2026-08-27,76,2.8980268490175412e-05,-1283.8075237710148
put,713.0,2026-08-27,4,3.1010307621042906e-05,-72.30194581284434
put,714.0,2026-08-27,68,4.892341512436156e-05,-1939.141932836221
put,715.0,2026-08-27,113,5.336504648200137e-05,-3514.9508376356753
put,716.0,2026-08-27,1,5.327701569692967e-05,-31.05444767803241
put,717.0,2026-08-27,32,5.829720356549917e-05,-1087.3807005701215
put,719.0,2026-08-27,72,6.392914384228998e-05,-2682.9668350205166
put,720.0,2026-08-27,63,6.705089906622283e-05,-2462.2325857308474
put,721.0,2026-08-27,3,7.040410863654461e-05,-123.11279147518486
put,722.0,2026-08-27,110,9.856928811156725e-05,-6320.01668319378
put,723.0,2026-08-27,84,0.00010425343039557625,-5104.5041318175245
put,724.0,2026-08-27,76,0.00011043165860710498,-4892.0524746130595
put,725.0,2026-08-27,236,0.00011716315647012034,-16117.103169023434
put,726.0,2026-08-27,189,0.00012451619914504849,-13717.392932352257
put,727.0,2026-08-27,45,0.00016832587026963228,-4415.168695629409
put,728.0,2026-08-27,115,0.00018025476243173146,-12082.825619531097
put,729.0,2026-08-27,85,0.00019344875887795335,-9584.485241928875
put,730.0,2026-08-27,241,0.00025066918545005464,-35212.90961094623
put,731.0,2026-08-27,88,0.00026491373255965213,-13588.485756245691
put,732.0,2026-08-27,373,0.0002804886519424987,-60982.89627203145
put,733.0,2026-08-27,62,0.00035848039409666155,-12955.107390679914
put,734.0,2026-08-27,52,0.00038278005931990846,-11602.099043650502
put,735.0,2026-08-27,257,0.0004699394860427386,-70397.78269286864
put,736.0,2026-08-27,69,0.0005775465623753623,-23228.43837088885
put,737.0,2026-08-27,117,0.0006958776856891663,-47457.26345684591
put,738.0,2026-08-27,294,0.0008234821207752904,-141118.97855150021
put,739.0,2026-08-27,250,0.0009777796435280347,-142483.61316499388
put,740.0,2026-08-27,148,0.0011649670983597939,-100498.43409490737
put,741.0,2026-08-27,502,0.001459064822802293,-426935.45624016045
put,742.0,2026-08-27,190,0.0017946335140838492,-198752.81767778707
put,743.0,2026-08-27,182,0.0021913524607414703,-232470.33601971157
put,744.0,2026-08-27,388,0.0027651887774572757,-625374.8774291557
put,745.0,2026-08-27,2069,0.0034056445270109273,-4107179.896622768
put,746.0,2026-08-27,5385,0.0042795855001167395,-13432948.031383669
put,747.0,2026-08-27,7350,0.005262464156630116,-22545527.93897792
put,748.0,2026-08-27,437,0.006538180417627159,-1665414.176025107
put,749.0,2026-08-27,373,0.008095008117871439,-1759989.3505659837
put,750.0,2026-08-27,2180,0.009770417845903616,-12415195.150959587
put,751.0,2026-08-27,815,0.012072911304133892,-5735265.645452567
put,752.0,2026-08-27,645,0.014905816285310628,-5604016.411009409
put,753.0,2026-08-27,437,0.018044702304927877,-4596371.023925685
put,754.0,2026-08-27,454,0.02176890464553277,-5760714.463295788
put,755.0,2026-08-27,898,0.02597348066123285,-13595350.507571671
put,756.0,2026-08-27,508,0.030738519774593513,-9101869.0275553
put,757.0,2026-08-27,298,0.03603250333676512,-6258851.092406191
put,758.0,2026-08-27,769,0.04169003381523603,-18687125.692698378
put,759.0,2026-08-27,533,0.047602623540427026,-14789109.257305074
put,760.0,2026-08-27,1875,0.05341467384049074,-58377537.63231665
put,761.0,2026-08-27,551,0.05909237261334948,-18978721.2025165
put,762.0,2026-08-27,246,0.06352997519259639,-9109566.538968964
put,763.0,2026-08-27,646,0.0669096437706938,-25194465.847533252
put,764.0,2026-08-27,1138,0.06897792240161059,-45754760.982957706
put,765.0,2026-08-27,1151,0.06898159290925415,-46279905.33861249
put,766.0,2026-08-27,553,0.06520737700177907,-21018696.620134074
put,767.0,2026-08-27,627,0.06059907403423216,-22147129.673484363
put,768.0,2026-08-27,509,0.054025038034110004,-16028643.998702975
put,769.0,2026-08-27,330,0.04561396537234122,-8773960.763930576
put,770.0,2026-08-27,709,0.03684333250138633,-15226113.408860547
put,771.0,2026-08-27,1135,0.0285238891859606,-18870722.213477273
put,772.0,2026-08-27,113,0.021041030081802567,-1385891.9121469052
put,773.0,2026-08-27,383,0.014097614479996315,-3147228.848630688
put,774.0,2026-08-27,329,0.02108576936409176,-4043610.069838583
put,775.0,2026-08-27,597,0.0054359140255567885,-1891606.640724483
put,776.0,2026-08-27,96,0.01704502211979135,-953789.9055326618
put,777.0,2026-08-27,508,0.015049766163625035,-4456330.4128219
put,778.0,2026-08-27,37,0.013603243359409276,-293378.3834233137
put,779.0,2026-08-27,17,0.01252672259363584,-124128.15520226401
put,780.0,2026-08-27,15,0.011287776752241234,-98692.37267750732
put,781.0,2026-08-27,1,0.011480523027723774,-6691.840693724149
put,782.0,2026-08-27,13,0.010501999789333598,-79579.14652655202
put,783.0,2026-08-27,0,0.009739303774356866,-0.0
put,784.0,2026-08-27,0,0.009160609495832518,-0.0
put,785.0,2026-08-27,0,0.00840528438257147,-0.0
put,786.0,2026-08-27,0,0.007958918537159885,-0.0
put,787.0,2026-08-27,0,0.007398627714053018,-0.0
put,788.0,2026-08-27,0,0.0069426380579573135,-0.0
put,789.0,2026-08-27,0,0.006594074110431775,-0.0
put,790.0,2026-08-27,0,0.006217732520609485,-0.0
put,791.0,2026-08-27,0,0.00587561367805181,-0.0
put,792.0,2026-08-27,0,0.0055044610194157845,-0.0
put,793.0,2026-08-27,0,0.005269298178604052,-0.0
put,794.0,2026-08-27,0,0.004999588488188419,-0.0
put,795.0,2026-08-27,0,0.004751951049869213,-0.0
put,796.0,2026-08-27,0,0.004450572587629947,-0.0
put,798.0,2026-08-27,0,0.00404528982084945,-0.0
put,799.0,2026-08-27,0,0.003929304245135806,-0.0
put,800.0,2026-08-27,1,0.0037561939954370636,-2189.43438129854
put,801.0,2026-08-27,0,0.003595423729898398,-0.0
put,802.0,2026-08-27,0,0.0034427503300562337,-0.0
put,805.0,2026-08-27,0,0.003046649616540755,-0.0
put,825.0,2026-08-27,0,0.001567724755009958,-0.0
put,950.0,2026-08-27,0,0.00021379871171498037,-0.0
call,500.0,2026-08-28,378,5.0618689666126175e-06,1115.286943608354
call,505.0,2026-08-28,0,4.01237424620435e-05,0.0
call,515.0,2026-08-28,12,4.4800133742429727e-05,313.36066205825
call,520.0,2026-08-28,2,5.055325094300423e-05,58.93360451322879
call,525.0,2026-08-28,3,5.4324912729336335e-05,94.99575780841315
call,530.0,2026-08-28,8,5.666632491306656e-05,264.2402393001338
call,535.0,2026-08-28,15,6.133603876498814e-05,536.2791388618062
call,540.0,2026-08-28,49,6.343283119401806e-05,1811.7325842893133
call,545.0,2026-08-28,6,6.743318670950834e-05,235.83532309833555
call,550.0,2026-08-28,19,6.83196274027863e-05,756.6290466793268
call,555.0,2026-08-28,26,7.37593995669201e-05,1117.82711551909
call,560.0,2026-08-28,12,7.965619831475187e-05,557.1661724150947
call,565.0,2026-08-28,1,8.276620754242971e-05,48.24329643868693
call,570.0,2026-08-28,1,8.942580536454005e-05,52.12508541312798
call,575.0,2026-08-28,2,9.750117249257986e-05,113.66421411220777
call,580.0,2026-08-28,1,0.00010821561868669153,63.077411985098045
call,585.0,2026-08-28,7,0.00010989553246181511,448.3962760994395
call,590.0,2026-08-28,4,0.00012367153630757344,288.34582442625475
call,595.0,2026-08-28,1,0.0001262518164016173,73.59046627167832
call,600.0,2026-08-28,26,0.0001394724489351148,2113.711421228059
call,605.0,2026-08-28,4,0.00014402933919056916,335.8109698515171
call,610.0,2026-08-28,1,0.00016673557167479617,97.1878964861048
call,615.0,2026-08-28,53,0.00018040133799864747,5573.134745781028
call,620.0,2026-08-28,22,0.0001891939150104922,2426.1283045316804
call,625.0,2026-08-28,5,0.00019902295537763075,580.0388660713024
call,630.0,2026-08-28,7,0.00021155350070130996,863.181603339772
call,635.0,2026-08-28,2,0.00023653612100290653,275.74737426866875
call,640.0,2026-08-28,2,0.00025494727968111556,297.21060213101106
call,645.0,2026-08-28,2,0.0002907489877148017,338.9472592756556
call,650.0,2026-08-28,26,0.000319642178507398,4844.1920148087565
call,655.0,2026-08-28,5,0.00035046129595036756,1021.3956089598807
call,660.0,2026-08-28,9,0.00040181543408209533,2107.9147526618463
call,665.0,2026-08-28,3,0.00043454525551411306,759.8715538722228
call,670.0,2026-08-28,13,0.0004941485257003883,3744.4218931074793
call,675.0,2026-08-28,11,0.0005317932004547236,3409.725243301677
call,680.0,2026-08-28,8,0.0006036780820448356,2815.005933497387
call,685.0,2026-08-28,61,0.0007414248117438254,26362.15262924446
call,690.0,2026-08-28,22,0.0016890019310580309,21658.91747163911
call,692.0,2026-08-28,1,0.00174140992300527,1015.0441542672618
call,693.0,2026-08-28,6,0.0017877578821818827,6252.358494968041
call,694.0,2026-08-28,15,0.0018583110493324022,16247.763457496456
call,695.0,2026-08-28,14,0.0019087316477575632,15576.03195971634
call,696.0,2026-08-28,55,0.0019493398331839693,62493.4018646479
call,697.0,2026-08-28,81,0.001967995379677022,92916.53649694278
call,698.0,2026-08-28,21,0.0020166268360757153,24684.75132670403
call,699.0,2026-08-28,126,0.0020302361138192773,149108.02348037745
call,700.0,2026-08-28,261,0.002082719854348923,316851.1473022685
call,701.0,2026-08-28,49,0.0022010860780941007,62866.173453798416
call,702.0,2026-08-28,2,0.0022648732442661556,2640.327606243613
call,703.0,2026-08-28,47,0.0023248074852296186,63689.63687166376
call,704.0,2026-08-28,1,0.00239277864954644,1394.7181238557102
call,705.0,2026-08-28,226,0.0023836150274993287,313999.15074881556
call,706.0,2026-08-28,3,0.0025128985182735412,4394.203083737744
call,707.0,2026-08-28,2,0.002589449328299104,3018.709574050519
call,708.0,2026-08-28,45,0.0026204730132397057,68734.71319212264
call,709.0,2026-08-28,1,0.0027248074967078815,1588.2532220006053
call,710.0,2026-08-28,49,0.0028403905518979383,81125.62561240826
call,711.0,2026-08-28,57,0.0029251595447105988,97187.03519784052
call,712.0,2026-08-28,17,0.0030055925826248174,29782.62349007139
call,713.0,2026-08-28,15,0.0031039833134435713,27139.044709961327
call,714.0,2026-08-28,4,0.0031998661167348696,7460.633715981837
call,715.0,2026-08-28,187,0.00321141763572853,350043.7389748472
call,716.0,2026-08-28,123,0.0033223882722805006,238198.71598310026
call,717.0,2026-08-28,11,0.003507430703702537,22488.770069492668
call,718.0,2026-08-28,79,0.003572116772135261,164488.923487369
call,719.0,2026-08-28,63,0.0037633593759747864,138197.49200065157
call,720.0,2026-08-28,338,0.0037936137017277973,747401.086836843
call,721.0,2026-08-28,16,0.004044060883533839,37715.649188426025
call,722.0,2026-08-28,79,0.004150218685204487,191109.3750046647
call,723.0,2026-08-28,27,0.0042635095663597945,67098.82660611205
call,724.0,2026-08-28,105,0.0033353199754876605,204131.82725991032
call,725.0,2026-08-28,234,0.003509291965484837,478651.3399637791
call,726.0,2026-08-28,101,0.004861558769250142,286207.38354622084
call,727.0,2026-08-28,910,0.0038177858344873783,2025055.2380201588
call,728.0,2026-08-28,43,0.005271057671660748,132114.3958392226
call,729.0,2026-08-28,81,0.005434412792666349,256579.26832740064
call,730.0,2026-08-28,295,0.0055978283565324164,962554.9091420913
call,731.0,2026-08-28,47,0.005984024439310789,163936.30267979918
call,732.0,2026-08-28,94,0.006252832700850107,342600.9651694442
call,733.0,2026-08-28,259,0.00641325309940527,968193.2785835611
call,734.0,2026-08-28,300,0.0067411631537078655,1178799.68898839
call,735.0,2026-08-28,386,0.006413291416074,1442953.0439345888
call,736.0,2026-08-28,720,0.007418817308059401,3113515.932843215
call,737.0,2026-08-28,319,0.007797635000190757,1449898.1810760028
call,738.0,2026-08-28,476,0.007255991802943312,2013203.402408801
call,739.0,2026-08-28,738,0.00701189376983783,3016307.467469158
call,740.0,2026-08-28,2291,0.007533853748666087,10060653.55208683
call,741.0,2026-08-28,760,0.009569580643422662,4239263.564284914
call,742.0,2026-08-28,895,0.010174949253187408,5308101.353714109
call,743.0,2026-08-28,830,0.010816738765307489,5233091.798053582
call,744.0,2026-08-28,985,0.01137706153733981,6532061.38247555
call,745.0,2026-08-28,1617,0.011906045089038076,11221772.562399097
call,746.0,2026-08-28,602,0.013113929719309731,4601646.602660422
call,747.0,2026-08-28,693,0.01402036247919737,5663389.040993637
call,748.0,2026-08-28,205,0.015014356107560824,1794091.1040675128
call,749.0,2026-08-28,283,0.01551147756904645,2558724.4804165387
call,750.0,2026-08-28,2446,0.016977666707274047,24205740.653787713
call,751.0,2026-08-28,674,0.01851342188202409,7273283.467253188
call,752.0,2026-08-28,778,0.020261863813115503,9188463.79698964
call,753.0,2026-08-28,909,0.022147723671874384,11734832.612439292
call,754.0,2026-08-28,592,0.024216540230634232,8356371.182676694
call,755.0,2026-08-28,1719,0.02640806986698371,26460403.135381334
call,756.0,2026-08-28,620,0.028573568690317998,10326189.5772806
call,757.0,2026-08-28,891,0.03096210175735312,16080222.628746355
call,758.0,2026-08-28,1240,0.03347374201465998,24194122.172879677
call,759.0,2026-08-28,579,0.03588530926931063,12110976.926661557
call,760.0,2026-08-28,3319,0.03826773650389495,74032761.08392306
call,761.0,2026-08-28,533,0.04018290830427569,12483963.634557137
call,762.0,2026-08-28,1015,0.041976862915602126,24834758.482413717
call,763.0,2026-08-28,1122,0.04388854417471529,28703043.659274645
call,764.0,2026-08-28,1625,0.04486868830339457,42499190.54198296
call,765.0,2026-08-28,3560,0.0452455962373299,93888031.41795486
call,766.0,2026-08-28,2814,0.04495444027396824,73736175.35575782
call,767.0,2026-08-28,4780,0.04397904767384432,122534289.53378704
call,768.0,2026-08-28,7250,0.042230188772325525,178461668.43592823
call,769.0,2026-08-28,2757,0.039874922649029934,64079710.24045988
call,770.0,2026-08-28,11774,0.03686622713258515,253009393.4485278
call,771.0,2026-08-28,2487,0.03339524770244217,48411035.693250716
call,772.0,2026-08-28,3431,0.02961867347933151,59233888.24528235
call,773.0,2026-08-28,1879,0.02569107358079146,28137982.333788335
call,774.0,2026-08-28,8279,0.021812071533470246,105258872.9279405
call,775.0,2026-08-28,6492,0.018146786729337908,68669228.15025266
call,776.0,2026-08-28,8231,0.01471854822317635,70615737.03832221
call,777.0,2026-08-28,1692,0.011602800738742359,11443190.085988669
call,778.0,2026-08-28,2693,0.009050524330153123,14206726.28499688
call,779.0,2026-08-28,1851,0.007006420481487528,7559386.238461237
call,780.0,2026-08-28,6420,0.0053332238055207575,19957620.33731841
call,781.0,2026-08-28,2770,0.00376505419998285,6079038.880967596
call,782.0,2026-08-28,1703,0.0027478737566255,2727692.087592253
call,783.0,2026-08-28,2036,0.0020746613501740883,2462118.262929362
call,784.0,2026-08-28,1564,0.0016432452745040065,1498038.7943358482
call,785.0,2026-08-28,4343,0.0013038628013742135,3300696.891608514
call,786.0,2026-08-28,1559,0.0010064910382190516,914618.4271688365
call,787.0,2026-08-28,4525,0.0007521261102225039,1983778.452269072
call,788.0,2026-08-28,2788,0.0007029385289152952,1142336.456696601
call,789.0,2026-08-28,645,0.0004616231161571385,173552.6232934513
call,790.0,2026-08-28,3765,0.0004247663417023475,932178.3158091158
call,791.0,2026-08-28,758,0.0003925824107868862,173453.8575391006
call,792.0,2026-08-28,2342,0.00036431779811464584,497337.49063741555
call,793.0,2026-08-28,593,0.00033936318972738167,117301.44068427947
call,794.0,2026-08-28,865,0.0002114508341212046,106612.81968702696
call,795.0,2026-08-28,2396,0.000200048414060165,279386.7759158141
call,796.0,2026-08-28,460,0.00018977145501993418,50882.99177535419
call,797.0,2026-08-28,723,0.00018047333929279192,76056.31349094083
call,798.0,2026-08-28,509,0.000172030713094602,51039.65045421018
call,799.0,2026-08-28,819,0.00015395451590770125,73495.41622673257
call,800.0,2026-08-28,9455,0.00013827089694154918,762037.3056052248
call,801.0,2026-08-28,4522,0.00013298100056518666,350512.9547565304
call,802.0,2026-08-28,970,0.00012810685333556986,72431.58980291776
call,803.0,2026-08-28,529,0.00012360450442957632,38113.06620835119
call,804.0,2026-08-28,1380,0.00011943576040033619,96072.12233518112
call,805.0,2026-08-28,2624,0.00011556729766584397,176759.4772282801
call,806.0,2026-08-28,1940,0.00010562209725536877,119437.42623175605
call,807.0,2026-08-28,196,9.678266780639293e-05,11057.006887993104
call,808.0,2026-08-28,181,9.421249148722883e-05,9939.647514253038
call,809.0,2026-08-28,412,9.180365889066016e-05,22046.574800857885
call,810.0,2026-08-28,1161,8.954241212850704e-05,60596.13558898198
call,815.0,2026-08-28,585,7.230089874017256e-05,24653.778029115823
call,820.0,2026-08-28,783,5.4656611068666275e-05,24945.27992605306
call,825.0,2026-08-28,868,4.708931936307817e-05,23824.624138119212
call,830.0,2026-08-28,779,4.142831066915022e-05,18811.290991321843
call,835.0,2026-08-28,511,3.408476123225666e-05,10152.314799441754
call,840.0,2026-08-28,564,1.3963163414212795e-05,4590.36103289083
call,845.0,2026-08-28,1107,1.2314666526409077e-05,7946.103111854317
call,850.0,2026-08-28,504,1.1024939862218593e-05,3238.8488819715135
call,855.0,2026-08-28,531,9.999214890852546e-06,3094.88376240497
call,860.0,2026-08-28,1286,7.753464778334272e-06,5811.934437176377
call,865.0,2026-08-28,292,7.231955947893847e-06,1230.8993519909384
call,870.0,2026-08-28,514,6.801473906274063e-06,2037.746119514429
call,875.0,2026-08-28,890,5.525418660513846e-06,2866.4153195956014
call,880.0,2026-08-28,1003,5.300086688685575e-06,3098.6164746203026
call,885.0,2026-08-28,856,5.111326819877938e-06,2550.3003764309824
call,890.0,2026-08-28,829,4.952967973401895e-06,2393.337633789053
call,895.0,2026-08-28,1651,4.208584059724631e-06,4050.1116790236088
call,900.0,2026-08-28,1815,3.6121655505522626e-06,3821.4501206075033
put,500.0,2026-08-28,791,1.5720818416828932e-07,-72.48289892679428
put,505.0,2026-08-28,184,2.544564262229537e-07,-27.290730824250733
put,510.0,2026-08-28,89,1.7101103348503098e-07,-8.871520446122778
put,515.0,2026-08-28,1359,2.0733123869876614e-07,-164.23590905265064
put,520.0,2026-08-28,170,1.8315515155703922e-07,-18.148969859136695
put,525.0,2026-08-28,105,3.042993753065872e-07,-18.624056453924084
put,530.0,2026-08-28,1786,2.6884742944481953e-07,-279.8796115516313
put,535.0,2026-08-28,355,2.3352239187095706e-07,-48.32154402466572
put,540.0,2026-08-28,768,2.828527954835558e-07,-126.62096379243066
put,545.0,2026-08-28,878,3.4263507515641515e-07,-175.35181061054337
put,550.0,2026-08-28,686,2.9189789997299613e-07,-116.71831406497269
put,555.0,2026-08-28,786,3.5370205502358943e-07,-162.04813930883938
put,560.0,2026-08-28,636,4.288173530566624e-07,-158.9693457771485
put,565.0,2026-08-28,655,3.570925841254552e-07,-136.33458819517827
put,570.0,2026-08-28,586,4.3323742795665893e-07,-147.98152699646343
put,575.0,2026-08-28,403,5.261580563301483e-07,-123.59622042687818
put,580.0,2026-08-28,6062,4.263166516396282e-07,-1506.3716991525882
put,585.0,2026-08-28,6039,5.183130217649508e-07,-1824.4882428174644
put,590.0,2026-08-28,1200,6.311794823200562e-07,-441.48712053971957
put,595.0,2026-08-28,206,4.944078455276827e-07,-59.36582310700244
put,600.0,2026-08-28,216,6.028908772679033e-07,-75.90604839804786
put,605.0,2026-08-28,552,7.368887195798655e-07,-237.0963703922382
put,610.0,2026-08-28,230,9.030349059811279e-07,-121.06435525055343
put,615.0,2026-08-28,370,6.76771848930815e-07,-145.95800849831426
put,620.0,2026-08-28,10360,8.310575846452952e-07,-5018.509982985576
put,625.0,2026-08-28,551,1.0241906681772358e-06,-328.9397309656114
put,630.0,2026-08-28,2918,1.2672960151854142e-06,-2155.496273711079
put,635.0,2026-08-28,361,2.62818240361655e-06,-553.0273688651114
put,640.0,2026-08-28,635,3.2976508097296972e-06,-1220.5689306475517
put,645.0,2026-08-28,940,3.229241355023409e-06,-1769.3440044312883
put,650.0,2026-08-28,2433,9.448559705215636e-06,-13399.594015477302
put,655.0,2026-08-28,532,9.676361195528392e-06,-3000.596670396491
put,660.0,2026-08-28,2743,1.1104395634575933e-05,-17754.34496276981
put,665.0,2026-08-28,1890,1.2796262716947929e-05,-14097.070498394216
put,670.0,2026-08-28,2297,1.4816792590246273e-05,-19838.056201509426
put,675.0,2026-08-28,6988,2.510822847115201e-05,-102271.09071584459
put,680.0,2026-08-28,1712,2.982048297674879e-05,-29757.904998441205
put,685.0,2026-08-28,1564,3.350666407623499e-05,-30545.82504132249
put,690.0,2026-08-28,2503,5.573152465859764e-05,-81310.32434532019
put,691.0,2026-08-28,1003,5.631451966803997e-05,-32923.44232335435
put,692.0,2026-08-28,196,5.689346222688709e-05,-6499.835331909636
put,693.0,2026-08-28,478,5.932931842871213e-05,-16530.316745602646
put,694.0,2026-08-28,348,6.190337425433468e-05,-12556.756885896986
put,695.0,2026-08-28,674,6.462570867992332e-05,-25389.206895220228
put,696.0,2026-08-28,814,6.534615674877673e-05,-31004.76004979242
put,697.0,2026-08-28,133,6.606270380121864e-05,-5121.437828171671
put,698.0,2026-08-28,251,6.906185767508724e-05,-10104.059550513091
put,699.0,2026-08-28,253,7.224365127539797e-05,-10653.789909050456
put,700.0,2026-08-28,3034,9.510429666907948e-05,-168189.7922612029
put,701.0,2026-08-28,389,9.97744657215143e-05,-22623.142535206713
put,702.0,2026-08-28,458,0.0001014410708062061,-27080.908044909418
put,703.0,2026-08-28,282,0.00010655980589010761,-17515.657667247087
put,704.0,2026-08-28,1059,0.00011202475266215008,-69150.26891783767
put,705.0,2026-08-28,1105,0.00011402963371528606,-73445.28608886572
put,706.0,2026-08-28,512,0.00011607370377357747,-34640.78483566301
put,707.0,2026-08-28,343,0.0001222826919030093,-24447.9827356862
put,708.0,2026-08-28,222,0.00015233034189393024,-19711.665050930602
put,709.0,2026-08-28,178,0.00016094368135239053,-16698.515068818433
put,710.0,2026-08-28,2026,0.0001646968028395743,-194495.03940680114
put,711.0,2026-08-28,428,0.00017432514766773898,-43489.832032403494
put,712.0,2026-08-28,160,0.00017858424881128453,-16655.092672243234
put,713.0,2026-08-28,307,0.00018939659589601988,-33891.78666294424
put,714.0,2026-08-28,464,0.00019425818783053378,-52538.93113399755
put,715.0,2026-08-28,742,0.000236644752528447,-102349.25917379285
put,716.0,2026-08-28,438,0.0002520164719098511,-64340.87421160649
put,717.0,2026-08-28,340,0.00025980671204107347,-51488.85134761177
put,718.0,2026-08-28,405,0.000272650077310737,-64364.228496042015
put,719.0,2026-08-28,513,0.0002864467048845263,-85653.50028934894
put,720.0,2026-08-28,1930,0.00033985357070757976,-382325.3244936303
put,721.0,2026-08-28,849,0.00035842914942984356,-177376.03043783997
put,722.0,2026-08-28,408,0.000378522606615989,-90019.35663931583
put,723.0,2026-08-28,3556,0.0004432157709314454,-918672.8408794435
put,724.0,2026-08-28,1540,0.00046994908662386677,-421847.47140446905
put,725.0,2026-08-28,6439,0.0005423198991034493,-2035438.030736872
put,726.0,2026-08-28,267,0.0005773923345414565,-89859.9545935286
put,727.0,2026-08-28,1202,0.000668042859873322,-468050.5002808813
put,728.0,2026-08-28,872,0.0007029220377304047,-357279.0606081205
put,729.0,2026-08-28,963,0.000803111619973189,-450802.2928830171
put,730.0,2026-08-28,2199,0.0009184349983668942,-1177219.8426163103
put,731.0,2026-08-28,523,0.0009738378502202341,-296874.06468636164
put,732.0,2026-08-28,1150,0.0011012476942306954,-738187.644741963
put,733.0,2026-08-28,1115,0.0012474637209198322,-810749.5403869986
put,734.0,2026-08-28,758,0.001478114863472277,-653072.368783038
put,735.0,2026-08-28,13553,0.0016550741295447739,-13074852.799541488
put,736.0,2026-08-28,521,0.0019343790016747408,-587439.5898593264
put,737.0,2026-08-28,1375,0.0022311190217023597,-1788172.2732173153
put,738.0,2026-08-28,930,0.0025592290647773706,-1387318.0200728134
put,739.0,2026-08-28,1921,0.002921463276228051,-3271234.786372233
put,740.0,2026-08-28,7581,0.0034156541069228106,-15093303.350336654
put,741.0,2026-08-28,1377,0.003947968420218394,-3168775.9255438107
put,742.0,2026-08-28,962,0.004519107133195157,-2534029.280064978
put,743.0,2026-08-28,2679,0.005263964031175117,-8219957.010428313
put,744.0,2026-08-28,1248,0.00614980000660832,-4473624.184211601
put,745.0,2026-08-28,8868,0.007127731063187214,-36843502.463980295
put,746.0,2026-08-28,1259,0.00819301420195942,-6012476.021087608
put,747.0,2026-08-28,1120,0.009533523079507996,-6223796.219843298
put,748.0,2026-08-28,1857,0.010980707632251927,-11885737.969046459
put,749.0,2026-08-28,1599,0.012638300561273155,-11779342.855037859
put,750.0,2026-08-28,21642,0.014562692282093032,-183705849.41130382
put,751.0,2026-08-28,5247,0.016640156529705637,-50892336.611337386
put,752.0,2026-08-28,2816,0.018985687827140083,-31163261.624094523
put,753.0,2026-08-28,1514,0.021542385613120874,-19010939.9614648
put,754.0,2026-08-28,3158,0.02433883969883625,-44801846.689014964
put,755.0,2026-08-28,9078,0.02733394032925074,-144635979.13743937
put,756.0,2026-08-28,3442,0.030493698024485306,-61179353.13403157
put,757.0,2026-08-28,1353,0.033774222128013225,-26635881.34016776
put,758.0,2026-08-28,1530,0.03708774528148451,-33075451.549209714
put,759.0,2026-08-28,1303,0.040392345615662704,-30678025.845462557
put,760.0,2026-08-28,12449,0.043543328689206705,-315965752.69795966
put,761.0,2026-08-28,1848,0.046358375088817426,-49936039.114695996
put,762.0,2026-08-28,2251,0.04888581003877113,-64141960.55717317
put,763.0,2026-08-28,6554,0.05069772388138502,-193677342.9181875
put,764.0,2026-08-28,4778,0.05200572112927093,-144837555.969202
put,765.0,2026-08-28,7463,0.05236672401294045,-227799500.30325532
put,766.0,2026-08-28,2622,0.05099583803493169,-77938373.81974062
put,767.0,2026-08-28,2960,0.04955644091201215,-85501894.73996407
put,768.0,2026-08-28,3171,0.046598092178599004,-86128780.43161106
put,769.0,2026-08-28,1656,0.04304673190958494,-41551282.93521459
put,770.0,2026-08-28,5443,0.03873085749632971,-122879480.37843195
put,771.0,2026-08-28,2493,0.0336889665459146,-48954642.86911139
put,772.0,2026-08-28,1802,0.02848607759403006,-29920673.091630746
put,773.0,2026-08-28,1103,0.023014386026944188,-14796494.10191971
put,774.0,2026-08-28,1743,0.018135243739219126,-18424881.50871932
put,775.0,2026-08-28,2290,0.014844045575846131,-19813978.207204614
put,776.0,2026-08-28,1206,0.011305144546684973,-7947075.645313446
put,777.0,2026-08-28,389,0.01719940718590693,-3899841.883131514
put,778.0,2026-08-28,1618,0.014118902871276911,-13315681.155341428
put,779.0,2026-08-28,95,0.014133321622727268,-782621.4861192529
put,780.0,2026-08-28,368,0.0,-0.0
put,781.0,2026-08-28,129,0.012645382242068421,-950835.9455345535
put,782.0,2026-08-28,5,0.011796642120261871,-34380.51106166383
put,783.0,2026-08-28,4,0.01112639161883952,-25941.68925212248
put,784.0,2026-08-28,0,0.01039239394973081,-0.0
put,785.0,2026-08-28,29,0.009752148312291072,-164847.44295404173
put,786.0,2026-08-28,1,0.008064067377635452,-4700.435172185143
put,787.0,2026-08-28,0,0.008564998395845801,-0.0
put,788.0,2026-08-28,0,0.008090529264097214,-0.0
put,789.0,2026-08-28,0,0.007631282049938426,-0.0
put,790.0,2026-08-28,5,0.007228438786216913,-21066.793170001976
put,791.0,2026-08-28,0,0.006936731511052534,-0.0
put,792.0,2026-08-28,0,0.0065960550480538335,-0.0
put,793.0,2026-08-28,1,0.006212360240200078,-3621.1002720916317
put,794.0,2026-08-28,0,0.005922136562369589,-0.0
put,795.0,2026-08-28,8,0.005719352564457785,-26669.862437570493
put,796.0,2026-08-28,0,0.005406538342874219,-0.0
put,797.0,2026-08-28,0,0.005172925133037325,-0.0
put,800.0,2026-08-28,1,0.00461999027909744,-2692.929484102428
put,801.0,2026-08-28,0,0.004401479037641218,-0.0
put,804.0,2026-08-28,0,0.003908420045982041,-0.0
put,805.0,2026-08-28,0,0.003821804988465028,-0.0
put,806.0,2026-08-28,0,0.003636563638398611,-0.0
put,809.0,2026-08-28,0,0.003280815401663492,-0.0
put,810.0,2026-08-28,1,0.0031746270776408024,-1850.44693645524
put,815.0,2026-08-28,0,0.002715153004988464,-0.0
put,820.0,2026-08-28,0,0.0023540303769886096,-0.0
put,825.0,2026-08-28,1,0.0020624620166351023,-1202.181052104521
put,830.0,2026-08-28,0,0.0018535646772579123,-0.0
put,835.0,2026-08-28,0,0.0016534364565057816,-0.0
put,840.0,2026-08-28,0,0.0014870834389859734,-0.0
put,845.0,2026-08-28,0,0.0013431880778076763,-0.0
put,850.0,2026-08-28,0,0.0012218782791143053,-0.0
put,855.0,2026-08-28,0,0.0011162244934235204,-0.0
put,860.0,2026-08-28,0,0.0009937947551875125,-0.0
put,865.0,2026-08-28,0,0.0009452654152541731,-0.0
put,870.0,2026-08-28,0,0.0008741766729083864,-0.0
put,875.0,2026-08-28,0,0.0008114163783273266,-0.0
put,880.0,2026-08-28,0,0.0007561812693335926,-0.0
put,885.0,2026-08-28,0,0.0007058808936244536,-0.0
call,420.0,2026-08-31,4,4.347662601069602e-05,101.3677354112273
call,425.0,2026-08-31,7,4.591994739120153e-05,187.36278852874537
call,435.0,2026-08-31,7,4.851462279098962e-05,197.94959547975643
call,440.0,2026-08-31,3,0.0,0.0
call,455.0,2026-08-31,1,5.855025263801954e-05,34.128145754750705
call,460.0,2026-08-31,0,0.0,0.0
call,465.0,2026-08-31,2,6.438403536958129e-05,75.05715669432571
call,475.0,2026-08-31,1,6.976103235359864e-05,40.662756741369115
call,480.0,2026-08-31,28,7.391630258872381e-05,1206.3746025468117
call,485.0,2026-08-31,11,7.74737247288938e-05,496.74218225211246
call,490.0,2026-08-31,51,8.150936148653265e-05,2423.0455965021483
call,495.0,2026-08-31,0,0.0,0.0
call,500.0,2026-08-31,4002,8.933700981649954e-05,208397.4574399327
call,505.0,2026-08-31,1,9.387889986900516e-05,54.72073362061973
call,510.0,2026-08-31,1,0.00010173301253046405,59.29878904493478
call,515.0,2026-08-31,5,0.00010640300363767151,310.1043166576977
call,520.0,2026-08-31,0,0.00011352350284962276,0.0
call,525.0,2026-08-31,3,0.00011465299975654257,200.48902151294126
call,530.0,2026-08-31,0,0.0,0.0
call,535.0,2026-08-31,43,0.00013110017351456796,3285.909830092473
call,540.0,2026-08-31,18,0.00013465968960985728,1412.8434213380135
call,545.0,2026-08-31,2413,0.0001412545511745338,198675.2146942037
call,550.0,2026-08-31,1196,0.0001481469755415483,103278.01658476064
call,555.0,2026-08-31,838,0.0001569329315733093,76655.27143468273
call,560.0,2026-08-31,1728,0.00016711589580238395,168323.75812144947
call,565.0,2026-08-31,1352,0.00017574198854258358,138495.6546100325
call,570.0,2026-08-31,1292,0.00018677425076762402,140657.6755449589
call,575.0,2026-08-31,77,0.00019910417224038683,8936.243733239919
call,580.0,2026-08-31,375,0.0002129261599980643,46541.91076898083
call,585.0,2026-08-31,334,0.00022539795901449668,43881.38894702313
call,590.0,2026-08-31,1132,0.00023672083787030476,156194.8950865029
call,595.0,2026-08-31,2245,0.0002536213870612748,331883.86438143137
call,600.0,2026-08-31,2087,0.00027119352554066896,329902.55999022076
call,605.0,2026-08-31,364,0.00029108389068147744,61759.45776769443
call,610.0,2026-08-31,442,0.0003100361834656358,79876.41615823656
call,615.0,2026-08-31,24,0.00034144840961538805,4776.615190971151
call,616.0,2026-08-31,1,0.0,0.0
call,618.0,2026-08-31,8,0.0003528161870075983,1645.2140460295007
call,619.0,2026-08-31,1,0.0,0.0
call,620.0,2026-08-31,7,0.0003543439539985576,1445.7958924445982
call,621.0,2026-08-31,0,0.0003613414820390524,0.0
call,622.0,2026-08-31,2,0.0,0.0
call,623.0,2026-08-31,0,0.0,0.0
call,624.0,2026-08-31,1,0.00037810679294844303,220.39330590738658
call,625.0,2026-08-31,26,0.00038273420373932795,5800.354578378427
call,626.0,2026-08-31,19,0.000386233758485232,4277.477667656837
call,627.0,2026-08-31,5,0.0004019997340071248,1171.600881074373
call,628.0,2026-08-31,2,0.0,0.0
call,629.0,2026-08-31,6,0.0004108542749905069,1436.8882061902643
call,630.0,2026-08-31,5,0.00041472437322666165,1208.6859765602787
call,632.0,2026-08-31,7,0.00043129339113256933,1759.7653531306155
call,633.0,2026-08-31,11,0.0,0.0
call,634.0,2026-08-31,130,0.00043892024592602567,33259.28324574253
call,635.0,2026-08-31,26,0.0004353573685556452,6597.861077638094
call,636.0,2026-08-31,7,0.0004488313209720119,1831.3236981728196
call,637.0,2026-08-31,5,0.0,0.0
call,638.0,2026-08-31,16,0.00046501421076036427,4336.807319613131
call,639.0,2026-08-31,32,0.0004818053257457425,8986.80863927191
call,640.0,2026-08-31,2631,0.00048117583871535246,737918.8077988134
call,641.0,2026-08-31,1771,0.0,0.0
call,642.0,2026-08-31,1668,0.0004932209592061806,479536.3014248123
call,643.0,2026-08-31,1634,0.0,0.0
call,644.0,2026-08-31,1343,0.0,0.0
call,645.0,2026-08-31,1076,0.0005219230085242971,327342.67994965246
call,646.0,2026-08-31,751,0.0005299214158375646,231971.87223065886
call,647.0,2026-08-31,17,0.0005380882605226611,5331.953558914647
call,648.0,2026-08-31,1062,0.0005491670031502605,339948.2978314969
call,649.0,2026-08-31,949,0.0005549475690970395,306974.34779254097
call,650.0,2026-08-31,1070,0.0005646010479532326,352135.1490205732
call,651.0,2026-08-31,320,0.0005764245192652299,107516.80342268817
call,652.0,2026-08-31,350,0.0005826222945946861,118860.91336767563
call,653.0,2026-08-31,356,0.0006010383566082738,124720.0010640499
call,654.0,2026-08-31,165,0.000607649602538303,58441.463347559766
call,655.0,2026-08-31,321,0.000618571348360773,115738.74050952187
call,656.0,2026-08-31,12,0.0006286865023019641,4397.433715735698
call,657.0,2026-08-31,97,0.0006456434395962893,36504.66743827098
call,658.0,2026-08-31,43,0.0006530014803792824,16366.904222325755
call,659.0,2026-08-31,20,0.0006639158424740022,7739.750255536135
call,660.0,2026-08-31,1036,0.0006750905817523195,407667.1564690156
call,661.0,2026-08-31,59,0.0,0.0
call,662.0,2026-08-31,8,0.00069948457463986,3261.760343081097
call,663.0,2026-08-31,26,0.0007115226921789766,10783.159343687345
call,664.0,2026-08-31,59,0.0008303762082954807,28556.88473537719
call,665.0,2026-08-31,105,0.0007443846645005186,45558.627917409634
call,666.0,2026-08-31,0,0.0,0.0
call,667.0,2026-08-31,16,0.001423447641810298,13275.332257039767
call,668.0,2026-08-31,216,0.0013702231273242836,172515.83485577276
call,669.0,2026-08-31,117,0.0013899835556632474,94793.69314230209
call,670.0,2026-08-31,930,0.0014168354539848362,768044.3239113486
call,671.0,2026-08-31,62,0.0015242182681130896,55083.65778273707
call,672.0,2026-08-31,24,0.0,0.0
call,673.0,2026-08-31,19,0.0015770728851505506,17465.83227979683
call,674.0,2026-08-31,41,0.0016039248376607097,38331.144702115256
call,675.0,2026-08-31,207,0.0015452942056683485,186451.31090537048
call,676.0,2026-08-31,95,0.00166419631009327,92153.55202169697
call,677.0,2026-08-31,413,0.0016053312983961845,386454.7451467477
call,678.0,2026-08-31,256,0.0016341694414379502,243848.99492952097
call,679.0,2026-08-31,334,0.0016645212727464625,324055.7532079683
call,680.0,2026-08-31,859,0.0016950008812121533,848685.9484712568
call,681.0,2026-08-31,236,0.0017270886972333792,237580.37555486543
call,682.0,2026-08-31,109,0.0017722217072040011,112597.4277288933
call,683.0,2026-08-31,407,0.0017979616006072432,426538.9946334666
call,684.0,2026-08-31,22,0.0019291155934872922,24738.01519363556
call,685.0,2026-08-31,571,0.0014513868160088135,483062.3630871012
call,686.0,2026-08-31,100,0.0020040000358813974,116810.43588303015
call,687.0,2026-08-31,44,0.002047418074481685,52510.13428665815
call,688.0,2026-08-31,37,0.0020874336651522554,45019.25739365479
call,689.0,2026-08-31,31,0.0021294883350071276,38478.74321932746
call,690.0,2026-08-31,1612,0.0020680232054824275,1943141.2206093762
call,691.0,2026-08-31,40,0.002216762409140198,51684.82607274911
call,692.0,2026-08-31,100,0.0022663593059891692,132103.00082840133
call,693.0,2026-08-31,132,0.00173988979075505,133868.86786128717
call,694.0,2026-08-31,101,0.001780011630385793,104792.00100118086
call,695.0,2026-08-31,314,0.0018292019262424201,334792.11245494074
call,696.0,2026-08-31,86,0.0024642240578891324,123527.19051845488
call,697.0,2026-08-31,71,0.002522428856677406,104390.55207551901
call,698.0,2026-08-31,74,0.0025778406302693463,111191.52938012258
call,699.0,2026-08-31,99,0.00263519336370914,152065.81793417645
call,700.0,2026-08-31,3594,0.002577348193797395,5399270.514043687
call,701.0,2026-08-31,209,0.002641877349767644,321842.10281108244
call,702.0,2026-08-31,116,0.0027042283836017614,182845.9206834042
call,703.0,2026-08-31,179,0.002763025236862135,288284.8382863382
call,704.0,2026-08-31,54,0.002960142299113808,93173.04055083418
call,705.0,2026-08-31,714,0.0029108236424280243,1211429.1650049144
call,706.0,2026-08-31,132,0.002983480149333635,229551.9589804562
call,707.0,2026-08-31,167,0.0026607273735061365,259000.59891692444
call,708.0,2026-08-31,180,0.002732014579082614,286641.74380911846
call,709.0,2026-08-31,452,0.002795994102038738,736645.610478396
call,710.0,2026-08-31,1031,0.0028733354892150494,1726747.8414995614
call,711.0,2026-08-31,521,0.0034016067694113833,1033012.9120279438
call,712.0,2026-08-31,234,0.0030761623150652485,419574.44080849993
call,713.0,2026-08-31,213,0.003589524087052865,445656.6536779167
call,714.0,2026-08-31,1137,0.0031667690770838005,2098750.3410611446
call,715.0,2026-08-31,892,0.0038061533074222284,1978951.0462778974
call,716.0,2026-08-31,627,0.003247839023590913,1186986.9822340463
call,717.0,2026-08-31,230,0.0040369004296916386,541202.4989225765
call,718.0,2026-08-31,65,0.004298980741297992,162878.13044618553
call,719.0,2026-08-31,185,0.003802148155783511,410000.7806991624
call,720.0,2026-08-31,2182,0.0037282680557410206,4741827.986931983
call,721.0,2026-08-31,138,0.0038651808065981444,310908.6609022382
call,722.0,2026-08-31,136,0.004012564685504638,318086.2341723683
call,723.0,2026-08-31,61,0.005021563841580216,178547.07629473295
call,724.0,2026-08-31,19,0.005126083280235688,56770.55998354853
call,725.0,2026-08-31,1894,0.004484482029818558,4950809.1197420135
call,726.0,2026-08-31,345,0.004678529641072991,940832.6922341727
call,727.0,2026-08-31,177,0.004975998553633048,513378.20997252647
call,728.0,2026-08-31,520,0.005178217804491119,1569522.6116021383
call,729.0,2026-08-31,49,0.006157781244692967,175875.05898661396
call,730.0,2026-08-31,1340,0.006275156555617857,4901322.542704479
call,731.0,2026-08-31,183,0.006525604249544792,696074.5277188738
call,732.0,2026-08-31,259,0.006165670392080838,930816.3172490294
call,733.0,2026-08-31,222,0.006334626810379412,819705.6499472037
call,734.0,2026-08-31,350,0.006871793332468739,1401916.1977647182
call,735.0,2026-08-31,1272,0.007284784422208486,5401168.611630435
call,736.0,2026-08-31,442,0.007339839297861642,1891005.2747296777
call,737.0,2026-08-31,745,0.007794612889541739,3384813.49343375
call,738.0,2026-08-31,976,0.008345711109282769,4747851.036601367
call,739.0,2026-08-31,1224,0.008557952152192874,6105696.199582623
call,740.0,2026-08-31,2705,0.009015226818801597,14214377.55712317
call,741.0,2026-08-31,573,0.00972125937099826,3246841.378864691
call,742.0,2026-08-31,867,0.01020673550680036,5158101.428441645
call,743.0,2026-08-31,659,0.010828445751567956,4159445.701614642
call,744.0,2026-08-31,784,0.011613852374422504,5307332.340001578
call,745.0,2026-08-31,3634,0.012222686655091262,25890206.87742236
call,746.0,2026-08-31,984,0.013088031064500148,7506773.895926292
call,747.0,2026-08-31,865,0.013822771566501883,6969396.26045507
call,748.0,2026-08-31,1020,0.014769236737272191,8780962.919420721
call,749.0,2026-08-31,1097,0.015785656455907363,10093765.10975028
call,750.0,2026-08-31,8504,0.016909918462475408,83820198.41809851
call,751.0,2026-08-31,690,0.018028961540983622,7251097.129268073
call,752.0,2026-08-31,958,0.019249376582741486,10748951.355466109
call,753.0,2026-08-31,958,0.02052465409902599,11461072.910589712
call,754.0,2026-08-31,1267,0.02186209667059704,16145531.444776764
call,755.0,2026-08-31,2571,0.023332120382731355,34965537.17707063
call,756.0,2026-08-31,494,0.02469156383685703,7109834.070313808
call,757.0,2026-08-31,991,0.026250488258532642,15163343.026111651
call,758.0,2026-08-31,1761,0.027610235939113215,28340884.056859266
call,759.0,2026-08-31,910,0.02901698517880966,15391381.385800486
call,760.0,2026-08-31,2583,0.030681386636431475,46193759.53419638
call,761.0,2026-08-31,1194,0.031708306688077066,22067914.69302222
call,762.0,2026-08-31,1105,0.03272368386921985,21076980.126563963
call,763.0,2026-08-31,2406,0.03436145585977117,48189353.36647748
call,764.0,2026-08-31,573,0.03514895821296042,11739537.810326599
call,765.0,2026-08-31,2756,0.03562266177805894,57225487.390164
call,766.0,2026-08-31,1474,0.035750289133645675,30715738.505404763
call,767.0,2026-08-31,2142,0.03557599550873817,44418148.08548807
call,768.0,2026-08-31,1201,0.035013459981639995,24511052.27668277
call,769.0,2026-08-31,718,0.03413522466241733,14286015.905585561
call,770.0,2026-08-31,8018,0.032800892213584745,153297696.3164581
call,771.0,2026-08-31,1323,0.03115652663033314,24026626.639028803
call,772.0,2026-08-31,2096,0.02922850364412307,35709336.43568748
call,773.0,2026-08-31,2061,0.02701742701519166,32456814.863754626
call,774.0,2026-08-31,3607,0.024616057840978336,51754553.430518635
call,775.0,2026-08-31,3823,0.022099833651293834,49246710.017896794
call,776.0,2026-08-31,1730,0.019536774934963228,19700756.178746987
call,777.0,2026-08-31,1346,0.017025199614500035,13357377.254856383
call,778.0,2026-08-31,1978,0.014584962190023415,16815721.82522229
call,779.0,2026-08-31,1567,0.012420561467538541,11344729.481162164
call,780.0,2026-08-31,17829,0.01037467573408948,107816551.29365563
call,781.0,2026-08-31,1098,0.008482703427456287,5429008.768766015
call,782.0,2026-08-31,1431,0.006929223964159373,5779738.000494245
call,783.0,2026-08-31,832,0.005586892088177561,2709427.4646757557
call,784.0,2026-08-31,1099,0.004528230481938784,2900748.8973394996
call,785.0,2026-08-31,36652,0.0037133526124404864,79331887.6851651
call,786.0,2026-08-31,1683,0.002998886293825423,2941900.870926866
call,787.0,2026-08-31,1001,0.0025247441921569594,1473110.6824493771
call,788.0,2026-08-31,2349,0.002101388796986679,2877221.844679423
call,789.0,2026-08-31,1228,0.0017031462954750596,1219085.7101510882
call,790.0,2026-08-31,5049,0.001597970408506445,4702816.388383686
call,791.0,2026-08-31,2386,0.0012462997417773596,1733312.479753257
call,792.0,2026-08-31,883,0.0011819192956371088,608320.4913735995
call,793.0,2026-08-31,543,0.0008936226122635767,282838.09194888
call,794.0,2026-08-31,958,0.0008317221277881865,464437.93410304474
call,795.0,2026-08-31,2747,0.0007765615835476714,1243421.8112467069
call,796.0,2026-08-31,605,0.0007272086680684714,256447.42407336997
call,797.0,2026-08-31,21200,0.0006828841882456985,8438530.753879681
call,798.0,2026-08-31,560,0.0006612983234088248,215858.6060523263
call,799.0,2026-08-31,989,0.0006412271351262228,369651.1856041183
call,800.0,2026-08-31,10350,0.000606123179380442,3656664.891095476
call,801.0,2026-08-31,2270,0.000574191557017917,759742.7755498554
call,802.0,2026-08-31,2114,0.0003888224456018076,479115.5099335512
call,803.0,2026-08-31,653,0.0003717306623529548,141489.9152183858
call,804.0,2026-08-31,161,0.00035600569307335034,33409.25094743415
call,805.0,2026-08-31,3389,0.0003221746519500371,636424.4507175096
call,806.0,2026-08-31,131,0.0003280980822336406,25052.952045196216
call,807.0,2026-08-31,161,0.0002983833564448572,28001.69948953595
call,808.0,2026-08-31,280,0.00028775170910252143,46963.43587857937
call,809.0,2026-08-31,699,0.0002778565717211984,113209.21220327413
call,810.0,2026-08-31,7578,0.0002686299001006268,1186568.6535105158
call,815.0,2026-08-31,4594,0.00021924599095721005,587092.5524634705
call,820.0,2026-08-31,2462,0.00018428006078437947,264454.10634978494
call,825.0,2026-08-31,1885,0.0001515027424439575,166462.25303615676
call,830.0,2026-08-31,878,0.00013332269855985849,68231.12484115204
call,835.0,2026-08-31,2812,0.00011922879048829673,195425.11409936467
call,840.0,2026-08-31,10294,0.0001080783968843418,648495.5162479067
call,845.0,2026-08-31,1249,9.186977526137743e-05,66883.50313107176
call,850.0,2026-08-31,2180,7.930590282810935e-05,100773.40352918701
call,855.0,2026-08-31,673,7.458435281963871e-05,29258.13971287413
call,860.0,2026-08-31,1985,3.298442294020716e-05,38163.950263169216
call,865.0,2026-08-31,11,3.0107872999930648e-05,193.04416548049653
call,870.0,2026-08-31,30,2.7731365577675482e-05,484.92707226952007
call,875.0,2026-08-31,1192,2.5748604525288726e-05,17890.145467257054
call,880.0,2026-08-31,1308,2.408005762076906e-05,18359.006911881996
call,885.0,2026-08-31,476,2.2665326256869534e-05,6288.583721735465
call,890.0,2026-08-31,610,2.1457916344085702e-05,7629.591791484277
call,915.0,2026-08-31,13,1.5493198199685853e-05,117.40006802799111
put,420.0,2026-08-31,8106,7.557508374658809e-07,-3570.829845893193
put,425.0,2026-08-31,2257,6.918381673839028e-07,-910.1647176540355
put,430.0,2026-08-31,689,6.26219598714999e-07,-251.4952558360689
put,435.0,2026-08-31,607,7.0553811485044e-07,-249.62788145737238
put,440.0,2026-08-31,709,7.937226823454794e-07,-328.0189590917847
put,445.0,2026-08-31,598,7.066995608599896e-07,-246.3314850004203
put,450.0,2026-08-31,1852,7.922903408732913e-07,-855.2818643133962
put,455.0,2026-08-31,171,6.937887977553847e-07,-69.15240889603268
put,460.0,2026-08-31,179,7.749482320121756e-07,-80.85551400885048
put,465.0,2026-08-31,1770,1.1076315559636658e-06,-1142.753357704542
put,470.0,2026-08-31,992,9.63143110469066e-07,-556.911792519654
put,475.0,2026-08-31,179,8.230728332920585e-07,-85.87667440669078
put,480.0,2026-08-31,280,1.191379943066844e-06,-194.44296521384237
put,485.0,2026-08-31,196,1.012266610168698e-06,-115.64714152652653
put,490.0,2026-08-31,163,1.1206710068447906e-06,-106.47549316809568
put,495.0,2026-08-31,210,1.2393522565018253e-06,-151.70432977808707
put,500.0,2026-08-31,3543,1.0239842447885475e-06,-2114.697960517942
put,505.0,2026-08-31,773,1.5111827085901596e-06,-680.8953826062497
put,510.0,2026-08-31,508,1.2390336265626157e-06,-366.8856494199523
put,515.0,2026-08-31,1351,1.360781951172218e-06,-1071.5879193932305
put,520.0,2026-08-31,1428,1.4929934345521482e-06,-1242.7106633424635
put,525.0,2026-08-31,629,1.6364711920173214e-06,-599.9885043968758
put,530.0,2026-08-31,830,1.7920775326407838e-06,-866.9994201595192
put,535.0,2026-08-31,795,1.9607387062165636e-06,-908.5958950394701
put,540.0,2026-08-31,774,2.143450089089873e-06,-967.026232889512
put,545.0,2026-08-31,2658,1.654885388497942e-06,-2563.9338588875908
put,550.0,2026-08-31,1429,2.5553851432368416e-06,-2128.4944096101312
put,555.0,2026-08-31,2762,1.947116518876692e-06,-3134.7256319233143
put,560.0,2026-08-31,3839,2.1086067346347945e-06,-4718.431134868217
put,565.0,2026-08-31,2976,2.281024776401383e-06,-3956.8250549664413
put,570.0,2026-08-31,1105,2.464877282424193e-06,-1587.6014969372172
put,575.0,2026-08-31,1066,2.6606615993959154e-06,-1653.2204388594198
put,580.0,2026-08-31,5851,2.8688572427921345e-06,-9784.14669513994
put,585.0,2026-08-31,4577,3.0899150883193585e-06,-8243.494965506616
put,590.0,2026-08-31,7336,3.3242437371891166e-06,-14214.647731473413
put,595.0,2026-08-31,4235,3.5721923574102795e-06,-8818.04216594312
put,600.0,2026-08-31,3238,7.238867010383016e-06,-13662.53734276165
put,605.0,2026-08-31,21440,7.889563646239163e-06,-98596.54224382956
put,610.0,2026-08-31,1395,8.598490212731344e-06,-6991.660446724965
put,615.0,2026-08-31,2065,9.37142699557046e-06,-11280.015641795395
put,616.0,2026-08-31,128,1.0371269681781915e-05,-773.7948170846274
put,617.0,2026-08-31,172,9.291798631926666e-06,-931.5628391748814
put,618.0,2026-08-31,588,1.0299625032445166e-05,-3530.0646544061246
put,619.0,2026-08-31,7502,1.0258912886851211e-05,-44860.31527046085
put,620.0,2026-08-31,7107,1.0214861882501059e-05,-42315.81734134267
put,621.0,2026-08-31,2360,1.133079004012322e-05,-15586.769558379207
put,622.0,2026-08-31,463,1.0116511810405076e-05,-2730.20780236153
put,623.0,2026-08-31,1446,1.1241000451202379e-05,-9474.519146359053
put,624.0,2026-08-31,3176,1.0004123434571603e-05,-18520.10543889531
put,625.0,2026-08-31,3753,1.1136099875045254e-05,-24361.02745650837
put,626.0,2026-08-31,175,1.2383595231796176e-05,-1263.1901093407894
put,627.0,2026-08-31,211,1.1015554077393425e-05,-1354.7923063847636
put,628.0,2026-08-31,425,1.227221887461581e-05,-3040.156508930729
put,629.0,2026-08-31,332,1.0878851374714284e-05,-2105.2566447792137
put,630.0,2026-08-31,825,2.2873214793515178e-05,-10999.300735260647
put,631.0,2026-08-31,1582,2.4041795201510287e-05,-22169.571143246674
put,632.0,2026-08-31,468,2.527248494576899e-05,-6894.102230582292
put,633.0,2026-08-31,252,2.532068407829546e-05,-3719.2887372919413
put,634.0,2026-08-31,241,2.5363237880381342e-05,-3562.9166038868657
put,635.0,2026-08-31,738,2.5399939461065238e-05,-10926.296031356955
put,636.0,2026-08-31,296,2.5430577167894958e-05,-4387.648693429147
put,637.0,2026-08-31,377,2.545493459729673e-05,-5593.675329700974
put,638.0,2026-08-31,202,2.8175863162153387e-05,-3317.5121221624554
put,639.0,2026-08-31,558,2.8220417483258156e-05,-9178.707974365943
put,640.0,2026-08-31,2973,2.825813798246251e-05,-48969.12795913366
put,641.0,2026-08-31,1659,2.8288769594251354e-05,-27355.481535879906
put,642.0,2026-08-31,1384,2.8312051195627845e-05,-22839.749933427425
put,643.0,2026-08-31,1454,2.8327715625221162e-05,-24008.215465246798
put,644.0,2026-08-31,1230,2.987189144977071e-05,-21416.6605591762
put,645.0,2026-08-31,921,3.150457750059082e-05,-16912.866060313216
put,646.0,2026-08-31,637,3.153541375769429e-05,-11709.056062126798
put,647.0,2026-08-31,413,3.155761877123481e-05,-7596.931257653699
put,648.0,2026-08-31,912,3.157086740973674e-05,-16782.83296498962
put,649.0,2026-08-31,1555,3.1574826771232266e-05,-28619.055013589725
put,650.0,2026-08-31,3477,3.335459198249863e-05,-67599.61813479078
put,651.0,2026-08-31,552,3.5240372633465854e-05,-11338.705859723972
put,652.0,2026-08-31,786,3.52616843207241e-05,-16155.095091793932
put,653.0,2026-08-31,717,3.527242360381155e-05,-14741.387984845911
put,654.0,2026-08-31,4810,3.527218147901188e-05,-98892.03553400452
put,655.0,2026-08-31,4063,3.526053880369327e-05,-83506.38552912294
put,656.0,2026-08-31,863,3.7321838848959395e-05,-18774.040421080546
put,657.0,2026-08-31,821,3.9511136238136856e-05,-18908.04362821438
put,658.0,2026-08-31,487,3.9519509034625356e-05,-11218.232105117515
put,659.0,2026-08-31,4950,5.7979881748195876e-05,-167288.63739540338
put,660.0,2026-08-31,3821,5.824922589868061e-05,-129733.19548996408
put,661.0,2026-08-31,3390,5.8507609354799035e-05,-115610.15162559962
put,662.0,2026-08-31,797,6.194968232729216e-05,-28779.372779052825
put,663.0,2026-08-31,664,6.223996154642896e-05,-24089.14105049324
put,664.0,2026-08-31,366,6.251813147359628e-05,-13337.394415968647
put,665.0,2026-08-31,757,6.27834492338407e-05,-27702.883176300744
put,666.0,2026-08-31,1108,6.65860554221589e-05,-43003.81331492236
put,667.0,2026-08-31,430,6.688684853020115e-05,-16764.596658971746
put,668.0,2026-08-31,1248,6.717340409220535e-05,-48864.77035997827
put,669.0,2026-08-31,802,7.133100834526999e-05,-33345.45526015498
put,670.0,2026-08-31,15437,7.165784348144771e-05,-644778.515155192
put,671.0,2026-08-31,668,7.196888919902184e-05,-28022.390556113012
put,672.0,2026-08-31,576,7.652541108291008e-05,-25692.83774276864
put,673.0,2026-08-31,1313,7.688243429555381e-05,-58840.420997163616
put,674.0,2026-08-31,570,7.722192854886327e-05,-25656.618632971036
put,675.0,2026-08-31,2570,7.754272522153046e-05,-116160.401108786
put,676.0,2026-08-31,532,0.00010359439315781597,-32124.16164505457
put,677.0,2026-08-31,1522,0.00011025215504274016,-97810.54057259404
put,678.0,2026-08-31,1181,0.0001111868547928576,-76539.78931268096
put,679.0,2026-08-31,1070,0.00011211307936991094,-69923.63201272182
put,680.0,2026-08-31,3117,0.0001162366252825063,-211185.31431081716
put,681.0,2026-08-31,1280,0.00012055524552805428,-89945.61613399834
put,682.0,2026-08-31,564,0.00012160310189778717,-39976.76771884468
put,683.0,2026-08-31,5967,0.00012264129221747786,-426556.6090025261
put,684.0,2026-08-31,748,0.00012731455332127734,-55509.021031308475
put,685.0,2026-08-31,2828,0.00013221887485862107,-217949.95405709
put,686.0,2026-08-31,4935,0.00013340264094935538,-383738.61510917835
put,687.0,2026-08-31,476,0.00016916175908800798,-46934.59394693535
put,688.0,2026-08-31,624,0.0001712280136881272,-62279.24340845219
put,689.0,2026-08-31,1317,0.00017330945673086316,-133042.97737095298
put,690.0,2026-08-31,6936,0.00018045626946103536,-729566.6597086228
put,691.0,2026-08-31,1347,0.00018270686119391206,-143451.92220099486
put,692.0,2026-08-31,578,0.0001904055300850743,-64149.21049344679
put,693.0,2026-08-31,1103,0.00019284574081679569,-123985.09624525184
put,694.0,2026-08-31,655,0.00020115607294446446,-76799.49566863003
put,695.0,2026-08-31,3382,0.00024211909320503132,-477294.6446535569
put,696.0,2026-08-31,527,0.0002459824150946193,-75561.15642055927
put,697.0,2026-08-31,900,0.00025710037412642885,-134874.27947460423
put,698.0,2026-08-31,1191,0.0002613442342268348,-181429.79262688887
put,699.0,2026-08-31,794,0.00026567365796469544,-122956.90347142007
put,700.0,2026-08-31,9633,0.00027813354308801137,-1561704.4509328657
put,701.0,2026-08-31,864,0.00028291247039699454,-142478.6373791682
put,702.0,2026-08-31,851,0.0003329069206445173,-165133.92486329464
put,703.0,2026-08-31,978,0.00034437465862419717,-196315.2150148432
put,704.0,2026-08-31,730,0.00035642638376813106,-151661.94594300434
put,705.0,2026-08-31,12254,0.0003637847737331478,-2598401.828612311
put,706.0,2026-08-31,706,0.00037688728525824846,-155095.82485411564
put,707.0,2026-08-31,461,0.00043846229490693365,-117819.47889598705
put,708.0,2026-08-31,1007,0.00044888062560636784,-263477.9350393569
put,709.0,2026-08-31,1132,0.0004596853677155744,-303313.0012089299
put,710.0,2026-08-31,20006,0.0004778489349038026,-5572304.061412804
put,711.0,2026-08-31,876,0.000541923098196145,-276710.5310947676
put,712.0,2026-08-31,1262,0.0005645902634003213,-415314.0837367027
put,713.0,2026-08-31,1474,0.0005886688508350496,-505769.293807181
put,714.0,2026-08-31,5499,0.000659266877299764,-2113143.04051851
put,715.0,2026-08-31,3969,0.000679346088793648,-1571650.944387214
put,716.0,2026-08-31,1133,0.0007616014235848405,-502969.41461917054
put,717.0,2026-08-31,20883,0.0007867679462263497,-9576867.2177445
put,718.0,2026-08-31,12193,0.0008247607791801687,-5861685.234086112
put,719.0,2026-08-31,1202,0.0009145292046093566,-640746.0919798681
put,720.0,2026-08-31,30026,0.0009480026633835567,-16591702.70470252
put,721.0,2026-08-31,4490,0.0010530080553566496,-2755890.4766348256
put,722.0,2026-08-31,831,0.0011543704333524826,-559152.3288632433
put,723.0,2026-08-31,771,0.0012661686164729838,-569023.0280429479
put,724.0,2026-08-31,670,0.001320717626045415,-515784.9860565091
put,725.0,2026-08-31,13650,0.0014428132127199192,-11479598.046764763
put,726.0,2026-08-31,1330,0.0015775068986562226,-1222944.7237414948
put,727.0,2026-08-31,1795,0.0017157413554381,-1795147.7202848324
put,728.0,2026-08-31,1511,0.001924099544948115,-1694634.0203733293
put,729.0,2026-08-31,4637,0.0020840489139404787,-5632859.55919706
put,730.0,2026-08-31,31326,0.002260237243011168,-41270800.23517252
put,731.0,2026-08-31,596,0.0025089606249316517,-871613.6540052766
put,732.0,2026-08-31,1772,0.002770586165479317,-2861668.337884332
put,733.0,2026-08-31,1050,0.0030453022825926842,-1863818.5363715496
put,734.0,2026-08-31,695,0.003349713131807498,-1356989.0398331669
put,735.0,2026-08-31,8691,0.003730173347566289,-18896557.101129994
put,736.0,2026-08-31,2871,0.004079507110231087,-6826919.886349358
put,737.0,2026-08-31,1259,0.004504998004073802,-3306010.682620738
put,738.0,2026-08-31,3702,0.005036389997707161,-10867751.183585344
put,739.0,2026-08-31,2954,0.005530642638422709,-9522917.195591746
put,740.0,2026-08-31,12266,0.006174954423954719,-44148976.151533805
put,741.0,2026-08-31,925,0.006797075585712067,-3664778.675673259
put,742.0,2026-08-31,16340,0.007530377221036293,-71722051.55182378
put,743.0,2026-08-31,3156,0.008354680181320477,-15369181.65584664
put,744.0,2026-08-31,2503,0.00923111932167805,-13467876.766586939
put,745.0,2026-08-31,8032,0.010209821345229684,-47799765.06633179
put,746.0,2026-08-31,11313,0.011289560811916613,-74445551.90862592
put,747.0,2026-08-31,5514,0.012468015628502494,-40072645.94743491
put,748.0,2026-08-31,3855,0.013717285976332568,-30823112.74041267
put,749.0,2026-08-31,1287,0.015097047360447173,-11325424.361398134
put,750.0,2026-08-31,12988,0.01655479743271518,-125328565.99787529
put,751.0,2026-08-31,1487,0.01812765699252543,-15712184.242425473
put,752.0,2026-08-31,2216,0.01979759374472111,-25572081.724466797
put,753.0,2026-08-31,4909,0.021557786842164736,-61685221.006622106
put,754.0,2026-08-31,1541,0.023403376481184145,-21021566.563614365
put,755.0,2026-08-31,23391,0.025312600459929682,-345119479.4219967
put,756.0,2026-08-31,3909,0.02726814226027214,-62130541.834193535
put,757.0,2026-08-31,4938,0.029282183300634267,-84282703.92946163
put,758.0,2026-08-31,1876,0.03127012709325933,-34193723.84861076
put,759.0,2026-08-31,1354,0.03318639870645555,-26191641.065390088
put,760.0,2026-08-31,34938,0.03510657828194448,-714941426.268596
put,761.0,2026-08-31,2491,0.03681029340259114,-53447442.18470213
put,762.0,2026-08-31,2088,0.03833396610233015,-46654997.27121612
put,763.0,2026-08-31,1135,0.03968004539919418,-26251368.08184326
put,764.0,2026-08-31,755,0.040660720073276105,-17893938.344697483
put,765.0,2026-08-31,7564,0.041212490281804,-181703920.326218
put,766.0,2026-08-31,3811,0.04091292599616313,-90883157.83174399
put,767.0,2026-08-31,1137,0.03994730563571523,-26474750.53805843
put,768.0,2026-08-31,2488,0.039827449057814816,-57758617.08543262
put,769.0,2026-08-31,440,0.03791702974922353,-9724581.162481822
put,770.0,2026-08-31,5423,0.03630957350878864,-114774305.022068
put,771.0,2026-08-31,696,0.03314687484667864,-13447320.246774841
put,772.0,2026-08-31,724,0.03050132741731967,-12871857.583177352
put,773.0,2026-08-31,1306,0.027302524721514225,-20784036.93493015
put,774.0,2026-08-31,1547,0.023851325331598568,-21507342.413573418
put,775.0,2026-08-31,10190,0.018883824146129383,-112162595.62203918
put,776.0,2026-08-31,759,0.01719776254122426,-7608475.4487901535
put,777.0,2026-08-31,948,0.015363781920426535,-8489661.822365431
put,778.0,2026-08-31,661,0.0173170325248719,-6672043.2319441065
put,779.0,2026-08-31,672,0.015912664434336733,-6232985.220349681
put,780.0,2026-08-31,1139,0.012144514682795905,-8062835.659765056
put,781.0,2026-08-31,0,0.011089096593281226,-0.0
put,782.0,2026-08-31,87,0.013204188887502048,-669599.1605183614
put,783.0,2026-08-31,123,0.011826200431593973,-847879.7560379301
put,784.0,2026-08-31,3,0.011599178263549951,-20283.009649563086
put,785.0,2026-08-31,0,0.010945793193108868,-0.0
put,786.0,2026-08-31,0,0.009595535478697586,-0.0
put,787.0,2026-08-31,0,0.009888611832396343,-0.0
put,788.0,2026-08-31,2,0.009372999852972784,-10926.788211116833
put,789.0,2026-08-31,0,0.008859190269565595,-0.0
put,790.0,2026-08-31,8,0.00849438677729459,-39610.09997002023
put,791.0,2026-08-31,0,0.008107301800062706,-0.0
put,792.0,2026-08-31,0,0.007747895365725455,-0.0
put,793.0,2026-08-31,0,0.007415551672860942,-0.0
put,794.0,2026-08-31,0,0.007050069746306517,-0.0
put,795.0,2026-08-31,0,0.006761532035253809,-0.0
put,796.0,2026-08-31,0,0.00649107100390794,-0.0
put,797.0,2026-08-31,0,0.00623906838630006,-0.0
put,798.0,2026-08-31,0,0.00600386826040229,-0.0
put,799.0,2026-08-31,0,0.005780124496606209,-0.0
put,800.0,2026-08-31,8,0.005570616835991279,-25976.294175595438
put,801.0,2026-08-31,0,0.005374155851141292,-0.0
put,802.0,2026-08-31,0,0.00518967220497209,-0.0
put,803.0,2026-08-31,0,0.005016202674549401,-0.0
put,804.0,2026-08-31,0,0.004849536328796237,-0.0
put,805.0,2026-08-31,0,0.004692421346022532,-0.0
put,806.0,2026-08-31,0,0.004544137494342062,-0.0
put,807.0,2026-08-31,0,0.004404030336838657,-0.0
put,808.0,2026-08-31,0,0.004271504284486283,-0.0
put,809.0,2026-08-31,0,0.0041431155701914125,-0.0
put,810.0,2026-08-31,0,0.004021428575509772,-0.0
put,815.0,2026-08-31,1,0.003496203472924011,-2037.8894425937392
put,820.0,2026-08-31,0,0.0030752314739334943,-0.0
put,825.0,2026-08-31,0,0.0027329459217021123,-0.0
put,830.0,2026-08-31,0,0.0024481713143214793,-0.0
put,835.0,2026-08-31,0,0.002210822013549442,-0.0
put,840.0,2026-08-31,0,0.002034058484697039,-0.0
put,845.0,2026-08-31,0,0.001859574472368646,-0.0
put,850.0,2026-08-31,0,0.001708025999174015,-0.0
put,855.0,2026-08-31,0,0.001576267063798415,-0.0
put,860.0,2026-08-31,0,0.001460791281723197,-0.0
call,718.0,2026-09-01,1,0.00442706447182356,2580.47565557325
call,719.0,2026-09-01,1,0.004554024850567568,2654.4791331951433
call,720.0,2026-09-01,1,0.004691759781212217,2734.762950544698
call,725.0,2026-09-01,1,0.0054890519595744754,3199.4937150811606
call,730.0,2026-09-01,2,0.0065215187997999385,7602.609181480981
call,735.0,2026-09-01,44,0.007874418849038327,201955.23149177586
call,740.0,2026-09-01,1,0.009715872820301124,5663.2500938269795
call,745.0,2026-09-01,2,0.012292248274375694,14329.968594843163
call,748.0,2026-09-01,85,0.014659951715363257,726332.3459828214
call,750.0,2026-09-01,8,0.016508001739104196,76978.31713279284
call,751.0,2026-09-01,2,0.01752087898241241,20425.36401541801
call,752.0,2026-09-01,15,0.01854611375679778,162154.16115860958
call,753.0,2026-09-01,14,0.019637226444518596,160247.8101410191
call,754.0,2026-09-01,2,0.020763379384848932,24205.382763700378
call,755.0,2026-09-01,7,0.021908234091486435,89390.08131154608
call,756.0,2026-09-01,2,0.023062264856649996,26885.360899410753
call,757.0,2026-09-01,4,0.02427445890975157,56597.007491083685
call,758.0,2026-09-01,14,0.025423291512274716,207464.47075554184
call,759.0,2026-09-01,45,0.02669902706197397,700312.4849374789
call,760.0,2026-09-01,52,0.027761670085533603,841458.7910398968
call,761.0,2026-09-01,42,0.028808304071294998,705262.6786697118
call,762.0,2026-09-01,20,0.029737568601566167,346672.4838577833
call,763.0,2026-09-01,69,0.030539071650565013,1228255.8497478638
call,764.0,2026-09-01,58,0.031167873518425062,1053705.1093350952
call,765.0,2026-09-01,559,0.032075834981627305,10451381.431748724
call,766.0,2026-09-01,487,0.03233118697950592,9177714.213308394
call,767.0,2026-09-01,308,0.032296610541914766,5798178.5175576275
call,768.0,2026-09-01,117,0.03196398212600062,2179870.3307769266
call,769.0,2026-09-01,281,0.03143662887776094,5149039.311275639
call,770.0,2026-09-01,942,0.03054071106391065,16769262.63788696
call,771.0,2026-09-01,175,0.029432532806803316,3002269.0211112183
call,772.0,2026-09-01,185,0.028037553571578017,3023401.083346977
call,773.0,2026-09-01,388,0.026416013743000077,5974243.600064955
call,774.0,2026-09-01,215,0.02457281661565031,3079479.511957041
call,775.0,2026-09-01,263,0.022594150143872685,3463663.383718822
call,776.0,2026-09-01,135,0.020496995964337815,1612901.7148324826
call,777.0,2026-09-01,155,0.01835082552673439,1657949.2164805136
call,778.0,2026-09-01,113,0.016231101017223342,1069080.3414830796
call,779.0,2026-09-01,114,0.01410337746727119,937156.0226850623
call,780.0,2026-09-01,686,0.01213301044101048,4851506.377190324
call,781.0,2026-09-01,192,0.010346171409748407,1157883.3728905076
call,782.0,2026-09-01,192,0.008668108800356388,970084.3584402411
call,783.0,2026-09-01,405,0.007132749256078291,1683820.915993988
call,784.0,2026-09-01,369,0.00592523492751946,1274429.6295007458
call,785.0,2026-09-01,169,0.004937815692914118,486413.3654150374
call,786.0,2026-09-01,440,0.003995961834747451,1024844.388951039
call,787.0,2026-09-01,247,0.003298491976203117,474893.5868950371
call,788.0,2026-09-01,71,0.0028310802813243823,117164.07095296895
call,789.0,2026-09-01,372,0.0024325321057024132,527455.032625646
call,790.0,2026-09-01,373,0.0020433051245405853,444248.5055955621
call,791.0,2026-09-01,114,0.0016711843473074413,111048.61085443273
call,792.0,2026-09-01,7,0.001594858496290586,6507.349249076462
call,793.0,2026-09-01,73,0.0014882911193612727,63327.839231694
call,794.0,2026-09-01,8,0.001194271097075926,5568.995006552973
call,795.0,2026-09-01,231,0.0011234602822674839,151270.28420332083
call,796.0,2026-09-01,43,0.00105964127219327,26558.970742206147
call,797.0,2026-09-01,14,0.0010019193335680768,8176.072094287527
call,798.0,2026-09-01,302,0.0007454499265309084,131222.81160161062
call,799.0,2026-09-01,311,0.0007109400871445232,128877.56194369978
call,800.0,2026-09-01,878,0.0006793469880816262,347672.2992780326
call,801.0,2026-09-01,461,0.0006503431339233228,174754.11234321236
call,802.0,2026-09-01,98,0.0006236460046103623,35624.44766680975
call,803.0,2026-09-01,121,0.000599010850441375,42247.78838120929
call,804.0,2026-09-01,6,0.0005762247937803117,2015.241560566646
call,805.0,2026-09-01,80,0.0005551019746799375,25884.91116204023
call,806.0,2026-09-01,22,0.0005092928883499064,6530.917718225118
call,807.0,2026-09-01,51,0.000492346270928076,14636.079119864502
call,808.0,2026-09-01,66,0.0004765306644204677,18332.373948660064
call,809.0,2026-09-01,24,0.00046174403140583956,6459.463546009132
call,810.0,2026-09-01,123,0.0004478957613045481,32111.898578243334
call,815.0,2026-09-01,35,0.00026725440797800026,5452.263555396779
call,820.0,2026-09-01,37,0.0002119604967463919,4571.308932883738
call,825.0,2026-09-01,50,0.0001900313673334102,5538.33494316803
call,830.0,2026-09-01,2,0.0001583734814147033,184.6274956599784
call,845.0,2026-09-01,1,0.00011100540821775083,64.70354235091725
call,850.0,2026-09-01,2,9.863847173335108e-05,114.99004662383742
call,875.0,2026-09-01,934,3.3843938848485006e-05,18425.178225305823
call,880.0,2026-09-01,504,3.243485792892606e-05,9528.542073958042
call,885.0,2026-09-01,590,3.122760434786342e-05,10739.265997931561
call,890.0,2026-09-01,493,2.6248189422477768e-05,7542.7582813994695
call,895.0,2026-09-01,1114,2.5601377158285158e-05,16623.881638092593
call,900.0,2026-09-01,123,2.5045821967896567e-05,1795.660875421789
call,905.0,2026-09-01,20,2.157761818883679e-05,251.54600207849444
call,910.0,2026-09-01,24,1.8724676521398522e-05,261.94462120611445
put,500.0,2026-09-01,25,1.795337204852564e-06,-26.16194083095571
put,525.0,2026-09-01,235,1.9171670976063807e-06,-262.6102957871195
put,530.0,2026-09-01,20,2.051889945097079e-06,-23.92037470851439
put,535.0,2026-09-01,200,2.1926876390593913e-06,-255.617559169563
put,575.0,2026-09-01,1000,3.5092709876673573e-06,-2045.506319169327
put,605.0,2026-09-01,1,1.928089604240383e-05,-11.23857200899708
put,610.0,2026-09-01,1,2.0861274001105268e-05,-12.159752821923842
put,630.0,2026-09-01,5,2.8655387049906552e-05,-83.5141764412279
put,635.0,2026-09-01,7,4.532388547972447e-05,-184.93073387243894
put,645.0,2026-09-01,5,5.2093232364091975e-05,-151.82218238656972
put,650.0,2026-09-01,115,5.7256939383902685e-05,-3838.043471088737
put,660.0,2026-09-01,1,8.956638197554362e-05,-52.20702560730099
put,665.0,2026-09-01,12,9.511547774907546e-05,-665.2982165365416
put,670.0,2026-09-01,8,0.00013019886513877967,-607.1291782845776
put,680.0,2026-09-01,5,0.00015912695702279247,-463.76469255893426
put,685.0,2026-09-01,4,0.00020782336246383718,-484.54964314211225
put,690.0,2026-09-01,4,0.00026702886115231004,-622.5899621969165
put,695.0,2026-09-01,254,0.0003382431278074265,-50077.95872003006
put,700.0,2026-09-01,184,0.0004285534783780151,-45962.83063396945
put,705.0,2026-09-01,37,0.0005372319865302285,-11586.373011735799
put,710.0,2026-09-01,57,0.0007204443689207186,-23936.421644758902
put,715.0,2026-09-01,95,0.0010071687665999733,-55771.17240591481
put,718.0,2026-09-01,23,0.0012176037361864116,-16323.667036095007
put,719.0,2026-09-01,33,0.0012649735974414294,-24332.084748082812
put,720.0,2026-09-01,139,0.0013695728860636215,-110964.45113424819
put,721.0,2026-09-01,13,0.001475308368135498,-11179.183313157635
put,722.0,2026-09-01,73,0.0015816185535205097,-67298.98753020643
put,723.0,2026-09-01,8,0.0017063400818255082,-7956.819367423171
put,724.0,2026-09-01,36,0.0018324672608423303,-38452.328559486865
put,725.0,2026-09-01,71,0.0020110372277512183,-83226.64319892824
put,726.0,2026-09-01,316,0.0021520107173351303,-396383.37580564694
put,727.0,2026-09-01,37,0.002363007651366497,-50962.50551860516
put,728.0,2026-09-01,25,0.0025211731800420757,-36738.93872559159
put,729.0,2026-09-01,57,0.0027446158330373376,-91188.55621132973
put,730.0,2026-09-01,90,0.002982360531926204,-156453.96442684333
put,731.0,2026-09-01,107,0.0032354006522780404,-201788.19982026645
put,732.0,2026-09-01,74,0.00354936539556171,-153096.88350290075
put,733.0,2026-09-01,80,0.0038387453133012913,-179004.1937173701
put,734.0,2026-09-01,29,0.0042443306224196516,-71744.91483846631
put,735.0,2026-09-01,171,0.004620365077313058,-460528.299259099
put,736.0,2026-09-01,107,0.0050144085549240595,-312742.8668684445
put,737.0,2026-09-01,61,0.005481552527627129,-194902.4662914251
put,738.0,2026-09-01,270,0.005982585014047584,-941535.2030197071
put,739.0,2026-09-01,22,0.006548283224431762,-83971.91461471064
put,740.0,2026-09-01,727,0.007154952212838777,-3031971.1734263184
put,741.0,2026-09-01,17,0.007824709113326632,-77535.58043386595
put,742.0,2026-09-01,32,0.00854263905050619,-159340.41887653215
put,743.0,2026-09-01,100,0.009330741176072917,-543876.2097673534
put,744.0,2026-09-01,73,0.010165928878457898,-432567.46027760336
put,745.0,2026-09-01,373,0.011106419147311747,-2414720.175392571
put,746.0,2026-09-01,59,0.012070041741212647,-415092.32479400374
put,747.0,2026-09-01,325,0.01313726598672728,-2488698.4286028002
put,748.0,2026-09-01,76,0.014277211960130624,-632471.4396315197
put,749.0,2026-09-01,82,0.015489935298138722,-740367.5501469575
put,750.0,2026-09-01,806,0.016768707101420453,-7878046.508064709
put,751.0,2026-09-01,67,0.018128243262360667,-707969.327728513
put,752.0,2026-09-01,242,0.01955898235730035,-2758960.8668162297
put,753.0,2026-09-01,185,0.021048769633113022,-2269772.6729048965
put,754.0,2026-09-01,642,0.0226008454875988,-8457531.691750363
put,755.0,2026-09-01,418,0.02418900729267325,-5893567.294235872
put,756.0,2026-09-01,159,0.025803286379421926,-2391421.1525012003
put,757.0,2026-09-01,175,0.027420019009558497,-2796982.311072102
put,758.0,2026-09-01,277,0.029070873525707315,-4693769.626670215
put,759.0,2026-09-01,131,0.030654435559584654,-2340715.004545335
put,760.0,2026-09-01,525,0.032190990048501796,-9850937.343643436
put,761.0,2026-09-01,80,0.03360915650334454,-1567225.6089915554
put,762.0,2026-09-01,118,0.0348624688228974,-2397861.3400057843
put,763.0,2026-09-01,221,0.035995778326471745,-4636900.3408009885
put,764.0,2026-09-01,360,0.03689809829454186,-7742663.8344947975
put,765.0,2026-09-01,399,0.03670760912376409,-8537150.031606052
put,766.0,2026-09-01,202,0.03735354467300206,-4398120.353767019
put,767.0,2026-09-01,262,0.03706481767372899,-5660399.435572586
put,768.0,2026-09-01,34,0.03607208814760987,-714881.60172575
put,769.0,2026-09-01,90,0.03550698391600524,-1862688.4104153782
put,770.0,2026-09-01,202,0.03395500822698061,-3997966.300192839
put,771.0,2026-09-01,47,0.0329658407275748,-903120.9846182037
put,772.0,2026-09-01,40,0.030127772330750636,-702442.7455345525
put,773.0,2026-09-01,39,0.027494081401610315,-625011.1149384816
put,774.0,2026-09-01,34,0.024688392151119287,-489277.949554884
put,775.0,2026-09-01,31,0.021662610040676634,-391432.0616425593
put,776.0,2026-09-01,6,0.018821077969591593,-65823.30185786293
put,777.0,2026-09-01,11,0.015710489558853208,-100731.73705050029
put,778.0,2026-09-01,20,0.017753826051874578,-206969.27371050214
put,779.0,2026-09-01,11,0.016483574581148665,-105688.56521882827
put,780.0,2026-09-01,36,0.01534788531572495,-322058.64817595686
put,781.0,2026-09-01,1,0.014326585872958354,-8350.772008843265
put,782.0,2026-09-01,5,0.01339792924506566,-39047.35346867875
put,785.0,2026-09-01,0,0.011158848199509809,-0.0
put,786.0,2026-09-01,0,0.010562901972826954,-0.0
put,788.0,2026-09-01,0,0.009517406421611946,-0.0
put,789.0,2026-09-01,0,0.009059036029447446,-0.0
put,790.0,2026-09-01,0,0.008635594748951675,-0.0
put,791.0,2026-09-01,0,0.008243249125135306,-0.0
put,792.0,2026-09-01,0,0.007881059477712228,-0.0
put,793.0,2026-09-01,0,0.007545986092171892,-0.0
put,794.0,2026-09-01,0,0.007281791529384687,-0.0
put,795.0,2026-09-01,0,0.006940279849674222,-0.0
put,796.0,2026-09-01,0,0.006665574139294576,-0.0
put,797.0,2026-09-01,0,0.0064114687844495305,-0.0
put,798.0,2026-09-01,0,0.006172124690122389,-0.0
put,799.0,2026-09-01,0,0.005963791635184623,-0.0
put,800.0,2026-09-01,1,0.0057364905973595675,-3343.722330931796
put,801.0,2026-09-01,0,0.005537819337484459,-0.0
put,802.0,2026-09-01,0,0.0053475296782807095,-0.0
put,803.0,2026-09-01,0,0.005171965285215923,-0.0
put,804.0,2026-09-01,0,0.005046978287465477,-0.0
put,805.0,2026-09-01,0,0.004843912910029617,-0.0
put,808.0,2026-09-01,0,0.00441369152297308,-0.0
put,809.0,2026-09-01,0,0.004283283758899992,-0.0
