tipo,strike,vencimiento,oi,gamma,gex_contrib
call,570.0,2026-09-23,0,0.0,0.0
call,600.0,2026-09-23,0,0.0,0.0
call,605.0,2026-09-23,0,0.0,0.0
call,610.0,2026-09-23,0,0.0,0.0
call,615.0,2026-09-23,0,0.0,0.0
call,620.0,2026-09-23,0,0.0,0.0
call,625.0,2026-09-23,0,0.0,0.0
call,630.0,2026-09-23,0,0.0,0.0
call,635.0,2026-09-23,0,0.0,0.0
call,640.0,2026-09-23,0,0.0,0.0
call,645.0,2026-09-23,0,0.0,0.0
call,650.0,2026-09-23,1,0.0,0.0
call,655.0,2026-09-23,0,0.0,0.0
call,660.0,2026-09-23,0,0.0,0.0
call,665.0,2026-09-23,0,0.0,0.0
call,685.0,2026-09-23,0,0.0,0.0
call,690.0,2026-09-23,1,0.0,0.0
call,695.0,2026-09-23,12,0.0,0.0
call,700.0,2026-09-23,94,0.0,0.0
call,705.0,2026-09-23,95,0.0,0.0
call,710.0,2026-09-23,25,0.0,0.0
call,715.0,2026-09-23,4,0.0,0.0
call,719.0,2026-09-23,1,0.0,0.0
call,720.0,2026-09-23,2,0.0,0.0
call,721.0,2026-09-23,2,0.0,0.0
call,722.0,2026-09-23,1,0.0,0.0
call,723.0,2026-09-23,1,0.0,0.0
call,724.0,2026-09-23,7,0.0,0.0
call,725.0,2026-09-23,14,0.0,0.0
call,726.0,2026-09-23,8,0.0,0.0
call,727.0,2026-09-23,7,0.0,0.0
call,728.0,2026-09-23,14,0.0,0.0
call,729.0,2026-09-23,7,0.0,0.0
call,730.0,2026-09-23,17,0.0,0.0
call,731.0,2026-09-23,14,0.0,0.0
call,732.0,2026-09-23,26,0.0,0.0
call,733.0,2026-09-23,15,0.0,0.0
call,734.0,2026-09-23,34,0.0,0.0
call,735.0,2026-09-23,35,0.0,0.0
call,736.0,2026-09-23,71,0.0,0.0
call,737.0,2026-09-23,23,0.0,0.0
call,738.0,2026-09-23,39,0.0,0.0
call,739.0,2026-09-23,41,0.0,0.0
call,740.0,2026-09-23,90,0.0,0.0
call,741.0,2026-09-23,94,0.0,0.0
call,742.0,2026-09-23,26,0.0,0.0
call,743.0,2026-09-23,44,0.0,0.0
call,744.0,2026-09-23,104,0.0,0.0
call,745.0,2026-09-23,306,0.0,0.0
call,746.0,2026-09-23,207,0.0,0.0
call,747.0,2026-09-23,48,0.0,0.0
call,748.0,2026-09-23,27,0.0,0.0
call,749.0,2026-09-23,124,0.0,0.0
call,750.0,2026-09-23,255,0.0,0.0
call,751.0,2026-09-23,96,0.0,0.0
call,752.0,2026-09-23,470,0.0,0.0
call,753.0,2026-09-23,188,0.0,0.0
call,754.0,2026-09-23,280,0.0,0.0
call,755.0,2026-09-23,289,0.0,0.0
call,756.0,2026-09-23,238,0.0,0.0
call,757.0,2026-09-23,509,0.0,0.0
call,758.0,2026-09-23,699,0.0,0.0
call,759.0,2026-09-23,1153,0.0,0.0
call,760.0,2026-09-23,4177,0.0,0.0
call,761.0,2026-09-23,930,0.0,0.0
call,762.0,2026-09-23,2450,0.0,0.0
call,763.0,2026-09-23,1001,0.0,0.0
call,764.0,2026-09-23,456,0.0,0.0
call,765.0,2026-09-23,3371,0.0,0.0
call,766.0,2026-09-23,1391,0.0,0.0
call,767.0,2026-09-23,2796,0.0,0.0
call,768.0,2026-09-23,1192,0.0,0.0
call,769.0,2026-09-23,1576,0.0,0.0
call,770.0,2026-09-23,3409,0.0,0.0
call,771.0,2026-09-23,1899,0.0,0.0
call,772.0,2026-09-23,3920,0.0,0.0
call,773.0,2026-09-23,2379,0.0,0.0
call,774.0,2026-09-23,2694,0.0,0.0
call,775.0,2026-09-23,4450,0.0,0.0
call,776.0,2026-09-23,3989,0.0,0.0
call,777.0,2026-09-23,2275,0.0,0.0
call,778.0,2026-09-23,3075,0.0,0.0
call,779.0,2026-09-23,4407,0.0,0.0
call,780.0,2026-09-23,16575,0.0,0.0
call,781.0,2026-09-23,2910,0.0,0.0
call,782.0,2026-09-23,2417,0.0,0.0
call,783.0,2026-09-23,3828,0.0,0.0
call,784.0,2026-09-23,1805,0.0,0.0
call,785.0,2026-09-23,4624,0.0,0.0
call,786.0,2026-09-23,1665,0.0,0.0
call,787.0,2026-09-23,379,0.0,0.0
call,788.0,2026-09-23,913,0.0,0.0
call,789.0,2026-09-23,1509,0.0,0.0
call,790.0,2026-09-23,1422,0.0,0.0
call,791.0,2026-09-23,1680,0.0,0.0
call,792.0,2026-09-23,539,0.0,0.0
call,793.0,2026-09-23,936,0.0,0.0
call,794.0,2026-09-23,794,0.0,0.0
call,795.0,2026-09-23,644,0.0,0.0
call,796.0,2026-09-23,284,0.0,0.0
call,797.0,2026-09-23,634,0.0,0.0
call,798.0,2026-09-23,628,0.0,0.0
call,799.0,2026-09-23,127,0.0,0.0
call,800.0,2026-09-23,7372,0.0,0.0
call,801.0,2026-09-23,10719,0.0,0.0
call,802.0,2026-09-23,795,0.0,0.0
call,803.0,2026-09-23,200,0.0,0.0
call,804.0,2026-09-23,1138,0.0,0.0
call,805.0,2026-09-23,84,0.0,0.0
call,806.0,2026-09-23,1504,0.0,0.0
call,807.0,2026-09-23,5384,0.0,0.0
call,808.0,2026-09-23,5374,0.0,0.0
call,810.0,2026-09-23,24,0.0,0.0
call,820.0,2026-09-23,9,0.0,0.0
call,840.0,2026-09-23,43,0.0,0.0
call,870.0,2026-09-23,429,0.0,0.0
call,885.0,2026-09-23,1,0.0,0.0
call,950.0,2026-09-23,1,0.0,0.0
put,550.0,2026-09-23,27,0.0,-0.0
put,560.0,2026-09-23,60,0.0,-0.0
put,565.0,2026-09-23,10,0.0,-0.0
put,570.0,2026-09-23,10,0.0,-0.0
put,575.0,2026-09-23,1,0.0,-0.0
put,580.0,2026-09-23,1,0.0,-0.0
put,585.0,2026-09-23,2,0.0,-0.0
put,590.0,2026-09-23,30,0.0,-0.0
put,600.0,2026-09-23,52,0.0,-0.0
put,605.0,2026-09-23,40,0.0,-0.0
put,610.0,2026-09-23,200,0.0,-0.0
put,615.0,2026-09-23,216,0.0,-0.0
put,620.0,2026-09-23,69,0.0,-0.0
put,625.0,2026-09-23,159,0.0,-0.0
put,630.0,2026-09-23,132,0.0,-0.0
put,635.0,2026-09-23,20,0.0,-0.0
put,640.0,2026-09-23,35,0.0,-0.0
put,645.0,2026-09-23,1,0.0,-0.0
put,650.0,2026-09-23,531,0.0,-0.0
put,655.0,2026-09-23,57,0.0,-0.0
put,660.0,2026-09-23,113,0.0,-0.0
put,665.0,2026-09-23,706,0.0,-0.0
put,670.0,2026-09-23,265,0.0,-0.0
put,675.0,2026-09-23,420,0.0,-0.0
put,680.0,2026-09-23,147,0.0,-0.0
put,685.0,2026-09-23,1540,0.0,-0.0
put,690.0,2026-09-23,1503,0.0,-0.0
put,695.0,2026-09-23,176,0.0,-0.0
put,700.0,2026-09-23,346,0.0,-0.0
put,705.0,2026-09-23,136,0.0,-0.0
put,710.0,2026-09-23,1413,0.0,-0.0
put,715.0,2026-09-23,1116,0.0,-0.0
put,718.0,2026-09-23,221,0.0,-0.0
put,719.0,2026-09-23,432,0.0,-0.0
put,720.0,2026-09-23,602,0.0,-0.0
put,721.0,2026-09-23,910,0.0,-0.0
put,722.0,2026-09-23,884,0.0,-0.0
put,723.0,2026-09-23,107,0.0,-0.0
put,724.0,2026-09-23,391,0.0,-0.0
put,725.0,2026-09-23,2253,0.0,-0.0
put,726.0,2026-09-23,189,0.0,-0.0
put,727.0,2026-09-23,263,0.0,-0.0
put,728.0,2026-09-23,430,0.0,-0.0
put,729.0,2026-09-23,903,0.0,-0.0
put,730.0,2026-09-23,986,0.0,-0.0
put,731.0,2026-09-23,270,0.0,-0.0
put,732.0,2026-09-23,1263,0.0,-0.0
put,733.0,2026-09-23,1917,0.0,-0.0
put,734.0,2026-09-23,1265,0.0,-0.0
put,735.0,2026-09-23,348,0.0,-0.0
put,736.0,2026-09-23,507,0.0,-0.0
put,737.0,2026-09-23,833,0.0,-0.0
put,738.0,2026-09-23,705,0.0,-0.0
put,739.0,2026-09-23,708,0.0,-0.0
put,740.0,2026-09-23,1067,0.0,-0.0
put,741.0,2026-09-23,724,0.0,-0.0
put,742.0,2026-09-23,1064,0.0,-0.0
put,743.0,2026-09-23,657,0.0,-0.0
put,744.0,2026-09-23,825,0.0,-0.0
put,745.0,2026-09-23,5608,0.0,-0.0
put,746.0,2026-09-23,838,0.0,-0.0
put,747.0,2026-09-23,446,0.0,-0.0
put,748.0,2026-09-23,848,0.0,-0.0
put,749.0,2026-09-23,892,0.0,-0.0
put,750.0,2026-09-23,3054,0.0,-0.0
put,751.0,2026-09-23,991,0.0,-0.0
put,752.0,2026-09-23,718,0.0,-0.0
put,753.0,2026-09-23,1722,0.0,-0.0
put,754.0,2026-09-23,3727,0.0,-0.0
put,755.0,2026-09-23,6138,0.0,-0.0
put,756.0,2026-09-23,1987,0.0,-0.0
put,757.0,2026-09-23,2855,0.0,-0.0
put,758.0,2026-09-23,3107,0.0,-0.0
put,759.0,2026-09-23,3928,0.0,-0.0
put,760.0,2026-09-23,4734,0.0,-0.0
put,761.0,2026-09-23,1381,0.0,-0.0
put,762.0,2026-09-23,4124,0.0,-0.0
put,763.0,2026-09-23,2706,0.0,-0.0
put,764.0,2026-09-23,4117,0.0,-0.0
put,765.0,2026-09-23,4108,0.0,-0.0
put,766.0,2026-09-23,1986,0.0,-0.0
put,767.0,2026-09-23,3807,0.0,-0.0
put,768.0,2026-09-23,2945,0.0,-0.0
put,769.0,2026-09-23,1769,0.0,-0.0
put,770.0,2026-09-23,7501,0.0,-0.0
put,771.0,2026-09-23,3297,0.0,-0.0
put,772.0,2026-09-23,2994,0.0,-0.0
put,773.0,2026-09-23,4212,0.0,-0.0
put,774.0,2026-09-23,2883,0.0,-0.0
put,775.0,2026-09-23,2056,0.0,-0.0
put,776.0,2026-09-23,460,0.0,-0.0
put,777.0,2026-09-23,322,0.0,-0.0
put,778.0,2026-09-23,137,0.0,-0.0
put,779.0,2026-09-23,151,0.0,-0.0
put,780.0,2026-09-23,233,0.0,-0.0
put,785.0,2026-09-23,124,0.0,-0.0
put,786.0,2026-09-23,43,0.0,-0.0
put,787.0,2026-09-23,12,0.0,-0.0
put,799.0,2026-09-23,0,0.0,-0.0
put,800.0,2026-09-23,3,0.0,-0.0
put,855.0,2026-09-23,1,0.0,-0.0
call,570.0,2026-09-24,0,3.023114925744706e-06,0.0
call,575.0,2026-09-24,0,3.2765535077172693e-06,0.0
call,580.0,2026-09-24,0,3.7199454370121762e-06,0.0
call,585.0,2026-09-24,0,4.068333662811825e-06,0.0
call,590.0,2026-09-24,0,4.404990923389388e-06,0.0
call,595.0,2026-09-24,0,4.814189534140148e-06,0.0
call,600.0,2026-09-24,0,5.2604603691470555e-06,0.0
call,605.0,2026-09-24,0,5.747417193635814e-06,0.0
call,610.0,2026-09-24,0,6.312413086893434e-06,0.0
call,615.0,2026-09-24,0,6.934679870644566e-06,0.0
call,620.0,2026-09-24,0,8.007248467095043e-06,0.0
call,625.0,2026-09-24,0,8.863297989910785e-06,0.0
call,630.0,2026-09-24,0,9.819809329939257e-06,0.0
call,635.0,2026-09-24,0,1.0955050113810016e-05,0.0
call,640.0,2026-09-24,0,1.2239550036288659e-05,0.0
call,645.0,2026-09-24,0,1.3699622420373805e-05,0.0
call,650.0,2026-09-24,0,1.5364845336353228e-05,0.0
call,655.0,2026-09-24,0,1.818165345373697e-05,0.0
call,660.0,2026-09-24,0,2.0522402104816513e-05,0.0
call,675.0,2026-09-24,0,3.1000310087785806e-05,0.0
call,680.0,2026-09-24,0,3.743423809420815e-05,0.0
call,685.0,2026-09-24,0,4.359227195601153e-05,0.0
call,690.0,2026-09-24,0,5.151725515099685e-05,0.0
call,695.0,2026-09-24,3,6.0926950474000895e-05,109.32426723794572
call,700.0,2026-09-24,13,7.45627338573519e-05,579.7637461711273
call,705.0,2026-09-24,29,8.859228996594926e-05,1536.6671406504925
call,710.0,2026-09-24,13,0.00011135075894796401,865.8096317950989
call,715.0,2026-09-24,9,0.0013637183256554066,7340.963506856709
call,718.0,2026-09-24,4,0.0013787958433939087,3298.722904003701
call,719.0,2026-09-24,11,0.001432187962648466,9422.769845964964
call,720.0,2026-09-24,12,0.0014885570055980185,10683.968431891724
call,721.0,2026-09-24,6,0.0015481222437361444,5555.745973645622
call,722.0,2026-09-24,7,0.0016100085258657713,6740.8101383399535
call,723.0,2026-09-24,7,0.001821402694272059,7625.878714490989
call,724.0,2026-09-24,12,0.0019184015159241106,13769.13424124609
call,725.0,2026-09-24,8,0.0014148780218657681,6770.096616496194
call,726.0,2026-09-24,4,0.0020822778821945618,4981.780134749909
call,727.0,2026-09-24,7,0.0015479877395746689,6481.140491687575
call,728.0,2026-09-24,11,0.0022739546860810083,14960.991298566125
call,729.0,2026-09-24,6,0.002373960651618142,8519.432096002189
call,730.0,2026-09-24,24,0.0024019911535408827,34480.10060965601
call,731.0,2026-09-24,19,0.0023805074086663647,27052.60039858226
call,732.0,2026-09-24,10,0.0003161125533341992,1890.7217571816861
call,733.0,2026-09-24,35,0.00033686923953520293,7052.048323572305
call,734.0,2026-09-24,16,0.00035758798462259437,3422.0691358266004
call,735.0,2026-09-24,34,0.0003823594190306235,7775.6479488014875
call,736.0,2026-09-24,13,0.0004096075060388132,3184.909805147385
call,737.0,2026-09-24,10,0.00043713582187254334,2614.582054842107
call,738.0,2026-09-24,30,0.0004839406900017538,8683.589267059104
call,739.0,2026-09-24,30,0.000521775451174451,9362.477264759376
call,740.0,2026-09-24,27,0.0005605852711957529,9052.97510690472
call,741.0,2026-09-24,10,0.0006036946739208939,3610.7982509325143
call,742.0,2026-09-24,50,0.0006517427655271761,19490.9093908274
call,743.0,2026-09-24,19,0.0007054881281805109,8017.319479086738
call,744.0,2026-09-24,31,0.0007894784011179655,14638.205030554549
call,745.0,2026-09-24,28,0.0008598910436011231,14400.823775656016
call,746.0,2026-09-24,139,0.0009396260247688523,78118.82749892816
call,747.0,2026-09-24,25,0.0010239314482055775,15310.760728775145
call,748.0,2026-09-24,78,0.0011198181893874101,52242.98693917589
call,749.0,2026-09-24,189,0.0012690594654530404,143459.61333938557
call,750.0,2026-09-24,259,0.0013996833519191612,216828.0380927317
call,751.0,2026-09-24,902,0.0015507771792903481,836646.1522941737
call,752.0,2026-09-24,318,0.0017717609008814923,336990.85272601823
call,753.0,2026-09-24,625,0.0019710195861660012,736812.24774381
call,754.0,2026-09-24,306,0.0022779089320846923,416911.2968160489
call,755.0,2026-09-24,1419,0.0026238863201872805,2226964.4787601396
call,756.0,2026-09-24,243,0.003043260803103072,442314.6511143609
call,757.0,2026-09-24,365,0.003533692918009843,771449.5848632243
call,758.0,2026-09-24,796,0.0041368024396752365,1969535.112448193
call,759.0,2026-09-24,1824,0.004871090221574912,5314187.660931967
call,760.0,2026-09-24,2133,0.005862192238119182,7478883.886728172
call,761.0,2026-09-24,1232,0.007228290160890159,5326380.217074592
call,762.0,2026-09-24,510,0.00880268705764431,2685167.102875715
call,763.0,2026-09-24,683,0.011102898854638521,4535685.843538884
call,764.0,2026-09-24,487,0.014038100031610263,4089057.080530827
call,765.0,2026-09-24,1494,0.018120140877700468,16191908.70261994
call,766.0,2026-09-24,572,0.02359554955759304,8072573.440621276
call,767.0,2026-09-24,809,0.030951295354731154,14976599.986501316
call,768.0,2026-09-24,876,0.04068396782602605,21316371.842057712
call,769.0,2026-09-24,861,0.053248606223250394,27421883.105969507
call,770.0,2026-09-24,1903,0.06845046165452423,77911407.28150207
call,771.0,2026-09-24,5356,0.08516378511029883,272823265.5404713
call,772.0,2026-09-24,988,0.10062342078765331,59462327.03860966
call,773.0,2026-09-24,1850,0.11123900662468102,123087714.97058573
call,774.0,2026-09-24,1034,0.11333037196289825,70089462.90917398
call,775.0,2026-09-24,2105,0.10550138014214726,132829983.9804126
call,776.0,2026-09-24,1228,0.08932331474412994,65606833.48826336
call,777.0,2026-09-24,1872,0.0688541035742817,77094172.63259836
call,778.0,2026-09-24,3061,0.04853217555512103,88854406.1375209
call,779.0,2026-09-24,975,0.0313820985223979,18300901.195023898
call,780.0,2026-09-24,2933,0.01898939496897947,33312641.396556087
call,781.0,2026-09-24,995,0.010962143975237287,6523857.430280506
call,782.0,2026-09-24,826,0.0058839525770583165,2906933.45571379
call,783.0,2026-09-24,661,0.0032239470464511333,1274603.8867000306
call,784.0,2026-09-24,703,0.0017083702177081322,718328.6624427607
call,785.0,2026-09-24,544,0.0010362667518721749,337175.7584121954
call,786.0,2026-09-24,876,0.0005795456089694949,303653.0201049526
call,787.0,2026-09-24,485,0.0003781387625987969,109692.97530170219
call,788.0,2026-09-24,463,0.00023884216085233854,66142.08206239477
call,789.0,2026-09-24,1322,0.00014501666212776766,114666.15209315256
call,790.0,2026-09-24,2496,7.913281542205514e-05,118137.30998075526
call,791.0,2026-09-24,843,6.992466388683918e-05,35256.87705506729
call,792.0,2026-09-24,319,5.9073494206881326e-05,11271.175766267374
call,793.0,2026-09-24,284,2.8400162209581317e-05,4824.197060426958
call,794.0,2026-09-24,663,2.6523942017030414e-05,10518.104403714233
call,795.0,2026-09-24,1471,2.2220154552657138e-05,19549.948927677746
call,796.0,2026-09-24,1279,1.882717170812483e-05,14402.620155476114
call,797.0,2026-09-24,146,1.7979119562825083e-05,1570.0271240047864
call,798.0,2026-09-24,306,1.5504425808336466e-05,2837.67721312111
call,799.0,2026-09-24,48,5.460656398773499e-06,156.77325184725535
call,800.0,2026-09-24,207,5.498927141066619e-06,680.8229546602045
call,801.0,2026-09-24,255,4.398228004722311e-06,670.8165967896804
call,802.0,2026-09-24,25,4.4613626227351995e-06,66.7103796457331
call,803.0,2026-09-24,206,3.6307368340169667e-06,447.3504418536601
call,804.0,2026-09-24,2682,3.7039132415918815e-06,5941.628007348542
call,805.0,2026-09-24,2447,3.0602476518559222e-06,4478.952140192984
call,806.0,2026-09-24,33,3.1359880505631767e-06,61.89765815132646
call,807.0,2026-09-24,34,2.6257080994260834e-06,53.39630928725388
call,808.0,2026-09-24,10,2.2130142906112823e-06,13.236406539632576
call,809.0,2026-09-24,118,2.287675275473929e-06,161.45900243057247
call,810.0,2026-09-24,87,5.422514160559366e-07,28.216674385929846
call,820.0,2026-09-24,11,2.4177094165625233e-07,1.5906794346017463
call,825.0,2026-09-24,7,1.4929481852111086e-07,0.6250699981526867
call,835.0,2026-09-24,6,9.836549458431997e-08,0.35300422992671515
call,840.0,2026-09-24,236,7.187242714675887e-08,10.145190197044583
call,850.0,2026-09-24,1,4.330741098967494e-08,0.025902882799728754
call,870.0,2026-09-24,3,1.7196570805456574e-08,0.030856665033879148
call,875.0,2026-09-24,192,1.9614201387190044e-08,2.2524633738518265
put,550.0,2026-09-24,16,1.5053256650444722e-10,-0.001440576506828985
put,565.0,2026-09-24,7,1.280582877340416e-10,-0.0005361565422716588
put,570.0,2026-09-24,152,2.0523778119270114e-10,-0.018658931826331368
put,575.0,2026-09-24,500,3.289543017326062e-10,-0.09837651950930287
put,580.0,2026-09-24,536,3.0636730224896824e-10,-0.0982184511233846
put,585.0,2026-09-24,5,2.8080384440128757e-10,-0.0008397672482631149
put,600.0,2026-09-24,119,3.6826609324617453e-10,-0.026211662967211873
put,605.0,2026-09-24,457,6.089711796481749e-10,-0.16645575645379027
put,610.0,2026-09-24,2,5.35187437910415e-10,-0.0006402090156525721
put,615.0,2026-09-24,190,4.5927966566102313e-10,-0.052193533282397286
put,620.0,2026-09-24,16,3.835851187676332e-10,-0.0036708582288705834
put,625.0,2026-09-24,197,6.563830409750298e-10,-0.0773409419065338
put,630.0,2026-09-24,15,1.129217244770543e-09,-0.010131054227773247
put,635.0,2026-09-24,24,9.373749934091448e-10,-0.01345582977442587
put,640.0,2026-09-24,116,7.518290600636072e-10,-0.052163049964277404
put,645.0,2026-09-24,45,1.339730966080971e-09,-0.03605919179196923
put,650.0,2026-09-24,173,1.0490012743878899e-09,-0.10854454388308943
put,655.0,2026-09-24,169,1.9199302952752387e-09,-0.19406983886313017
put,660.0,2026-09-24,186,1.4625214585588594e-09,-0.16270506406498642
put,665.0,2026-09-24,7891,2.765266040480499e-09,-13.05133215912568
put,670.0,2026-09-24,57,1.263235780891968e-08,-0.4306705284585525
put,675.0,2026-09-24,139,1.6010536131062954e-08,-1.3310873445587477
put,680.0,2026-09-24,201,2.0449921590164484e-08,-2.4585190832657413
put,685.0,2026-09-24,177,2.6358405534481843e-08,-2.7904759313204495
put,690.0,2026-09-24,307,1.2810028853919126e-07,-23.522006331895323
put,695.0,2026-09-24,125,1.4349974882451417e-07,-10.72869830661922
put,700.0,2026-09-24,666,2.0093639257360596e-07,-80.04214330963705
put,705.0,2026-09-24,173,2.2782746884004455e-07,-23.574259910896153
put,710.0,2026-09-24,1250,2.9305392180747156e-07,-219.10053086495955
put,715.0,2026-09-24,371,3.8377967165551243e-07,-85.16119671492763
put,718.0,2026-09-24,165,4.43459033724941e-07,-43.76463690398071
put,719.0,2026-09-24,236,5.115104787213027e-07,-72.2025302389271
put,720.0,2026-09-24,409,5.139337094141465e-07,-125.72345042256069
put,721.0,2026-09-24,162,5.159196144248112e-07,-49.98997654635935
put,722.0,2026-09-24,564,5.991253111172193e-07,-202.10760264646288
put,723.0,2026-09-24,569,6.023144863611107e-07,-204.98470350440417
put,724.0,2026-09-24,695,6.049690781272459e-07,-251.48023687420607
put,725.0,2026-09-24,378,1.66129090028091e-06,-375.5980813924405
put,726.0,2026-09-24,628,1.7042085357896357e-06,-640.1301148907544
put,727.0,2026-09-24,3292,1.748250462367489e-06,-3442.305077163463
put,728.0,2026-09-24,480,2.0632439464318114e-06,-592.3490496654048
put,729.0,2026-09-24,626,2.1232579791788326e-06,-794.9924004567713
put,730.0,2026-09-24,547,2.1853166059301862e-06,-714.9695918246376
put,731.0,2026-09-24,763,2.421478702110539e-06,-1105.073261151836
put,732.0,2026-09-24,340,2.6904612775690337e-06,-547.1312768310273
put,733.0,2026-09-24,807,2.7803997270457945e-06,-1342.0436794194684
put,734.0,2026-09-24,770,2.8742773819790356e-06,-1323.7478923951298
put,735.0,2026-09-24,2348,3.4782820886798084e-06,-4884.822327739999
put,736.0,2026-09-24,519,3.6128665784753183e-06,-1121.515191008395
put,737.0,2026-09-24,465,3.754869761111924e-06,-1044.3202755455652
put,738.0,2026-09-24,430,7.354280371560061e-06,-1891.4484846970336
put,739.0,2026-09-24,1891,8.395270062922602e-06,-9495.374087408465
put,740.0,2026-09-24,1141,8.91415585605936e-06,-6083.475265029226
put,741.0,2026-09-24,318,1.0258551368673755e-05,-1951.1876414831554
put,742.0,2026-09-24,473,1.095729160063355e-05,-3099.9182383640873
put,743.0,2026-09-24,233,1.1730443808866428e-05,-1634.7684353483749
put,744.0,2026-09-24,440,1.2589324749592277e-05,-3313.1491878244656
put,745.0,2026-09-24,1032,1.4764412754711745e-05,-9113.427736152667
put,746.0,2026-09-24,217,2.4301611662806013e-05,-3154.137991774409
put,747.0,2026-09-24,306,2.6688659324301152e-05,-4884.656894072198
put,748.0,2026-09-24,720,3.07032341545584e-05,-13222.162801853738
put,749.0,2026-09-24,294,3.5557206238322175e-05,-6252.602792450679
put,750.0,2026-09-24,1994,3.970955830823334e-05,-47359.38885965711
put,751.0,2026-09-24,744,6.302739961072395e-05,-28047.11556606438
put,752.0,2026-09-24,3075,7.194374373926761e-05,-132319.555313316
put,753.0,2026-09-24,443,0.00010660436729385153,-28246.497386932842
put,754.0,2026-09-24,660,0.0001244754371965947,-49137.54730951905
put,755.0,2026-09-24,586,0.00018064148966050018,-63314.18212056388
put,756.0,2026-09-24,445,0.0002540414711947833,-67616.16096164484
put,757.0,2026-09-24,370,0.00036097764505516457,-79885.49131010503
put,758.0,2026-09-24,1431,0.0004904723838158784,-419797.71678164497
put,759.0,2026-09-24,1481,0.0007521836270569432,-666292.3292228376
put,760.0,2026-09-24,2065,0.0010139798490883074,-1252377.5082021733
put,761.0,2026-09-24,1811,0.0016341565696669292,-1770100.7808169925
put,762.0,2026-09-24,693,0.0025157421011878255,-1042762.0843496006
put,763.0,2026-09-24,1623,0.003936578245951384,-3821406.9322211016
put,764.0,2026-09-24,599,0.005947213583281828,-2130719.287403016
put,765.0,2026-09-24,1069,0.009298635364321102,-5945423.590007023
put,766.0,2026-09-24,552,0.014312850950191263,-4725536.320589838
put,767.0,2026-09-24,1079,0.022234628120869657,-14349514.054237144
put,768.0,2026-09-24,1061,0.03321737683144094,-21079805.351435665
put,769.0,2026-09-24,1068,0.04885525057938205,-31208175.308959465
put,770.0,2026-09-24,1010,0.06909684294571025,-41741250.691054195
put,771.0,2026-09-24,760,0.0921740878072883,-41899449.76397058
put,772.0,2026-09-24,530,0.1143946280563152,-36263304.71264854
put,773.0,2026-09-24,1018,0.1299305778309566,-79112485.1126972
put,774.0,2026-09-24,810,0.13271013867158934,-64294674.34624641
put,775.0,2026-09-24,500,0.11993373277518975,-35867180.152496174
put,776.0,2026-09-24,222,0.0949818528518944,-12611870.155213857
put,777.0,2026-09-24,75,0.06456486443624868,-2896298.9444310996
put,778.0,2026-09-24,163,0.03605555997484574,-3515165.105536754
put,779.0,2026-09-24,138,0.015609837255978181,-1288437.453312465
put,780.0,2026-09-24,145,0.003159462114637635,-274010.39162436285
put,782.0,2026-09-24,240,0.0,-0.0
put,798.0,2026-09-24,0,0.0,-0.0
put,835.0,2026-09-24,0,0.000916304242753708,-0.0
put,905.0,2026-09-24,1,0.00017010884502213498,-101.74492944997581
call,500.0,2026-09-25,0,2.0865221356233264e-05,0.0
call,520.0,2026-09-25,0,2.614254113868584e-05,0.0
call,550.0,2026-09-25,0,3.766805061501076e-05,0.0
call,555.0,2026-09-25,0,3.997363561067315e-05,0.0
call,565.0,2026-09-25,0,4.585610682657508e-05,0.0
call,570.0,2026-09-25,0,4.876798755460464e-05,0.0
call,575.0,2026-09-25,0,5.230439332207787e-05,0.0
call,580.0,2026-09-25,0,5.5779095403914616e-05,0.0
call,585.0,2026-09-25,36,6.001603465588404e-05,1292.2771864148722
call,590.0,2026-09-25,0,6.459698112936046e-05,0.0
call,595.0,2026-09-25,1,6.913307932045335e-05,41.34964455965729
call,600.0,2026-09-25,8,7.470165902549286e-05,357.4424375807583
call,605.0,2026-09-25,1,8.10274969670908e-05,48.463893581500926
call,610.0,2026-09-25,0,8.684595305532007e-05,0.0
call,615.0,2026-09-25,0,9.435541845537666e-05,0.0
call,620.0,2026-09-25,21,0.00010262619183114338,1289.0310763713317
call,625.0,2026-09-25,0,0.00011100800436219544,0.0
call,630.0,2026-09-25,0,0.00012103489462501157,0.0
call,635.0,2026-09-25,0,0.00013263731379517532,0.0
call,640.0,2026-09-25,0,0.000144072956024688,0.0
call,645.0,2026-09-25,0,0.0001584698710712861,0.0
call,650.0,2026-09-25,8,0.00017470346690783608,835.9443937387742
call,655.0,2026-09-25,0,0.00019163879025280153,0.0
call,660.0,2026-09-25,0,0.00021279177138805376,0.0
call,665.0,2026-09-25,0,0.00023705101006765066,0.0
call,670.0,2026-09-25,19,0.0002645124050074198,3005.976107061373
call,675.0,2026-09-25,0,0.00029695285014569544,0.0
call,680.0,2026-09-25,0,0.00033212668517146386,0.0
call,685.0,2026-09-25,3,0.00037568433009502915,674.1091385813542
call,690.0,2026-09-25,0,0.0004190301290500887,0.0
call,695.0,2026-09-25,9,0.00048740271862254836,2623.7130522032676
call,700.0,2026-09-25,10,0.0006639547501653747,3971.2237893780352
call,705.0,2026-09-25,36,0.0015812612007641107,34048.030450977276
call,710.0,2026-09-25,72,0.002182245466028555,93977.08619289829
call,715.0,2026-09-25,55,0.0023910901483361856,78658.29324197551
call,720.0,2026-09-25,94,0.0028895113603659966,162456.89146796666
call,721.0,2026-09-25,71,0.0028580170686334973,121369.35556392948
call,722.0,2026-09-25,47,0.0029481829900456133,82877.79217813489
call,723.0,2026-09-25,70,0.0011744049016238576,49170.17730154703
call,724.0,2026-09-25,35,0.0012197548741127676,25534.44869892076
call,725.0,2026-09-25,35,0.0012886225358169328,26976.12998433374
call,726.0,2026-09-25,73,0.0013406052553916032,58534.19590968705
call,727.0,2026-09-25,70,0.0013958306642046212,58440.86749551005
call,728.0,2026-09-25,88,0.0014545779968597628,76560.64173067485
call,729.0,2026-09-25,49,0.0015171571317238192,44464.40877470184
call,730.0,2026-09-25,45,0.0016060427114046212,43227.038579276516
call,731.0,2026-09-25,54,0.0016785104279440609,54213.0302083923
call,732.0,2026-09-25,29,0.0017560496458351254,30459.352491542275
call,733.0,2026-09-25,51,0.0018365629274142462,56022.42045820913
call,734.0,2026-09-25,23,0.0019228992457711472,26452.714470688472
call,735.0,2026-09-25,453,0.0020415612623227927,553154.5610038132
call,736.0,2026-09-25,116,0.0021458884250407455,148885.02065043186
call,737.0,2026-09-25,56,0.0022520525678672424,75431.44542487802
call,738.0,2026-09-25,57,0.0023734538495893747,80917.32668883755
call,739.0,2026-09-25,36,0.002497789892621099,53782.90840438653
call,740.0,2026-09-25,425,0.002663272096257799,677002.6178794296
call,741.0,2026-09-25,266,0.002811637264993318,447328.74498187384
call,742.0,2026-09-25,345,0.0029775676174491165,614421.786592066
call,743.0,2026-09-25,236,0.003186638235018538,449811.5934977914
call,744.0,2026-09-25,592,0.003382312189378061,1197626.1675543122
call,745.0,2026-09-25,178,0.0035919022682387525,382411.0146827334
call,746.0,2026-09-25,245,0.0038618762034899347,565913.8350230192
call,747.0,2026-09-25,126,0.004119279509474418,310440.0078710212
call,748.0,2026-09-25,134,0.0044430408644157504,356099.18941854744
call,749.0,2026-09-25,266,0.004804233511914014,764348.8632910347
call,750.0,2026-09-25,714,0.005149356346415658,2199059.7916940777
call,751.0,2026-09-25,359,0.005591246308197199,1200574.0502890756
call,752.0,2026-09-25,540,0.006080907404676735,1964029.6022942725
call,753.0,2026-09-25,469,0.006680830373340844,1874084.4921664107
call,754.0,2026-09-25,825,0.0072943690399242455,3599378.8399621523
call,755.0,2026-09-25,1248,0.008047198515598054,6006827.76445812
call,756.0,2026-09-25,837,0.008842786902541734,4426907.998389055
call,757.0,2026-09-25,1040,0.009868520003393215,6138626.984657242
call,758.0,2026-09-25,1676,0.010978007575234669,11004832.063968223
call,759.0,2026-09-25,1593,0.012310050088049843,11729013.196645467
call,760.0,2026-09-25,5285,0.01383818875951547,43743156.75897638
call,761.0,2026-09-25,3305,0.01568552676527862,31006764.521720767
call,762.0,2026-09-25,2103,0.017889218669707725,22501761.877531905
call,763.0,2026-09-25,4962,0.02049267175567726,60819272.754284896
call,764.0,2026-09-25,3463,0.023623625429875734,48931093.18695455
call,765.0,2026-09-25,8239,0.02724605085181709,134265348.92048123
call,766.0,2026-09-25,2902,0.0315319446612799,54731083.126263306
call,767.0,2026-09-25,4071,0.03646319000891476,88785417.66179508
call,768.0,2026-09-25,2977,0.042018387523720294,74817655.65949994
call,769.0,2026-09-25,4106,0.04813750711512617,118219309.92954941
call,770.0,2026-09-25,10291,0.05443527671882681,335061009.2164981
call,771.0,2026-09-25,3050,0.0605999024615536,110549719.1487183
call,772.0,2026-09-25,30304,0.06596870081801333,1195704235.479502
call,773.0,2026-09-25,3293,0.0697894384376515,137457143.1847684
call,774.0,2026-09-25,9880,0.07151730922346182,422623838.13616693
call,775.0,2026-09-25,6858,0.07048508405841107,289121628.80601203
call,776.0,2026-09-25,3461,0.0668726839367613,138431916.78563875
call,777.0,2026-09-25,3485,0.06084541499922078,126828401.59147322
call,778.0,2026-09-25,3373,0.0532725445168328,107474556.40427648
call,779.0,2026-09-25,2603,0.04487178709300787,69860777.31747662
call,780.0,2026-09-25,10207,0.036407702858581206,222268168.99949124
call,781.0,2026-09-25,2962,0.028548132643113348,50576484.543188624
call,782.0,2026-09-25,5560,0.02178635824213631,72451154.67149694
call,783.0,2026-09-25,4154,0.016337634130122607,40592101.64772433
call,784.0,2026-09-25,2380,0.011957207665272017,17021295.36761681
call,785.0,2026-09-25,29229,0.008750226189436808,152974525.88236648
call,786.0,2026-09-25,8771,0.006267049014496278,32877446.628505412
call,787.0,2026-09-25,3440,0.0046809108121283905,9631073.296406373
call,788.0,2026-09-25,2018,0.003376109019002161,4074961.4363002297
call,789.0,2026-09-25,1868,0.002262913319670886,2528312.0220267843
call,790.0,2026-09-25,21698,0.0017837235513092052,23149047.73625791
call,791.0,2026-09-25,3587,0.001418793051136285,3043941.547884502
call,792.0,2026-09-25,1620,0.001070118532268499,1036890.2215428952
call,793.0,2026-09-25,1567,0.000810505609293509,759645.3791229326
call,794.0,2026-09-25,4378,0.0005956465768585176,1559733.0925561104
call,795.0,2026-09-25,3739,0.000523504864156618,1170744.336472718
call,796.0,2026-09-25,2139,0.0004794273917731947,613365.7297261585
call,797.0,2026-09-25,896,0.00033611026401843134,180125.69261512705
call,798.0,2026-09-25,1559,0.0003134950775612959,292322.8204625486
call,799.0,2026-09-25,599,0.00027427573015669903,98265.27669264132
call,800.0,2026-09-25,7765,0.00025836387584747967,1199938.8930793647
call,801.0,2026-09-25,907,0.00016105494409662254,87370.98413519534
call,802.0,2026-09-25,449,0.000154640488869168,41529.37871629847
call,803.0,2026-09-25,602,0.0001387153150159849,49946.698084593016
call,804.0,2026-09-25,681,0.00013401546165677736,54586.83293444281
call,805.0,2026-09-25,1682,0.00012126229516283594,121993.77054138985
call,806.0,2026-09-25,766,0.0001101957379136877,50486.98617020805
call,807.0,2026-09-25,652,6.12002930310373e-05,23866.403368735573
call,808.0,2026-09-25,467,6.076448494426565e-05,16972.76431905004
call,809.0,2026-09-25,2574,5.616496932402467e-05,86468.90268365772
call,810.0,2026-09-25,760,5.2086902381406715e-05,23677.072392117832
call,811.0,2026-09-25,197,4.845676452240114e-05,5709.610967916805
call,812.0,2026-09-25,302,4.521319515187018e-05,8166.914729222937
call,813.0,2026-09-25,609,4.230471415267985e-05,15409.620265131914
call,814.0,2026-09-25,196,3.96879163706258e-05,4652.648562287297
call,815.0,2026-09-25,1341,3.7326032052829244e-05,29938.254891867193
call,816.0,2026-09-25,703,3.518777228825809e-05,14795.613468416972
call,817.0,2026-09-25,577,3.3246397807551175e-05,11473.773948656319
call,818.0,2026-09-25,297,3.147896388825763e-05,5591.943281885477
call,819.0,2026-09-25,1715,2.986570490987402e-05,30635.34483616357
call,820.0,2026-09-25,2456,2.8389530261374356e-05,41703.49454682328
call,821.0,2026-09-25,4128,2.703560950752108e-05,66751.60811147229
call,822.0,2026-09-25,105,2.5791029466718407e-05,1619.7345863183418
call,823.0,2026-09-25,521,2.4644509506364772e-05,7679.691622498068
call,824.0,2026-09-25,217,2.3586164189442523e-05,3061.2791275901627
call,825.0,2026-09-25,2262,2.2607304607003472e-05,30586.322659067377
call,830.0,2026-09-25,287,6.2716436037858154e-06,1076.5870381925772
call,835.0,2026-09-25,283,5.748233237112065e-06,972.9862346789279
call,840.0,2026-09-25,209,4.214705089317263e-06,526.8650094533944
call,845.0,2026-09-25,527,4.034717787106258e-06,1271.7731658214793
call,850.0,2026-09-25,158,3.1396851453769555e-06,296.7078689179967
call,855.0,2026-09-25,203,3.093170063055127e-06,375.56552141470394
call,860.0,2026-09-25,94,2.51603568111143e-06,141.45898202112542
call,865.0,2026-09-25,59,2.089679982593569e-06,73.74246882980286
call,870.0,2026-09-25,243,1.767928874583534e-06,256.95492235140375
call,875.0,2026-09-25,12,1.520506346419807e-06,10.913281617396906
call,880.0,2026-09-25,27,1.327049052801355e-06,21.430712967228548
call,885.0,2026-09-25,3,1.173542484892459e-06,2.1057458355512733
call,890.0,2026-09-25,6,1.050138646666487e-06,3.76863234256414
call,895.0,2026-09-25,2755,9.497851484940661e-07,1565.0667202339646
call,900.0,2026-09-25,2688,8.673437123986036e-07,1394.4610176136136
call,910.0,2026-09-25,10,7.419314197014595e-07,4.437615218916027
call,915.0,2026-09-25,32,6.939311649514946e-07,13.281656678006073
call,920.0,2026-09-25,30,2.6181363115596235e-07,4.697852617988057
call,925.0,2026-09-25,2,2.544793046851535e-07,0.30441660923981606
call,930.0,2026-09-25,2,2.484420993722007e-07,0.2971947034234374
put,500.0,2026-09-25,2482,2.0946129596764482e-08,-31.095063104381975
put,505.0,2026-09-25,758,1.977671515329611e-08,-8.966216951999252
put,510.0,2026-09-25,210,3.5035270849704836e-08,-4.40058742203579
put,515.0,2026-09-25,78,3.31368944677552e-08,-1.5459387615687963
put,520.0,2026-09-25,645,3.101797538077568e-08,-11.966276692254933
put,525.0,2026-09-25,99,2.870824956186939e-08,-1.6999172721826292
put,530.0,2026-09-25,18140,2.624399721866671e-08,-284.7430580287694
put,535.0,2026-09-25,109,4.8128551511984915e-08,-3.1377270972901945
put,540.0,2026-09-25,506,3.073152124610476e-08,-9.300803195144026
put,545.0,2026-09-25,81,3.989515627484661e-08,-1.9328184766888483
put,550.0,2026-09-25,237,3.554445942835255e-08,-5.038556568812797
put,555.0,2026-09-25,247,6.720721236434788e-08,-9.928844621063849
put,560.0,2026-09-25,1150,6.009742745017371e-08,-41.337061529836475
put,565.0,2026-09-25,24,5.2852976109710516e-08,-0.7586938574257935
put,570.0,2026-09-25,76,4.562127678299246e-08,-2.0738001755261695
put,575.0,2026-09-25,165,5.96049907132423e-08,-5.8823714883395315
put,580.0,2026-09-25,196,7.79547902005364e-08,-9.13870708562508
put,585.0,2026-09-25,52,6.617884545229292e-08,-2.0582987437185185
put,590.0,2026-09-25,362,8.689136898059701e-08,-18.81356461167205
put,595.0,2026-09-25,2157,1.1428781465548446e-07,-147.44700406557664
put,600.0,2026-09-25,599,9.52227998858796e-08,-34.115649871346925
put,605.0,2026-09-25,1016,7.712957896567429e-08,-46.87060373878438
put,610.0,2026-09-25,864,1.0230867595244487e-07,-52.870337867692854
put,615.0,2026-09-25,995,1.3612963399508103e-07,-81.01429120309938
put,620.0,2026-09-25,4758,1.073551205549402e-07,-305.5153819286367
put,625.0,2026-09-25,1181,1.4388784117089094e-07,-101.63888062020517
put,630.0,2026-09-25,900,1.93698575941415e-07,-104.26890587047403
put,635.0,2026-09-25,1261,1.479136063819259e-07,-111.56015055514911
put,640.0,2026-09-25,12181,2.0102294681812146e-07,-1464.5845801415314
put,645.0,2026-09-25,217,2.748637574676829e-07,-35.67492691513865
put,650.0,2026-09-25,774,2.016781770471903e-07,-93.36535372319604
put,655.0,2026-09-25,1077,7.03191220570966e-07,-452.9758225304218
put,660.0,2026-09-25,1491,1.6932325588819363e-06,-1510.0110778491871
put,665.0,2026-09-25,2657,2.7042470581172926e-06,-4297.578313273576
put,670.0,2026-09-25,8467,2.967340859357445e-06,-15027.366400177654
put,675.0,2026-09-25,9108,3.727603665457938e-06,-20306.666255699638
put,680.0,2026-09-25,3326,4.115208342905013e-06,-8186.531766076284
put,685.0,2026-09-25,1646,4.5450043099336674e-06,-4474.556634930775
put,690.0,2026-09-25,1832,5.02197042705669e-06,-5502.822436876608
put,695.0,2026-09-25,3822,1.107370648249569e-05,-25314.512589796926
put,700.0,2026-09-25,2196,1.2767081588168132e-05,-16769.10363127496
put,705.0,2026-09-25,1930,1.603007715255222e-05,-18504.561609898094
put,710.0,2026-09-25,3248,1.8843419608013363e-05,-36606.78755350268
put,715.0,2026-09-25,4023,2.238031747064126e-05,-53852.03935274815
put,720.0,2026-09-25,5385,4.2138161958555734e-05,-135721.03870692878
put,721.0,2026-09-25,544,4.37012874022222e-05,-14219.325957155846
put,722.0,2026-09-25,1223,4.535010565604313e-05,-33173.44995085592
put,723.0,2026-09-25,889,4.921006788733868e-05,-26166.257095945486
put,724.0,2026-09-25,794,4.8932212927846916e-05,-23238.133289968308
put,725.0,2026-09-25,4627,5.324668705236504e-05,-147359.44264930522
put,726.0,2026-09-25,573,5.545035501070774e-05,-19003.99169909769
put,727.0,2026-09-25,16188,5.779192822457172e-05,-559559.4823507596
put,728.0,2026-09-25,1767,8.281292835506771e-05,-87522.67255868265
put,729.0,2026-09-25,629,8.691659296543106e-05,-32699.357442676956
put,730.0,2026-09-25,131622,9.132742381115428e-05,-7189779.507268557
put,731.0,2026-09-25,1390,9.607743866354448e-05,-79877.06448789159
put,732.0,2026-09-25,1193,0.00010120296663156435,-72213.69481151483
put,733.0,2026-09-25,962,0.00010674536304986198,-61420.022297024945
put,734.0,2026-09-25,3511,0.0001127518658901163,-236777.50838296075
put,735.0,2026-09-25,5891,0.00015069599749345291,-530978.1125278971
put,736.0,2026-09-25,2303,0.0001602978798351511,-220804.33487509523
put,737.0,2026-09-25,889,0.00017082619482413345,-90832.67559645881
put,738.0,2026-09-25,1412,0.00018240350308997748,-154047.17932142492
put,739.0,2026-09-25,1839,0.00019517307683979688,-214677.98833234224
put,740.0,2026-09-25,23552,0.00025281627231054786,-3561383.114583203
put,741.0,2026-09-25,3328,0.0002663195388207953,-530117.6044990511
put,742.0,2026-09-25,1035,0.00028102572698897386,-173969.17696481186
put,743.0,2026-09-25,2844,0.00030444118350311875,-517867.7576060841
put,744.0,2026-09-25,2118,0.0003821327286420455,-484089.95422090485
put,745.0,2026-09-25,151529,0.0004174829849097338,-37837324.201991074
put,746.0,2026-09-25,4595,0.0004467797663424997,-1227905.3496735177
put,747.0,2026-09-25,1462,0.0005543068721109169,-484711.7130649177
put,748.0,2026-09-25,2047,0.0005988584328477751,-733209.1756195244
put,749.0,2026-09-25,2228,0.0007489408907524178,-998041.5189254498
put,750.0,2026-09-25,19922,0.0008968353217696749,-10686402.295937302
put,751.0,2026-09-25,2582,0.0010784107148495451,-1665429.7231077915
put,752.0,2026-09-25,4139,0.0013022528066265963,-3223863.2203093474
put,753.0,2026-09-25,1603,0.0015467094767966242,-1482955.5985816852
put,754.0,2026-09-25,3223,0.0018283120672290373,-3524491.847273104
put,755.0,2026-09-25,20489,0.002308214028483025,-28286728.21790235
put,756.0,2026-09-25,2212,0.0028649837466758876,-3790470.8773031323
put,757.0,2026-09-25,1400,0.003351368544952507,-2806312.973154145
put,758.0,2026-09-25,2944,0.004275945365268022,-7529321.3346054545
put,759.0,2026-09-25,3963,0.005373545049290535,-12737108.419446087
put,760.0,2026-09-25,24081,0.006868614123141371,-98930343.11234574
put,761.0,2026-09-25,4406,0.008605883376524162,-22679100.644509956
put,762.0,2026-09-25,4693,0.01090688904958804,-30615216.051868316
put,763.0,2026-09-25,2300,0.013820964924804014,-19013062.679663297
put,764.0,2026-09-25,2476,0.017491231608326687,-25903408.2287668
put,765.0,2026-09-25,5898,0.022321880753861177,-78744717.82226866
put,766.0,2026-09-25,2623,0.02793166097775794,-43820863.56377124
put,767.0,2026-09-25,3441,0.03485305374644627,-71731743.6442134
put,768.0,2026-09-25,4887,0.04295992884795592,-125571699.33878559
put,769.0,2026-09-25,3563,0.052064055310095246,-110953164.70422255
put,770.0,2026-09-25,6450,0.061638109972074695,-237790722.8498931
put,771.0,2026-09-25,1830,0.07125042555188918,-77987398.1379944
put,772.0,2026-09-25,4831,0.07954931007268203,-229857846.71899912
put,773.0,2026-09-25,2568,0.08534854541517994,-131092251.46219213
put,774.0,2026-09-25,2281,0.08731620994054284,-119125857.75966063
put,775.0,2026-09-25,2338,0.08537625340550828,-119389869.78310086
put,776.0,2026-09-25,925,0.07854005302992564,-43452903.592260465
put,777.0,2026-09-25,737,0.06796915449360541,-29961616.05887189
put,778.0,2026-09-25,335,0.054789548516360996,-10978130.975310035
put,779.0,2026-09-25,502,0.04032550100475414,-12107915.127066664
put,780.0,2026-09-25,987,0.02654668627956028,-15671600.397399869
put,781.0,2026-09-25,282,0.013940812114126516,-2351381.3079244313
put,782.0,2026-09-25,787,0.005507491787951757,-2592474.35926947
put,783.0,2026-09-25,369,0.0,-0.0
put,784.0,2026-09-25,295,0.0,-0.0
put,785.0,2026-09-25,121,0.0,-0.0
put,786.0,2026-09-25,1068,0.0,-0.0
put,787.0,2026-09-25,162,0.0,-0.0
put,788.0,2026-09-25,60,0.0,-0.0
put,789.0,2026-09-25,91,0.0,-0.0
put,790.0,2026-09-25,521,0.0,-0.0
put,791.0,2026-09-25,49,0.0,-0.0
put,793.0,2026-09-25,1,0.0,-0.0
put,794.0,2026-09-25,0,0.0,-0.0
put,795.0,2026-09-25,5,0.0,-0.0
put,796.0,2026-09-25,4,0.0,-0.0
put,798.0,2026-09-25,0,0.0,-0.0
put,800.0,2026-09-25,10,0.0,-0.0
put,805.0,2026-09-25,0,0.0,-0.0
put,807.0,2026-09-25,0,0.0,-0.0
put,810.0,2026-09-25,0,0.004612284865888179,-0.0
put,811.0,2026-09-25,0,0.004412988482499855,-0.0
put,820.0,2026-09-25,0,0.0031436399512885906,-0.0
put,823.0,2026-09-25,0,0.002847388977418279,-0.0
put,824.0,2026-09-25,0,0.0027589922343742804,-0.0
put,825.0,2026-09-25,1,0.0026627727402481513,-1592.6486630522575
put,850.0,2026-09-25,0,0.001391033293627798,-0.0
put,855.0,2026-09-25,0,0.0012555493357974776,-0.0
put,865.0,2026-09-25,0,0.0010271741298144574,-0.0
put,870.0,2026-09-25,0,0.0009370417390081485,-0.0
call,605.0,2026-09-28,0,0.0002554593883167084,0.0
call,610.0,2026-09-28,0,0.0002728160016563901,0.0
call,615.0,2026-09-28,0,0.00029161333212552313,0.0
call,620.0,2026-09-28,0,0.00031032076876077867,0.0
call,645.0,2026-09-28,0,0.00044599866658363017,0.0
call,665.0,2026-09-28,0,0.0006181280904324932,0.0
call,670.0,2026-09-28,0,0.000675921778829449,0.0
call,675.0,2026-09-28,0,0.0007415671394734746,0.0
call,680.0,2026-09-28,0,0.0008097539991566928,0.0
call,685.0,2026-09-28,0,0.0009862550660894637,0.0
call,690.0,2026-09-28,1,0.0019493302734056735,1165.9268576925238
call,695.0,2026-09-28,1,0.0020705552140466497,1238.4335108973507
call,700.0,2026-09-28,0,0.0022846759302464713,0.0
call,705.0,2026-09-28,0,0.002596592108845682,0.0
call,710.0,2026-09-28,9,0.002902248506812801,15622.947917857424
call,715.0,2026-09-28,1,0.00284626907645302,1702.4008736387445
call,718.0,2026-09-28,0,0.003046057723046059,0.0
call,719.0,2026-09-28,0,0.0031266359759839274,0.0
call,720.0,2026-09-28,0,0.0032422437328508595,0.0
call,721.0,2026-09-28,0,0.003318114152742573,0.0
call,722.0,2026-09-28,0,0.003428729519458568,0.0
call,723.0,2026-09-28,0,0.0034989215997780977,0.0
call,724.0,2026-09-28,0,0.003638222510883162,0.0
call,725.0,2026-09-28,0,0.0037502301626245347,0.0
call,726.0,2026-09-28,0,0.003845834431672067,0.0
call,727.0,2026-09-28,0,0.0039474486121652205,0.0
call,728.0,2026-09-28,1,0.004088492798751026,2445.395542551174
call,729.0,2026-09-28,1,0.0041792307681126325,2499.6674311759507
call,730.0,2026-09-28,10,0.004360907513227077,26083.31314067902
call,731.0,2026-09-28,3,0.004492012689387708,8060.242501393928
call,732.0,2026-09-28,2,0.004638941043047957,5549.255584988486
call,733.0,2026-09-28,7,0.004813654606174403,20153.88816299502
call,734.0,2026-09-28,3,0.004923985699063173,8835.3532263184
call,735.0,2026-09-28,148,0.005146517820349344,455576.2499386787
call,736.0,2026-09-28,26,0.005327233578612567,82843.98214726975
call,737.0,2026-09-28,33,0.005494709111228663,108453.73793651158
call,738.0,2026-09-28,234,0.005719155765058855,800448.9910112942
call,739.0,2026-09-28,204,0.0059259363120088455,723057.8178932123
call,740.0,2026-09-28,215,0.006152093541960406,791128.9357864799
call,741.0,2026-09-28,57,0.006377666889088389,217431.55244675622
call,742.0,2026-09-28,19,0.006302358914395332,71621.36805744974
call,743.0,2026-09-28,88,0.005798467336682173,305198.0583434773
call,744.0,2026-09-28,5,0.006837123313473744,20446.985842495502
call,745.0,2026-09-28,48,0.007526046212472721,216069.76380112063
call,746.0,2026-09-28,17,0.007890529832670497,80230.77117324446
call,747.0,2026-09-28,47,0.008284454627836732,232888.29467957062
call,748.0,2026-09-28,47,0.008648982536698024,243135.71431930905
call,749.0,2026-09-28,53,0.009077166790249698,287747.83469754626
call,750.0,2026-09-28,118,0.009544620537000092,673637.9620849526
call,751.0,2026-09-28,130,0.00992942630544068,772064.1524740461
call,752.0,2026-09-28,90,0.010474144992493214,563828.4292943334
call,753.0,2026-09-28,159,0.011065092353155578,1052296.3075116004
call,754.0,2026-09-28,176,0.011713631710106693,1233076.7585631397
call,755.0,2026-09-28,142,0.011538399914592936,979985.8630953664
call,756.0,2026-09-28,197,0.013055368064480702,1538300.6567987034
call,757.0,2026-09-28,140,0.014031291436108921,1174928.8285993964
call,758.0,2026-09-28,317,0.01495525781805975,2835561.334249969
call,759.0,2026-09-28,164,0.01596933821392693,1566450.3930720922
call,760.0,2026-09-28,901,0.01696278287600201,9141296.028665211
call,761.0,2026-09-28,579,0.018295431057120688,6335882.128718841
call,762.0,2026-09-28,280,0.020064075260652122,3360183.993080183
call,763.0,2026-09-28,289,0.021776724698806406,3764231.1359924423
call,764.0,2026-09-28,240,0.023973947365820286,3441411.996732451
call,765.0,2026-09-28,992,0.02579399479228692,15304394.751445875
call,766.0,2026-09-28,237,0.02878978609366403,4081057.024635401
call,767.0,2026-09-28,558,0.03115571035294166,10398189.6866538
call,768.0,2026-09-28,561,0.03409919479682893,11441760.800280977
call,769.0,2026-09-28,402,0.0367067166414845,8825868.886511652
call,770.0,2026-09-28,2390,0.04058400536146,58014784.94907718
call,771.0,2026-09-28,395,0.043180477485581195,10201649.895112416
call,772.0,2026-09-28,980,0.04552796001637352,26686409.502569932
call,773.0,2026-09-28,1298,0.04732103040152347,36737936.930919245
call,774.0,2026-09-28,1569,0.04941627588916441,46374456.80609077
call,775.0,2026-09-28,1662,0.04973095120389045,49436038.820934996
call,776.0,2026-09-28,2196,0.049027489841137445,64395848.98472313
call,777.0,2026-09-28,1841,0.04739098176240328,52183760.62423791
call,778.0,2026-09-28,907,0.04491169304823506,24364224.53723603
call,779.0,2026-09-28,912,0.041787636523832924,22794418.938381378
call,780.0,2026-09-28,10802,0.038082051325639875,246042644.40529633
call,781.0,2026-09-28,610,0.03405272072640224,12424174.164114637
call,782.0,2026-09-28,523,0.02993376962534951,9363732.100787653
call,783.0,2026-09-28,957,0.025859730607730214,14802048.170400871
call,784.0,2026-09-28,374,0.021989343524956573,4918919.840909906
call,785.0,2026-09-28,956,0.018502401094688713,10579663.69745542
call,786.0,2026-09-28,1054,0.01528338600637534,9634874.72056383
call,787.0,2026-09-28,543,0.012668084124978336,4114306.552897045
call,788.0,2026-09-28,325,0.010232412848332557,1989057.3006175805
call,789.0,2026-09-28,205,0.008342976342065685,1022964.9465860885
call,790.0,2026-09-28,840,0.006876563556684209,3454909.1085024863
call,791.0,2026-09-28,506,0.005505201425554877,1666132.7826458395
call,792.0,2026-09-28,600,0.004515088617810564,1620329.7582312599
call,793.0,2026-09-28,261,0.0036199474678750205,565104.3554932681
call,794.0,2026-09-28,830,0.003069369477037332,1523747.9750735012
call,795.0,2026-09-28,900,0.0025495568724880984,1372439.1325896275
call,796.0,2026-09-28,58,0.0021216697606678994,73602.34633924156
call,797.0,2026-09-28,311,0.0019397527391329906,360821.69467194116
call,798.0,2026-09-28,900,0.0015627491203518032,841235.6164064524
call,800.0,2026-09-28,420,0.001136061355749756,285388.82055284135
call,801.0,2026-09-28,35,0.0010615856590989595,22223.321363228508
call,802.0,2026-09-28,24,0.0009953348024435292,14287.831192864069
call,803.0,2026-09-28,525,0.0009108277441492379,286010.1418752223
call,804.0,2026-09-28,514,0.0007047411645816808,216659.94964356316
call,805.0,2026-09-28,67,0.0006503586657399488,26062.352425806203
call,806.0,2026-09-28,56,0.0006021381204312425,20168.334175503758
call,808.0,2026-09-28,49,0.0005511526947227271,16153.02607949705
call,809.0,2026-09-28,10,0.0005144694086335626,3077.12709934521
call,810.0,2026-09-28,106,0.00048147359509318274,30525.600697548794
call,815.0,2026-09-28,6,0.00025654185249352987,920.6516926097711
call,830.0,2026-09-28,5,0.00014952205585976844,447.1581422673205
call,835.0,2026-09-28,12,6.031672378972754e-05,432.917228202281
call,840.0,2026-09-28,200,5.890054823589991e-05,7045.879506202904
call,850.0,2026-09-28,89,3.886271569277416e-05,2068.754859063514
call,855.0,2026-09-28,1284,3.93232874134539e-05,30199.56729694715
call,860.0,2026-09-28,366,3.3374586897289376e-05,7306.053755859948
call,865.0,2026-09-28,120,2.8770254778675846e-05,2064.956146636565
put,550.0,2026-09-28,76,1.3653211116933751e-06,-62.06321612934009
put,555.0,2026-09-28,460,1.5188778341844476e-06,-417.89440348369374
put,560.0,2026-09-28,150,1.6890609288700273e-06,-151.5383150907552
put,565.0,2026-09-28,90,1.3075048141350641e-06,-70.38363381229757
put,570.0,2026-09-28,3,1.4458042267680997e-06,-2.5942786637318425
put,585.0,2026-09-28,320,1.9500590684017726e-06,-373.2360838723118
put,590.0,2026-09-28,144,2.1532795110234252e-06,-185.45936958514673
put,595.0,2026-09-28,136,2.377237461297222e-06,-193.37367586353983
put,600.0,2026-09-28,33,2.6241951747306043e-06,-51.79596772336714
put,610.0,2026-09-28,1,3.1976732574881703e-06,-1.9125815588535287
put,615.0,2026-09-28,10,3.5303854368108238e-06,-21.115822469595837
put,620.0,2026-09-28,29,6.044355203816654e-06,-104.84165192811697
put,625.0,2026-09-28,28,6.743422766698097e-06,-112.93389276538707
put,630.0,2026-09-28,304,7.531825357357659e-06,-1369.4926446200375
put,635.0,2026-09-28,102,8.42345395108714e-06,-513.8972064764179
put,640.0,2026-09-28,184,9.434954718396347e-06,-1038.349414337717
put,645.0,2026-09-28,62,1.0586417793236281e-05,-392.57857840584074
put,650.0,2026-09-28,17,2.0754965551690923e-05,-211.0361315651619
put,655.0,2026-09-28,4198,2.370585050229838e-05,-59522.868805101476
put,660.0,2026-09-28,3808,2.5737371064811318e-05,-58620.16044464397
put,665.0,2026-09-28,148,2.7959493639864948e-05,-2475.00964871222
put,670.0,2026-09-28,182,3.223682080410099e-05,-3509.2109205255697
put,675.0,2026-09-28,2660,3.516450894224614e-05,-55946.3905564512
put,680.0,2026-09-28,130,3.8402905576038564e-05,-2986.024150243104
put,685.0,2026-09-28,123,6.512537567775332e-05,-4791.166153667659
put,690.0,2026-09-28,66,7.292932142475775e-05,-2878.9358466765766
put,695.0,2026-09-28,239,8.203753030693882e-05,-11727.254705692854
put,700.0,2026-09-28,198,9.277129068225051e-05,-10986.634281102013
put,705.0,2026-09-28,218,0.00013854824881825208,-18065.226604248775
put,710.0,2026-09-28,217,0.00016132738108682947,-20938.891990371074
put,715.0,2026-09-28,1345,0.00023368288962961447,-187990.14278732162
put,718.0,2026-09-28,278,0.00025941198708193336,-43134.09747243412
put,719.0,2026-09-28,103,0.00031440922293970416,-19369.498704389614
put,720.0,2026-09-28,350,0.00032317519405274537,-67653.7605091027
put,721.0,2026-09-28,169,0.0003323254845886621,-33592.02852465406
put,722.0,2026-09-28,178,0.00035359151614822545,-37645.036077151184
put,723.0,2026-09-28,156,0.00036413215231871887,-33975.78545875817
put,724.0,2026-09-28,160,0.00037517467396102055,-35903.71398135321
put,725.0,2026-09-28,3980,0.00044308394978149167,-1054763.2012678243
put,726.0,2026-09-28,294,0.0004580493136859364,-80546.27235438128
put,727.0,2026-09-28,42,0.0004819171480167529,-12106.191780982046
put,728.0,2026-09-28,141,0.0004990079371244103,-42083.55748053157
put,729.0,2026-09-28,92,0.0005261294705427264,-28951.18439406291
put,730.0,2026-09-28,541,0.0006047312412040652,-195679.59895497063
put,731.0,2026-09-28,144,0.0006289074328930707,-54167.03936235663
put,732.0,2026-09-28,350,0.0006659633788436333,-139413.3206051904
put,733.0,2026-09-28,142,0.0006941198233301196,-58953.37474804177
put,734.0,2026-09-28,531,0.0008025320132315473,-254884.11248250425
put,735.0,2026-09-28,9013,0.0008396904821904828,-4526624.614773551
put,736.0,2026-09-28,196,0.0008796606155948093,-103123.37035352943
put,737.0,2026-09-28,209,0.0010045966443878991,-125580.9859351316
put,738.0,2026-09-28,357,0.0010566870817617128,-225631.89625847308
put,739.0,2026-09-28,505,0.0011131759149449615,-336233.55965387105
put,740.0,2026-09-28,580,0.001257087241851903,-436093.17655684095
put,741.0,2026-09-28,775,0.001330088346318627,-616549.6704720502
put,742.0,2026-09-28,621,0.0014828417611593152,-550772.5506598754
put,743.0,2026-09-28,839,0.0016827083132280776,-844416.4404190069
put,744.0,2026-09-28,411,0.0017649805601719832,-433877.9977539384
put,745.0,2026-09-28,878,0.0019799181477274824,-1039746.893225094
put,746.0,2026-09-28,282,0.0022249699141722126,-375283.2061754367
put,747.0,2026-09-28,426,0.002467011212128247,-628588.7462417891
put,748.0,2026-09-28,1118,0.0028455600978634274,-1902810.0867194189
put,749.0,2026-09-28,1757,0.0031689776064971484,-3330249.7997685308
put,750.0,2026-09-28,3375,0.0036121450902295905,-7291633.687285579
put,751.0,2026-09-28,473,0.003988420885029978,-1128360.8298844388
put,752.0,2026-09-28,336,0.004535122920450171,-911410.9020812608
put,753.0,2026-09-28,965,0.005134227641285834,-2963386.60142659
put,754.0,2026-09-28,615,0.005893774277176998,-2167976.1183944745
put,755.0,2026-09-28,1650,0.006625714634096748,-6538867.700020585
put,756.0,2026-09-28,283,0.007669213299894459,-1298144.7801103534
put,757.0,2026-09-28,414,0.008709935844327868,-2156756.801577081
put,758.0,2026-09-28,310,0.010112868391413742,-1875089.1823120208
put,759.0,2026-09-28,696,0.011527872341128467,-4798928.476065195
put,760.0,2026-09-28,2887,0.01330760019383683,-22979067.860100046
put,761.0,2026-09-28,421,0.01528742550507086,-3849482.314268016
put,762.0,2026-09-28,1073,0.017652941697468488,-11329289.84849093
put,763.0,2026-09-28,439,0.020323068683491364,-5336293.20704848
put,764.0,2026-09-28,268,0.023338122829186778,-3740990.4052803456
put,765.0,2026-09-28,768,0.026736588276739467,-12281547.363828598
put,766.0,2026-09-28,763,0.030502820789442487,-13920358.504388154
put,767.0,2026-09-28,684,0.03461328765893718,-14160703.596191641
put,768.0,2026-09-28,1461,0.038936083503905,-34024234.24422335
put,769.0,2026-09-28,1168,0.04345026778206974,-30354366.897553053
put,770.0,2026-09-28,3526,0.04791101794162319,-101042384.19011587
put,771.0,2026-09-28,807,0.05211944032372379,-25157017.81328136
put,772.0,2026-09-28,561,0.055848290788176824,-18739527.08004352
put,773.0,2026-09-28,660,0.058577632693663007,-23123929.2071612
put,774.0,2026-09-28,397,0.060359644121708605,-14332536.4980283
put,775.0,2026-09-28,432,0.06064913427556801,-15670910.559055699
put,777.0,2026-09-28,217,0.055156228523568024,-7158799.106951473
put,780.0,2026-09-28,51,0.03971298015483614,-1211402.6906854394
call,690.0,2026-09-29,0,0.0020364794915855356,0.0
call,700.0,2026-09-29,0,0.002448715003632748,0.0
call,705.0,2026-09-29,0,0.0027034678300953564,0.0
call,710.0,2026-09-29,14,0.0030015653049871053,25134.005831262766
call,715.0,2026-09-29,0,0.003356016851921842,0.0
call,720.0,2026-09-29,0,0.0037752978198949167,0.0
call,721.0,2026-09-29,0,0.0038684602104789184,0.0
call,723.0,2026-09-29,0,0.0040688456056980436,0.0
call,724.0,2026-09-29,0,0.004173480198784092,0.0
call,725.0,2026-09-29,0,0.00428518885339729,0.0
call,730.0,2026-09-29,0,0.004911243378215365,0.0
call,732.0,2026-09-29,4,0.005199831226249407,12440.422159063744
call,733.0,2026-09-29,1,0.005357381885279905,3204.339209307161
call,734.0,2026-09-29,26,0.005519874320726913,85839.74457537677
call,736.0,2026-09-29,1,0.0058748414685954676,3513.8403924514296
call,738.0,2026-09-29,1,0.006263313815889929,3746.19216442189
call,740.0,2026-09-29,6,0.0066946112223119445,24024.949899125346
call,741.0,2026-09-29,1,0.006929500436614531,4144.649462261533
call,743.0,2026-09-29,0,0.007441679043388715,0.0
call,745.0,2026-09-29,12,0.008013311716285354,57514.740174365004
call,746.0,2026-09-29,5,0.00832687932608116,24902.22508595446
call,748.0,2026-09-29,16,0.009013295551754901,86256.03165133511
call,749.0,2026-09-29,122,0.00922938821165641,673470.5722408848
call,750.0,2026-09-29,29,0.009794165886380948,169883.55186965218
call,751.0,2026-09-29,7,0.01016516990298499,42559.70029919091
call,752.0,2026-09-29,13,0.010676064889125128,83011.91566187363
call,753.0,2026-09-29,20,0.011225911801742258,134288.09114908677
call,754.0,2026-09-29,29,0.01182036348402061,205028.7238699985
call,755.0,2026-09-29,255,0.012453250605589812,1899366.5588144555
call,756.0,2026-09-29,226,0.013174806884980014,1780896.073271277
call,757.0,2026-09-29,145,0.01395421721997456,1210206.1637460697
call,758.0,2026-09-29,114,0.014801529417087423,1009246.6651872024
call,759.0,2026-09-29,78,0.015594830200354504,727547.1305940066
call,760.0,2026-09-29,352,0.016724959243011418,3521223.654774664
call,761.0,2026-09-29,141,0.017814567906670683,1502381.6991999003
call,762.0,2026-09-29,159,0.019595815731691196,1863572.745622473
call,763.0,2026-09-29,122,0.02107503251669404,1537849.9509953845
call,764.0,2026-09-29,139,0.023055966157348718,1916831.7985978744
call,765.0,2026-09-29,391,0.024844724718006073,5810276.84041762
call,766.0,2026-09-29,86,0.02635335725155533,1355564.7900750374
call,767.0,2026-09-29,144,0.028841323860161767,2484068.4703141
call,768.0,2026-09-29,69,0.03038550518282209,1254011.245388692
call,769.0,2026-09-29,171,0.03272039087798924,3346574.3079674095
call,770.0,2026-09-29,455,0.034997750574049746,9524395.198165882
call,771.0,2026-09-29,997,0.03647322185281661,21749794.889231224
call,772.0,2026-09-29,859,0.03848917361915985,19775051.791994702
call,773.0,2026-09-29,187,0.040544014698360206,4534759.259719662
call,774.0,2026-09-29,425,0.04253774921515751,10813077.498850003
call,775.0,2026-09-29,816,0.04293095346022513,20953017.308755103
call,776.0,2026-09-29,611,0.04269552488618216,15603048.065609515
call,777.0,2026-09-29,360,0.04180080354898485,9000632.09938628
call,778.0,2026-09-29,512,0.04036658176292947,12361689.050869841
call,779.0,2026-09-29,406,0.03834572733958843,9311698.218166761
call,780.0,2026-09-29,781,0.03589633143093346,16768220.619694073
call,781.0,2026-09-29,273,0.03314765241633968,5412542.286167707
call,782.0,2026-09-29,229,0.030157563024460637,4130642.465515883
call,783.0,2026-09-29,571,0.027057731000706922,9240880.67155418
call,784.0,2026-09-29,169,0.02395999845234126,2421917.6343275066
call,785.0,2026-09-29,425,0.020985966776483903,5334623.700812835
call,786.0,2026-09-29,506,0.018117929539200505,5483337.306933653
call,787.0,2026-09-29,220,0.015535722282514786,2044278.2550449064
call,788.0,2026-09-29,138,0.013166872677689161,1086794.9244271745
call,789.0,2026-09-29,543,0.011155215985793278,3622961.2762703085
call,790.0,2026-09-29,342,0.009200197196819008,1881954.508545917
call,791.0,2026-09-29,223,0.007701600858843869,1027239.5912925884
call,792.0,2026-09-29,314,0.00646588131806622,1214348.263161916
call,793.0,2026-09-29,243,0.0055500296668830424,806654.3075370401
call,797.0,2026-09-29,75,0.0027438305033008503,123084.79944622086
call,798.0,2026-09-29,445,0.0025447617410017443,677318.623134091
call,799.0,2026-09-29,603,0.0021688621420059024,782231.2092862019
call,800.0,2026-09-29,147,0.0018063464810127027,158819.6633843079
call,801.0,2026-09-29,43,0.0016996597354301478,43713.57452609542
call,805.0,2026-09-29,22,0.0009773972744569225,12861.146449310852
call,806.0,2026-09-29,80,0.0009145564162881239,43760.91227526696
call,807.0,2026-09-29,79,0.0008580774125761018,40545.199385200816
call,808.0,2026-09-29,671,0.0008279133406329829,332271.6437669912
call,809.0,2026-09-29,706,0.000799978064145881,337807.0108661697
call,810.0,2026-09-29,44,0.0007555510766852855,19883.93727122517
call,815.0,2026-09-29,70,0.00045917276232597273,19224.720626072816
call,820.0,2026-09-29,2,0.0002775016211092039,331.9566699584133
call,825.0,2026-09-29,1,0.00022806027534095935,136.4066437691033
call,850.0,2026-09-29,72,6.010462334250301e-05,2588.369391244358
call,855.0,2026-09-29,1085,5.2319283354978544e-05,33952.94139789858
call,860.0,2026-09-29,358,4.621477702067584e-05,9895.773986539834
call,865.0,2026-09-29,183,4.134888303358543e-05,4525.856201873712
put,550.0,2026-09-29,6,1.9417609691686218e-06,-6.9683971856162055
put,565.0,2026-09-29,20,2.461975567664611e-06,-29.450970689619954
put,570.0,2026-09-29,41,2.6593551181710544e-06,-65.21478558429493
put,575.0,2026-09-29,30,2.869710905985266e-06,-51.4926546529613
put,580.0,2026-09-29,48,3.0936373078092424e-06,-88.81708449742007
put,595.0,2026-09-29,5,3.852590386737452e-06,-11.521491932040673
put,600.0,2026-09-29,15,3.337492696732112e-06,-29.94314836403412
put,605.0,2026-09-29,0,6.68253469757512e-06,-0.0
put,615.0,2026-09-29,149,7.830711741073799e-06,-697.8681609219774
put,620.0,2026-09-29,95,8.472621708104883e-06,-481.4235161866678
put,625.0,2026-09-29,41,9.164478615076971e-06,-224.73851039688722
put,635.0,2026-09-29,21,1.0713958617967298e-05,-134.5721337126071
put,645.0,2026-09-29,26,2.572398518105792e-05,-400.0345277991761
put,650.0,2026-09-29,46,2.700162704501542e-05,-742.9056223685478
put,655.0,2026-09-29,55,2.986207343211148e-05,-982.3551531383656
put,660.0,2026-09-29,8,3.3090748788590265e-05,-158.3370177137534
put,665.0,2026-09-29,24,3.675131663308152e-05,-527.5577693856011
put,670.0,2026-09-29,185,4.092232803336293e-05,-4528.120127769822
put,675.0,2026-09-29,8059,6.477116474371366e-05,-312211.3891765695
put,680.0,2026-09-29,36,7.349212984420683e-05,-1582.4471463876844
put,690.0,2026-09-29,165,0.00011466869281974804,-11316.56663605842
put,695.0,2026-09-29,48,0.00013327530174269626,-3826.280380838393
put,700.0,2026-09-29,1491,0.00018105984564341067,-161467.70344160235
put,705.0,2026-09-29,962,0.0002091288259346518,-120330.25870975826
put,710.0,2026-09-29,658,0.0002756012106161717,-108465.81744910784
put,715.0,2026-09-29,2509,0.00036919141812969097,-554036.1946417985
put,718.0,2026-09-29,190,0.0004542131499918989,-51617.763497724525
put,719.0,2026-09-29,14,0.00046446583862456053,-3889.2664027718715
put,720.0,2026-09-29,3024,0.0004821722662371861,-872107.2417537913
put,721.0,2026-09-29,1,0.0005009001251927344,-299.59669582488345
put,722.0,2026-09-29,8,0.0005129144052428733,-2454.261092350457
put,723.0,2026-09-29,43,0.0005836866690147129,-15011.846297227092
put,724.0,2026-09-29,181,0.0006081760329172237,-65840.59628012987
put,725.0,2026-09-29,217,0.0006248111317113185,-81095.0547461213
put,726.0,2026-09-29,53,0.0006520448299955253,-20669.939452746443
put,727.0,2026-09-29,124,0.0007340532130594435,-54442.12999816269
put,728.0,2026-09-29,79,0.0007680193338603304,-36289.84584219491
put,729.0,2026-09-29,56,0.0007924020262542186,-26541.13454135028
put,730.0,2026-09-29,358,0.0008946934837626845,-191576.9170234114
put,731.0,2026-09-29,157,0.0009258336263485549,-86939.7689833805
put,732.0,2026-09-29,180,0.0010318491947470714,-111089.90970811043
put,733.0,2026-09-29,424,0.001070876605596955,-271575.86203640135
put,734.0,2026-09-29,65,0.0011289550657339522,-43891.04210026567
put,735.0,2026-09-29,453,0.0012450970970397989,-337355.1168073037
put,736.0,2026-09-29,841,0.0013741406532496502,-691214.8550339745
put,737.0,2026-09-29,186,0.0014351659038012899,-159661.76698150334
put,738.0,2026-09-29,56,0.001588377128253115,-53201.94758038717
put,739.0,2026-09-29,653,0.001735452905027296,-677816.1199430658
put,740.0,2026-09-29,479,0.0018226271074207759,-522178.77807524236
put,741.0,2026-09-29,645,0.001998306039722482,-770916.9503675519
put,742.0,2026-09-29,289,0.002194015551870404,-379248.1085851668
put,743.0,2026-09-29,591,0.002396660346901732,-847188.1070422331
put,744.0,2026-09-29,391,0.0026057062688263147,-609379.856630893
put,745.0,2026-09-29,995,0.0029290971297692855,-1743182.001369857
put,746.0,2026-09-29,291,0.003195915415989283,-556255.277903462
put,747.0,2026-09-29,106,0.0035567841900066293,-225501.4087127333
put,748.0,2026-09-29,2137,0.0038735095709944507,-4951024.035164411
put,749.0,2026-09-29,124,0.004300427130896668,-318947.4669446653
put,750.0,2026-09-29,973,0.004768927017908167,-2775360.4526972743
put,751.0,2026-09-29,91,0.005365305666684874,-292026.148482562
put,752.0,2026-09-29,56,0.00599553350436299,-200817.58515773888
put,753.0,2026-09-29,107,0.006616949168138689,-423474.68647656473
put,754.0,2026-09-29,332,0.0074647207800994635,-1482304.8522844613
put,755.0,2026-09-29,554,0.008372109855074748,-2774153.974465098
put,756.0,2026-09-29,659,0.009372795911236341,-3694370.555666351
put,757.0,2026-09-29,148,0.010540608317665418,-933067.945562558
put,758.0,2026-09-29,217,0.01181582860015491,-1533591.8625135315
put,759.0,2026-09-29,207,0.013294115582220328,-1645946.348822856
put,760.0,2026-09-29,516,0.014959864321445946,-4617035.7298036665
put,761.0,2026-09-29,160,0.016897368859983743,-1617055.5762229105
put,762.0,2026-09-29,124,0.018991654055221137,-1408543.7956808642
put,763.0,2026-09-29,209,0.02133923051382638,-2667539.8748282352
put,764.0,2026-09-29,101,0.023912811698620178,-1444567.6897630915
put,765.0,2026-09-29,743,0.026724867892666735,-11876548.864190416
put,766.0,2026-09-29,624,0.029729557095688433,-11095807.357136657
put,767.0,2026-09-29,147,0.03292744298436481,-2895084.340602779
put,768.0,2026-09-29,501,0.03624429725107036,-10860836.816647734
put,769.0,2026-09-29,326,0.03950884117627048,-7703671.775443774
put,770.0,2026-09-29,403,0.042792421603323194,-10314728.210236514
put,771.0,2026-09-29,80,0.04582013207372961,-2192462.645724773
put,772.0,2026-09-29,138,0.04850423525291515,-4003544.195837197
put,773.0,2026-09-29,113,0.050528990811715774,-3415111.9674298577
put,774.0,2026-09-29,227,0.05189818164465409,-7046344.5934158815
put,775.0,2026-09-29,118,0.052384792235341725,-3697201.4286856614
put,777.0,2026-09-29,3,0.04769319157096288,-85578.27332847464
put,778.0,2026-09-29,43,0.044800359727137765,-1152221.1316210858
put,780.0,2026-09-29,58,0.038411439200680665,-1332522.1973033291
call,375.0,2026-09-30,0,4.080165023389959e-05,0.0
call,380.0,2026-09-30,7,4.250233954817779e-05,177.9494932646151
call,410.0,2026-09-30,1,0.0,0.0
call,415.0,2026-09-30,73,0.0,0.0
call,420.0,2026-09-30,0,5.9184851484659604e-05,0.0
call,425.0,2026-09-30,3,6.134114033015301e-05,110.06746876319754
call,440.0,2026-09-30,0,0.0,0.0
call,450.0,2026-09-30,0,0.0,0.0
call,460.0,2026-09-30,0,0.0,0.0
call,470.0,2026-09-30,0,0.0,0.0
call,475.0,2026-09-30,0,9.667065077511066e-05,0.0
call,480.0,2026-09-30,0,0.0001005195748138035,0.0
call,485.0,2026-09-30,0,0.00010539922930733457,0.0
call,490.0,2026-09-30,1,0.00010968869335842858,65.60663183481815
call,495.0,2026-09-30,0,0.00011514127702086466,0.0
call,500.0,2026-09-30,0,0.00011994950614810715,0.0
call,505.0,2026-09-30,0,0.00012607469369853067,0.0
call,510.0,2026-09-30,1,0.0001312504134175111,78.50305521566008
call,515.0,2026-09-30,0,0.0001381550841788607,0.0
call,520.0,2026-09-30,0,0.00014401829775162906,0.0
call,525.0,2026-09-30,0,0.00015184798998745314,0.0
call,530.0,2026-09-30,0,0.0001585366017512427,0.0
call,535.0,2026-09-30,0,0.00016680783246010206,0.0
call,540.0,2026-09-30,27,0.00017445378611651496,2817.280196551221
call,545.0,2026-09-30,0,0.00018411040557032447,0.0
call,550.0,2026-09-30,0,0.00019273090106182447,0.0
call,555.0,2026-09-30,0,0.0002036516651316869,0.0
call,560.0,2026-09-30,0,0.00021342890332305865,0.0
call,565.0,2026-09-30,0,0.0002256046267038467,0.0
call,570.0,2026-09-30,0,0.0002367506679580958,0.0
call,575.0,2026-09-30,0,0.0002506765677888651,0.0
call,580.0,2026-09-30,0,0.000263768397384048,0.0
call,585.0,2026-09-30,0,0.00027982332332548656,0.0
call,590.0,2026-09-30,0,0.0002946584778083419,0.0
call,594.0,2026-09-30,4,0.0003098825143269287,741.3835430808281
call,595.0,2026-09-30,0,0.0003132894827374437,0.0
call,596.0,2026-09-30,0,0.0003167404939873769,0.0
call,597.0,2026-09-30,0,0.00031986442804419704,0.0
call,598.0,2026-09-30,0,0.0003237777841065807,0.0
call,599.0,2026-09-30,0,0.0003269830121138098,0.0
call,600.0,2026-09-30,6,0.00033061265477633286,1186.4695653342465
call,601.0,2026-09-30,0,0.0003342903321303995,0.0
call,602.0,2026-09-30,0,0.00033801692088508093,0.0
call,603.0,2026-09-30,0,0.00034463221618821646,0.0
call,604.0,2026-09-30,0,0.00034850097564330986,0.0
call,605.0,2026-09-30,0,0.00035200447122794745,0.0
call,606.0,2026-09-30,0,0.00035639682476842324,0.0
call,607.0,2026-09-30,0,0.00036042591093670616,0.0
call,608.0,2026-09-30,0,0.00036451047821319237,0.0
call,609.0,2026-09-30,0,0.0003686515896234046,0.0
call,610.0,2026-09-30,0,0.00037285033560880706,0.0
call,611.0,2026-09-30,0,0.000377107834913557,0.0
call,612.0,2026-09-30,0,0.0003828158354367377,0.0
call,613.0,2026-09-30,0,0.00038909836469520155,0.0
call,614.0,2026-09-30,0,0.0003931114218677764,0.0
call,615.0,2026-09-30,0,0.0003981449394887816,0.0
call,616.0,2026-09-30,0,0.00040276630338662885,0.0
call,617.0,2026-09-30,0,0.0004074548202533002,0.0
call,618.0,2026-09-30,0,0.00041221186177322364,0.0
call,619.0,2026-09-30,0,0.00041703883728055354,0.0
call,620.0,2026-09-30,1,0.00042246135963055754,252.68116555231947
call,621.0,2026-09-30,0,0.0004290382565202882,0.0
call,622.0,2026-09-30,0,0.0004357404587428609,0.0
call,623.0,2026-09-30,2,0.000441471744010817,528.1031852599268
call,624.0,2026-09-30,0,0.00044674100601046075,0.0
call,625.0,2026-09-30,0,0.00045209098372514506,0.0
call,626.0,2026-09-30,0,0.00045809987568914783,0.0
call,627.0,2026-09-30,0,0.0004636259048583308,0.0
call,628.0,2026-09-30,0,0.00046923825790942973,0.0
call,629.0,2026-09-30,0,0.00047554385086225417,0.0
call,630.0,2026-09-30,0,0.0004844193672967185,0.0
call,631.0,2026-09-30,1,0.000490988303865192,293.6682706359385
call,632.0,2026-09-30,0,0.0004970381282948561,0.0
call,633.0,2026-09-30,3,0.0005038320547224016,904.0509949208706
call,634.0,2026-09-30,0,0.0005100911041426833,0.0
call,635.0,2026-09-30,1,0.0005171209303878288,309.2986291957316
call,636.0,2026-09-30,0,0.0005235995301590007,0.0
call,637.0,2026-09-30,0,0.0005301862232272046,0.0
call,638.0,2026-09-30,0,0.0005396932493675561,0.0
call,639.0,2026-09-30,0,0.000548695339284403,0.0
call,640.0,2026-09-30,2,0.000555708384041555,664.756854021446
call,641.0,2026-09-30,0,0.0005635815835844237,0.0
call,642.0,2026-09-30,0,0.0005708523256640144,0.0
call,643.0,2026-09-30,0,0.0005790156265818305,0.0
call,644.0,2026-09-30,3,0.0005865576475304274,1052.4896537607115
call,645.0,2026-09-30,0,0.0005950262990200657,0.0
call,646.0,2026-09-30,0,0.0006052736809754619,0.0
call,647.0,2026-09-30,0,0.0006157486517933417,0.0
call,648.0,2026-09-30,0,0.0006247872584493268,0.0
call,649.0,2026-09-30,10,0.0006331566874038171,3787.0154536819773
call,650.0,2026-09-30,8,0.0006356174364360408,3041.386882331455
call,651.0,2026-09-30,0,0.0006450731349603715,0.0
call,652.0,2026-09-30,0,0.0006547225816033226,0.0
call,653.0,2026-09-30,0,0.0006636560308117075,0.0
call,654.0,2026-09-30,0,0.0006760235949825718,0.0
call,655.0,2026-09-30,0,0.0006886882949821929,0.0
call,656.0,2026-09-30,3,0.0006274172982296525,1125.8061637376445
call,657.0,2026-09-30,0,0.0007090362367072393,0.0
call,658.0,2026-09-30,0,0.0007200294630584846,0.0
call,659.0,2026-09-30,0,0.0007302382004456131,0.0
call,660.0,2026-09-30,1,0.0007416971424000875,443.62139674116315
call,661.0,2026-09-30,10,0.000755536305733371,4518.988305031077
call,662.0,2026-09-30,0,0.0007751335085366309,0.0
call,663.0,2026-09-30,0,0.0007820474539650405,0.0
call,664.0,2026-09-30,0,0.0007940931428562091,0.0
call,665.0,2026-09-30,1,0.000806405863086256,482.3247588159318
call,666.0,2026-09-30,1,0.0008195801415054373,490.2045138524176
call,667.0,2026-09-30,1,0.0008330624172286692,498.26848719905246
call,668.0,2026-09-30,0,0.0008517395309193008,0.0
call,669.0,2026-09-30,0,0.0008659680402896157,0.0
call,670.0,2026-09-30,21,0.0008792701618088825,11044.02826290735
call,671.0,2026-09-30,1,0.0014856713603859806,888.6047502624097
call,672.0,2026-09-30,0,0.0009094340612102996,0.0
call,673.0,2026-09-30,0,0.0009250771853990264,0.0
call,674.0,2026-09-30,1,0.0009459330747982992,565.778304750868
call,675.0,2026-09-30,20,0.0016456095812377738,19685.32920477531
call,676.0,2026-09-30,0,0.0016707021427034578,0.0
call,677.0,2026-09-30,0,0.001696374899283246,0.0
call,678.0,2026-09-30,1,0.001722419433540779,1030.207710399011
call,679.0,2026-09-30,0,0.0017495382813234415,0.0
call,680.0,2026-09-30,12,0.0017791759067308864,12769.856411819788
call,681.0,2026-09-30,0,0.0018071633509983735,0.0
call,682.0,2026-09-30,0,0.001835828506695533,0.0
call,683.0,2026-09-30,0,0.001865683917773492,0.0
call,684.0,2026-09-30,1,0.0018957834822839969,1133.8996313349603
call,685.0,2026-09-30,1,0.0019291507282137136,1153.8571360879746
call,686.0,2026-09-30,0,0.001960818869739985,0.0
call,687.0,2026-09-30,0,0.0019935529298219378,0.0
call,688.0,2026-09-30,0,0.0020271312232518837,0.0
call,689.0,2026-09-30,1,0.0020613178521039503,1232.908491084057
call,690.0,2026-09-30,17,0.0020964038692424824,21316.198365220942
call,691.0,2026-09-30,5,0.0021329732197860178,6378.83379131688
call,692.0,2026-09-30,0,0.002172199905986192,0.0
call,693.0,2026-09-30,0,0.0022102363350610353,0.0
call,694.0,2026-09-30,0,0.0022496049590575774,0.0
call,695.0,2026-09-30,15,0.0022923941457836648,20566.78598375765
call,696.0,2026-09-30,0,0.0023337356425037516,0.0
call,697.0,2026-09-30,0,0.0023762519662357466,0.0
call,698.0,2026-09-30,0,0.0024199905756262605,0.0
call,699.0,2026-09-30,0,0.0024650014003128728,0.0
call,700.0,2026-09-30,36,0.002454629249992808,52853.56486912387
call,701.0,2026-09-30,0,0.002561589751471246,0.0
call,702.0,2026-09-30,0,0.002610781878559338,0.0
call,703.0,2026-09-30,0,0.002661474299028797,0.0
call,704.0,2026-09-30,0,0.0027137318600275687,0.0
call,705.0,2026-09-30,15,0.002769633622662157,24848.459011937986
call,706.0,2026-09-30,0,0.002825259645237243,0.0
call,707.0,2026-09-30,0,0.002882668052012672,0.0
call,708.0,2026-09-30,0,0.0029415904472472375,0.0
call,709.0,2026-09-30,0,0.0030052792504339184,0.0
call,710.0,2026-09-30,32,0.003068209608058782,58724.710300689236
call,711.0,2026-09-30,0,0.0031332649647976382,0.0
call,712.0,2026-09-30,1,0.0032031140813876657,1915.835806119342
call,713.0,2026-09-30,1,0.003272764655074073,1957.494972666218
call,714.0,2026-09-30,0,0.0033448638860281822,0.0
call,715.0,2026-09-30,1,0.0034218103235863885,2046.6416659239185
call,716.0,2026-09-30,0,0.0034992069984918057,0.0
call,717.0,2026-09-30,0,0.003579052530141909,0.0
call,718.0,2026-09-30,10,0.0036646129848212287,21918.659758908143
call,719.0,2026-09-30,0,0.0037505946188206036,0.0
call,720.0,2026-09-30,29,0.0038394742324629255,66597.14849528928
call,721.0,2026-09-30,0,0.003935038896939628,0.0
call,722.0,2026-09-30,5,0.004031076651275308,12055.269949016534
call,723.0,2026-09-30,12,0.004133826256305926,29670.122849984095
call,724.0,2026-09-30,110,0.003926876365068738,258360.30721258372
call,725.0,2026-09-30,89,0.004348611500790827,231486.94094255462
call,726.0,2026-09-30,598,0.004144953957587072,1482541.2086247758
call,727.0,2026-09-30,581,0.004255857147138685,1478934.8858352024
call,728.0,2026-09-30,643,0.004351473863655426,1673528.957143892
call,729.0,2026-09-30,559,0.004519781364701183,1511176.2315224593
call,730.0,2026-09-30,5747,0.0036557828348866327,12566301.215476658
call,731.0,2026-09-30,1134,0.004798087606483827,3254371.3428697726
call,732.0,2026-09-30,878,0.004938992283861041,2593694.0315949144
call,733.0,2026-09-30,961,0.0050933239778246635,2927592.1135202725
call,734.0,2026-09-30,729,0.005280173774965205,2302298.460962202
call,735.0,2026-09-30,1771,0.005455270934863621,5778575.140248048
call,736.0,2026-09-30,721,0.00561491701226482,2421388.556741639
call,737.0,2026-09-30,593,0.005827921361436736,2067065.5807201704
call,738.0,2026-09-30,362,0.006027615965030893,1305088.6842141626
call,739.0,2026-09-30,302,0.006238839960740731,1126929.2912719655
call,740.0,2026-09-30,2418,0.006480168528629323,9371917.917935582
call,741.0,2026-09-30,582,0.006692661367671704,2329741.388249852
call,742.0,2026-09-30,1492,0.006956970373716327,6208330.895273044
call,743.0,2026-09-30,861,0.006749824883689506,3476014.1546292542
call,744.0,2026-09-30,643,0.00753565090302191,2898128.402531824
call,745.0,2026-09-30,3995,0.007847472319580747,18751346.33394802
call,746.0,2026-09-30,909,0.008171266915714837,4442619.917589027
call,747.0,2026-09-30,935,0.00852006234425426,4764751.578801896
call,748.0,2026-09-30,387,0.008889319600226969,2057620.9111596916
call,749.0,2026-09-30,499,0.009294699891120228,2774097.982349345
call,750.0,2026-09-30,5623,0.00891702074790714,29989811.75760528
call,751.0,2026-09-30,1102,0.010174651515466331,6706362.381885114
call,752.0,2026-09-30,784,0.010653916380454665,4995871.11274392
call,753.0,2026-09-30,518,0.011189802608803952,3466874.0511704255
call,754.0,2026-09-30,615,0.011764610098470126,4327514.515524046
call,755.0,2026-09-30,3623,0.012384135889889859,26836132.15907892
call,756.0,2026-09-30,1190,0.013100130775660777,9324133.256234473
call,757.0,2026-09-30,1395,0.013892413952358842,11591450.960811092
call,758.0,2026-09-30,988,0.014530160855532517,8586442.102168055
call,759.0,2026-09-30,1657,0.015344317832204184,15207435.149231816
call,760.0,2026-09-30,5181,0.016911313348762884,52405492.6488325
call,761.0,2026-09-30,6025,0.018137955594512478,65362892.786934465
call,762.0,2026-09-30,2303,0.018139879123737775,24987005.12290384
call,763.0,2026-09-30,1209,0.01913305555564261,13835552.686213246
call,764.0,2026-09-30,1626,0.020266748083186428,19710175.42334147
call,765.0,2026-09-30,4813,0.021386699818130593,61566648.777470596
call,766.0,2026-09-30,1629,0.025367993794254907,24716847.963401016
call,767.0,2026-09-30,1717,0.026042760890133645,26745036.67491446
call,768.0,2026-09-30,2235,0.026032490629243867,34799990.65287611
call,769.0,2026-09-30,3182,0.02943729599690176,56025271.41942368
call,770.0,2026-09-30,6983,0.03204375027702886,133835479.63592918
call,771.0,2026-09-30,2357,0.03219835325282763,45391979.50891246
call,772.0,2026-09-30,2619,0.03382986853232651,52993388.20096912
call,773.0,2026-09-30,2888,0.03563922843181028,61561807.31426219
call,774.0,2026-09-30,1664,0.03682520066919387,36650872.952070415
call,775.0,2026-09-30,18254,0.037152586424770435,405632718.77738786
call,776.0,2026-09-30,1070,0.03710465820282851,23746417.117607757
call,777.0,2026-09-30,3129,0.036663963028206265,68616861.30576919
call,778.0,2026-09-30,1897,0.03583012073363436,40653831.384336054
call,779.0,2026-09-30,4342,0.03460398286042517,89867319.16925591
call,780.0,2026-09-30,14795,0.033099771463285715,292904365.0059544
call,781.0,2026-09-30,2250,0.031265506882257564,42075944.26358586
call,782.0,2026-09-30,2257,0.02917481158526314,39384514.67756448
call,783.0,2026-09-30,1539,0.02696358877123871,24820023.816956956
call,784.0,2026-09-30,3652,0.024636161808974696,53813308.75404011
call,785.0,2026-09-30,7001,0.022287830958151702,93328387.4259068
call,786.0,2026-09-30,21458,0.019957238707724062,256138918.80838498
call,787.0,2026-09-30,2857,0.01768623659684117,30222580.981728908
call,788.0,2026-09-30,1469,0.015520049815334698,13636433.087303635
call,789.0,2026-09-30,2513,0.013605624926945071,20450167.14952462
call,790.0,2026-09-30,11849,0.011748978233697863,83265995.3274832
call,791.0,2026-09-30,1412,0.01016637876996579,8585920.483412579
call,792.0,2026-09-30,1723,0.008750599746617252,9017973.944323733
call,793.0,2026-09-30,1852,0.007538339022881844,8350308.613626357
call,794.0,2026-09-30,3675,0.006409085190492368,14087673.146525657
call,795.0,2026-09-30,5423,0.00561951525148462,18227383.778603844
call,796.0,2026-09-30,1355,0.004747408860124434,3847528.1881806105
call,797.0,2026-09-30,2163,0.004232186515221096,5475290.895075466
call,798.0,2026-09-30,1087,0.0036250473134931825,2356834.58462906
call,799.0,2026-09-30,6024,0.0032164913066064288,11589193.768800642
call,800.0,2026-09-30,59386,0.002833830917698549,100656977.93894343
call,801.0,2026-09-30,2657,0.002500862807832102,3974360.898406324
call,802.0,2026-09-30,2311,0.002166320364920637,2994390.9875563737
call,803.0,2026-09-30,3282,0.0020397323133811065,4004032.849717529
call,804.0,2026-09-30,741,0.0017555069273243443,778048.4370387755
call,805.0,2026-09-30,4716,0.0016464822276086061,4644262.115843526
call,806.0,2026-09-30,1254,0.0014211062771390948,1065884.074361825
call,807.0,2026-09-30,2509,0.0013407817035227976,2012077.0862668606
call,808.0,2026-09-30,671,0.0012678884447101851,508849.60654811293
call,809.0,2026-09-30,7554,0.001052346492315943,4754683.547973181
call,810.0,2026-09-30,11255,0.0010010646473749942,6738969.68869151
call,811.0,2026-09-30,1840,0.0009540919629683239,1050011.219493025
call,812.0,2026-09-30,760,0.0009109544593302505,414091.3299383343
call,813.0,2026-09-30,419,0.0007434333385014559,186312.47484789783
call,814.0,2026-09-30,3564,0.0007138693959922721,1521746.593909352
call,815.0,2026-09-30,4071,0.0006864868037269106,1671549.2411196893
call,816.0,2026-09-30,2254,0.0006462509466047272,871246.3728118766
call,817.0,2026-09-30,810,0.0006094527298975036,295264.2894538661
call,818.0,2026-09-30,295,0.0005888087620534737,103892.01251895247
call,819.0,2026-09-30,2029,0.0005695276476276162,691166.591599448
call,820.0,2026-09-30,2831,0.0004388042708369777,743013.3112756694
call,821.0,2026-09-30,759,0.00042696100797388523,193827.7123688807
call,822.0,2026-09-30,335,0.00039668654426190295,79483.7146312651
call,823.0,2026-09-30,286,0.00038696956907126036,66195.53950181392
call,824.0,2026-09-30,3732,0.0003777876547644469,843286.749294701
call,825.0,2026-09-30,42053,0.0003691002681190671,9283830.932735203
call,826.0,2026-09-30,13918,0.00034504369246295244,2872346.334534306
call,827.0,2026-09-30,298,0.0003378342142631493,60215.15019323537
call,828.0,2026-09-30,1602,0.00033098403831808713,317143.2272826408
call,829.0,2026-09-30,1398,0.0003106642851383729,259767.23930107977
call,830.0,2026-09-30,2318,0.0003049415419808718,422781.42941820575
call,831.0,2026-09-30,577,0.00021807461638811062,75260.44977446606
call,832.0,2026-09-30,892,0.0002053743806769772,109571.34691098818
call,833.0,2026-09-30,728,0.00019364308940437078,84317.79897299061
call,834.0,2026-09-30,591,0.00019176028505753893,67784.75436195653
call,835.0,2026-09-30,1070,0.00018994143922446128,121559.63326995335
call,836.0,2026-09-30,646,0.00017969047587227554,69429.40699584768
call,837.0,2026-09-30,1040,0.00017017269397491574,105854.44331338942
call,838.0,2026-09-30,976,0.00017678011972791394,103197.48669243867
call,839.0,2026-09-30,717,0.00016774765313490482,71938.51815998132
call,840.0,2026-09-30,1447,0.00015933132406370428,137897.2404798654
call,841.0,2026-09-30,889,0.0001514810387348321,80546.35920785465
call,842.0,2026-09-30,1972,0.00015744166587451018,185700.24043390606
call,843.0,2026-09-30,1304,0.00014994549244404075,116949.10036389131
call,844.0,2026-09-30,323,0.00014293123389648457,27613.124074732463
call,845.0,2026-09-30,2226,0.00013636181484402897,181553.1597321396
call,846.0,2026-09-30,1107,0.00014176266072106003,93863.19991999179
call,847.0,2026-09-30,868,0.00013545601381972672,70324.05345478009
call,848.0,2026-09-30,935,0.00012953247486742736,72439.6183024307
call,849.0,2026-09-30,861,0.00012396408868708392,63838.83054259124
call,850.0,2026-09-30,5845,0.00012888061686541706,450565.5686261093
call,851.0,2026-09-30,63,0.00012351013747357816,4654.028448574574
call,852.0,2026-09-30,736,6.980191062339043e-05,30727.767192833035
call,853.0,2026-09-30,1464,6.0855067154594954e-05,53287.298304692806
call,854.0,2026-09-30,1275,6.450610244699352e-05,49192.27023837605
call,855.0,2026-09-30,415,5.635910431576756e-05,13989.366826081612
call,856.0,2026-09-30,514,5.978395101560931e-05,18379.496569103714
call,857.0,2026-09-30,1273,5.234350093081036e-05,39854.47102674695
call,858.0,2026-09-30,1124,5.556025997578782e-05,37352.22349744925
call,859.0,2026-09-30,860,5.88144069835084e-05,30252.972513125264
call,860.0,2026-09-30,845,5.177119597106169e-05,26165.605294579505
call,865.0,2026-09-30,3829,4.801608823905354e-05,109965.89712123405
call,870.0,2026-09-30,1586,4.4907001819315215e-05,42599.364741299
call,875.0,2026-09-30,726,4.230728426272532e-05,18371.20520882323
call,880.0,2026-09-30,995,3.4171005426667533e-05,20336.05544284917
call,885.0,2026-09-30,624,3.280117460396863e-05,12242.211120804837
call,890.0,2026-09-30,625,3.163130918401092e-05,11824.507570868771
call,895.0,2026-09-30,4431,2.6419342457797375e-05,70017.98906074434
call,900.0,2026-09-30,6857,2.582549108799949e-05,105917.71846454732
put,375.0,2026-09-30,15485,4.807671569151201e-07,-4452.786583546065
put,380.0,2026-09-30,11608,6.546573792370924e-07,-4545.24550605914
put,385.0,2026-09-30,9275,6.115968926761393e-07,-3392.8531872698445
put,390.0,2026-09-30,1739,5.660898769648958e-07,-588.8041330606543
put,395.0,2026-09-30,3683,7.718742650561051e-07,-1700.333687905931
put,400.0,2026-09-30,10009,7.116934401463551e-07,-4260.587915181167
put,405.0,2026-09-30,9932,6.494466159669015e-07,-3858.033977815866
put,410.0,2026-09-30,2305,7.24704549828298e-07,-999.1203315816799
put,415.0,2026-09-30,3557,8.072865879467149e-07,-1717.5029100061915
put,420.0,2026-09-30,894,7.251286026578444e-07,-387.73806093341983
put,425.0,2026-09-30,3338,8.045971772031529e-07,-1606.3889794748675
put,430.0,2026-09-30,655,8.913389829683968e-07,-349.1966591257937
put,435.0,2026-09-30,150725,7.863902380047301e-07,-70893.96806676463
put,440.0,2026-09-30,1015,1.0888618563884038e-06,-661.0353819976906
put,445.0,2026-09-30,592,9.556928091861184e-07,-338.3965324133038
put,450.0,2026-09-30,11301,8.257552441475844e-07,-5581.540681493155
put,455.0,2026-09-30,1210,1.1545022472265685e-06,-835.5376647882792
put,460.0,2026-09-30,1325,9.914988540734945e-07,-785.7673406177938
put,465.0,2026-09-30,251,1.0840653576663586e-06,-162.74777765650057
put,470.0,2026-09-30,1831,1.1835928263194104e-06,-1296.2135219877562
put,475.0,2026-09-30,1816,9.904097344256017e-07,-1075.7630508474917
put,480.0,2026-09-30,1472,1.4050987328722357e-06,-1237.0878206928262
put,485.0,2026-09-30,710,1.1663977015626152e-06,-495.3257239908281
put,490.0,2026-09-30,1323,1.6592702392594232e-06,-1312.9943190275224
put,495.0,2026-09-30,815,1.365680238664954e-06,-665.7213927096539
put,500.0,2026-09-30,3165,1.474587285217164e-06,-2791.451446453816
put,505.0,2026-09-30,909,1.589935948120447e-06,-864.4291250878524
put,510.0,2026-09-30,637,1.7119079004412457e-06,-652.2374143170362
put,515.0,2026-09-30,1380,1.8406672290614286e-06,-1519.2884833564558
put,520.0,2026-09-30,1366,1.9763562410910605e-06,-1614.7370415360397
put,525.0,2026-09-30,935,2.1190906308548543e-06,-1185.078233118696
put,530.0,2026-09-30,976,1.6389757709124125e-06,-956.7714999191496
put,535.0,2026-09-30,301232,2.4259910187223382e-06,-437095.3366907851
put,540.0,2026-09-30,1861,1.8487740113192142e-06,-2057.86120438333
put,545.0,2026-09-30,969,2.7615281592579227e-06,-1600.5127280860631
put,550.0,2026-09-30,1528,2.0700529237636496e-06,-1891.8673504038309
put,555.0,2026-09-30,1100,3.124980831684164e-06,-2056.0133109594944
put,560.0,2026-09-30,1337,2.29952100367758e-06,-1838.8854102103626
put,565.0,2026-09-30,588,2.415910839295607e-06,-849.6579151267067
put,570.0,2026-09-30,1729,2.532437776291202e-06,-2618.904462202096
put,575.0,2026-09-30,1330,2.6482225026882875e-06,-2106.64807887856
put,580.0,2026-09-30,2518,3.3967807731063436e-06,-5115.747768087617
put,585.0,2026-09-30,1346,4.354538950213432e-06,-3505.6868416381035
put,590.0,2026-09-30,8606,4.572278879738481e-06,-23535.310513776796
put,594.0,2026-09-30,261,4.3632451749880315e-06,-681.1394017046691
put,595.0,2026-09-30,528,4.790550292779768e-06,-1512.8825217352098
put,596.0,2026-09-30,318,7.797518827767312e-06,-1483.096572234521
put,597.0,2026-09-30,20623,8.502069084718595e-06,-104872.67613223
put,598.0,2026-09-30,7024,7.682613444594006e-06,-32275.9745195908
put,599.0,2026-09-30,1150,8.38706838329243e-06,-5768.91185737607
put,600.0,2026-09-30,29390,9.149624940480314e-06,-160838.03445052338
put,601.0,2026-09-30,691,8.262156674535003e-06,-3414.7377260804124
put,602.0,2026-09-30,231,9.024730329927621e-06,-1246.9013424289503
put,603.0,2026-09-30,461,8.127227071212731e-06,-2240.9346838386855
put,604.0,2026-09-30,10320,8.889005929420489e-06,-54867.95481124288
put,605.0,2026-09-30,9851,9.715017961332416e-06,-57241.34186436948
put,606.0,2026-09-30,851,8.742327678313518e-06,-4449.820780007969
put,607.0,2026-09-30,74,9.567614676135886e-06,-423.4686604773459
put,608.0,2026-09-30,479,9.489424957762601e-06,-2718.700006658696
put,609.0,2026-09-30,252,1.7863550231802522e-05,-2692.490597838903
put,610.0,2026-09-30,1307,1.7823798486009804e-05,-13933.548387002205
put,611.0,2026-09-30,469,1.9345158800712264e-05,-5426.64011521398
put,612.0,2026-09-30,381,1.9308344903070638e-05,-4400.032686582985
put,613.0,2026-09-30,444,1.9266762263039125e-05,-5116.554303309263
put,614.0,2026-09-30,154,1.922031385473804e-05,-1770.3823657314624
put,615.0,2026-09-30,823,1.9168902745411044e-05,-9435.892148259982
put,616.0,2026-09-30,1192,2.0839683891511626e-05,-14857.757355854648
put,617.0,2026-09-30,27461,2.0791148436347325e-05,-341492.13538685767
put,618.0,2026-09-30,24856,2.073719578103562e-05,-308295.4727330119
put,619.0,2026-09-30,3033,2.0677716218949988e-05,-37511.19158143078
put,620.0,2026-09-30,3482,2.061260028517831e-05,-42928.66940119141
put,621.0,2026-09-30,514,2.244950342661799e-05,-6901.6945885673695
put,622.0,2026-09-30,954,2.2387147981777156e-05,-12774.179774588987
put,623.0,2026-09-30,610,2.231862768738664e-05,-8142.976877531255
put,624.0,2026-09-30,370,2.2243818202099864e-05,-4922.627121177686
put,625.0,2026-09-30,3083,2.2162595634166486e-05,-40867.683983751915
put,626.0,2026-09-30,511,2.4184595127996336e-05,-7391.721585960501
put,627.0,2026-09-30,524,2.410594922113442e-05,-7555.120638877859
put,628.0,2026-09-30,144,2.4020273557331773e-05,-2068.837217091348
put,629.0,2026-09-30,328,2.3927426857277386e-05,-4694.136563918277
put,630.0,2026-09-30,3630,2.3827268580666097e-05,-51732.89284451052
put,631.0,2026-09-30,147,2.6055993640813266e-05,-2290.924904317141
put,632.0,2026-09-30,232,2.595813920116399e-05,-3602.030791455248
put,633.0,2026-09-30,477,2.58522508382772e-05,-7375.689392296284
put,634.0,2026-09-30,236,2.5738167613515637e-05,-3633.084565647711
put,635.0,2026-09-30,150656,2.561572972930164e-05,-2308229.8018623604
put,636.0,2026-09-30,205,2.8075923616610207e-05,-3442.4987588673475
put,637.0,2026-09-30,511,2.7955401258083122e-05,-8544.221717582255
put,638.0,2026-09-30,25239,2.7825674606030148e-05,-420052.6461368939
put,639.0,2026-09-30,24367,2.7686559840597816e-05,-403512.4497685104
put,640.0,2026-09-30,3776,2.753787484159488e-05,-62193.97095243086
put,641.0,2026-09-30,379,3.0257950203530153e-05,-6859.059857633254
put,642.0,2026-09-30,88,3.0110642212076038e-05,-1584.8514797117084
put,643.0,2026-09-30,278,2.9952760153496115e-05,-4980.437837752185
put,644.0,2026-09-30,433,2.9784093506478237e-05,-7713.618613438893
put,645.0,2026-09-30,758,2.9604434227046874e-05,-13421.833603982244
put,646.0,2026-09-30,452,3.2617148397191545e-05,-8818.004242337414
put,647.0,2026-09-30,300,3.243813159314559e-05,-5820.535804597648
put,648.0,2026-09-30,673,3.224693037874805e-05,-12980.43728675985
put,649.0,2026-09-30,705,4.767221550803472e-05,-20102.049209053836
put,650.0,2026-09-30,3861,4.760108646127881e-05,-109926.53683590802
put,651.0,2026-09-30,444,4.9818840408118344e-05,-13230.079802512051
put,652.0,2026-09-30,219,4.974395067941277e-05,-6515.837848644005
put,653.0,2026-09-30,2466,5.208387446184676e-05,-76821.40305694324
put,654.0,2026-09-30,2255,5.2005236782138494e-05,-70142.21938840084
put,655.0,2026-09-30,739,5.191027508194109e-05,-22944.766783952167
put,656.0,2026-09-30,198,5.179847290226739e-05,-6134.342574212629
put,657.0,2026-09-30,882,5.429371875552756e-05,-28642.047006842873
put,658.0,2026-09-30,2314,5.4176058311601496e-05,-74981.93393995592
put,659.0,2026-09-30,1717,5.681335736939228e-05,-58345.400968799535
put,660.0,2026-09-30,7877,5.6689765640381816e-05,-267086.1612500381
put,661.0,2026-09-30,415,5.654642332387029e-05,-14035.862850985857
put,662.0,2026-09-30,225,5.934981142288458e-05,-7987.074595936664
put,663.0,2026-09-30,313,5.9199167885222346e-05,-11082.706162799359
put,664.0,2026-09-30,1018,6.216739496288391e-05,-37852.65324452771
put,665.0,2026-09-30,1596,6.200935541439276e-05,-59193.76758876725
put,666.0,2026-09-30,313,6.182803433105336e-05,-11574.857579807041
put,667.0,2026-09-30,431,6.498933241187251e-05,-16753.487465079295
put,668.0,2026-09-30,424,6.479894045646922e-05,-16433.105384444596
put,669.0,2026-09-30,570,6.815268933804759e-05,-23235.056493067026
put,670.0,2026-09-30,3344,8.796347832389145e-05,-175935.93043987956
put,671.0,2026-09-30,341,8.801112950887095e-05,-17950.553841458954
put,672.0,2026-09-30,659,9.256307793341759e-05,-36484.55731860274
put,673.0,2026-09-30,1743,9.262369597632527e-05,-96561.80447208785
put,674.0,2026-09-30,897,9.504648872303749e-05,-50993.45048540254
put,675.0,2026-09-30,9822,9.755151524769293e-05,-573086.0387121252
put,676.0,2026-09-30,1367,9.759664654993916e-05,-79797.50067573451
put,677.0,2026-09-30,1339,0.00010282310346760997,-82348.77895782582
put,678.0,2026-09-30,1523,0.000102884639497441,-93720.87240707567
put,679.0,2026-09-30,895,0.00010566856256434322,-56565.901646104765
put,680.0,2026-09-30,8802,0.00010855153811389791,-571482.88021632
put,681.0,2026-09-30,694,0.0001085958638952239,-45077.376695749444
put,682.0,2026-09-30,752,0.00011159261209296553,-50192.53876646471
put,683.0,2026-09-30,365,0.0001377862589715002,-30080.47239806152
put,684.0,2026-09-30,401,0.00014179698677207954,-34009.26559580312
put,685.0,2026-09-30,2227,0.0001422678916352006,-189501.64818449254
put,686.0,2026-09-30,223,0.00014646708025834083,-19535.780472137154
put,687.0,2026-09-30,1669,0.00015083148307860837,-150568.5323291593
put,688.0,2026-09-30,905,0.00015536963207041116,-84100.89074270187
put,689.0,2026-09-30,767,0.00016009060997389842,-73442.44089317364
put,690.0,2026-09-30,7203,0.00016067080390094504,-692207.4362330959
put,691.0,2026-09-30,2049,0.00019360587948637854,-237271.9390608693
put,692.0,2026-09-30,332,0.00019479143246786348,-38680.65451293514
put,693.0,2026-09-30,445,0.0002010683727898255,-53516.740376726455
put,694.0,2026-09-30,297,0.00020761781556632807,-36881.36156822305
put,695.0,2026-09-30,4113,0.00020893393954255843,-513988.71253591595
put,696.0,2026-09-30,267,0.00021586366958003115,-34472.81081970311
put,697.0,2026-09-30,3695,0.0002231052443145875,-493071.72722493904
put,698.0,2026-09-30,282,0.00022457564286840553,-37878.924450949606
put,699.0,2026-09-30,4284,0.0002648865887414439,-678727.2903330292
put,700.0,2026-09-30,23303,0.0002672564139293532,-3724996.345212826
put,701.0,2026-09-30,1191,0.00027676840890552163,-197157.88818143157
put,702.0,2026-09-30,1089,0.00028674188457533184,-186769.04327345217
put,703.0,2026-09-30,1926,0.0002894429212827995,-333430.3241740512
put,704.0,2026-09-30,655,0.00030010433172158573,-117570.79184101196
put,705.0,2026-09-30,3550,0.0003413044865999058,-724696.6094837629
put,706.0,2026-09-30,578,0.0003498060426969018,-120931.94139063083
put,707.0,2026-09-30,21244,0.00036335041635984815,-4616871.998535223
put,708.0,2026-09-30,1276,0.00036778573879052336,-280692.9071584599
put,709.0,2026-09-30,1433,0.0003823826585117423,-327740.610074803
put,710.0,2026-09-30,12916,0.0004303462339454562,-3324542.7521101474
put,711.0,2026-09-30,957,0.00044231021933305065,-253177.31542304918
put,712.0,2026-09-30,1208,0.0004547849912237274,-328593.47639366746
put,713.0,2026-09-30,960,0.00046780189948033093,-268608.09267664875
put,714.0,2026-09-30,969,0.0004813948264093857,-279004.4143928069
put,715.0,2026-09-30,6183,0.0005367033353877,-1984812.1959302314
put,716.0,2026-09-30,902,0.0005532926046449675,-298502.02527539514
put,717.0,2026-09-30,930,0.0005706789678176131,-317439.30140621663
put,718.0,2026-09-30,930,0.0005889171261009357,-327584.2490052742
put,719.0,2026-09-30,836,0.0006584041322678272,-329218.8582785375
put,720.0,2026-09-30,14669,0.0006807980782466874,-5973167.711668226
put,721.0,2026-09-30,1906,0.0007043821910565825,-803002.9532943474
put,722.0,2026-09-30,1957,0.0007686311736172236,-899693.7407378827
put,723.0,2026-09-30,1097,0.0007967417167561562,-522769.28596201673
put,724.0,2026-09-30,1383,0.0008264623906762581,-683645.8068391235
put,725.0,2026-09-30,16687,0.0009041463726556917,-9024079.014740627
put,726.0,2026-09-30,929,0.0009398015075955979,-522201.0376446808
put,727.0,2026-09-30,1170,0.001029526565224267,-720459.0451861973
put,728.0,2026-09-30,1090,0.0010724623385859643,-699188.7424175689
put,729.0,2026-09-30,1799,0.0011618283097979186,-1250140.9951786327
put,730.0,2026-09-30,29018,0.0012129519273736643,-21052173.685098607
put,731.0,2026-09-30,1849,0.0013165294161864261,-1455973.1213700795
put,732.0,2026-09-30,1791,0.001369078542125824,-1466593.7458721695
put,733.0,2026-09-30,975,0.0014799657728906566,-863062.339899236
put,734.0,2026-09-30,1812,0.0016109861087045567,-1745966.3448547819
put,735.0,2026-09-30,13549,0.0017339246439903252,-14051521.13889851
put,736.0,2026-09-30,8741,0.0018132871802658578,-9480114.668964941
put,737.0,2026-09-30,10166,0.0019568291706095423,-11898409.132404622
put,738.0,2026-09-30,1303,0.002114165394608097,-1647666.2832333285
put,739.0,2026-09-30,1806,0.0022736622479638904,-2456006.86194534
put,740.0,2026-09-30,27766,0.0024625618376227223,-40896518.97322849
put,741.0,2026-09-30,2198,0.002714975018928391,-3569270.0277164937
put,742.0,2026-09-30,1646,0.0029151692178168297,-2869984.025541799
put,743.0,2026-09-30,1930,0.003202127819074285,-3696424.5990166445
put,744.0,2026-09-30,1913,0.003439794366050683,-3935802.7964507635
put,745.0,2026-09-30,23023,0.003767519919000407,-51880404.045102045
put,746.0,2026-09-30,1981,0.004110595349327251,-4870517.197851243
put,747.0,2026-09-30,3030,0.004480250441226139,-8119528.281756468
put,748.0,2026-09-30,1532,0.004890287877339084,-4481042.572171694
put,749.0,2026-09-30,1417,0.005392020814616386,-4569906.235272832
put,750.0,2026-09-30,22992,0.005924965656330425,-81479521.00035045
put,751.0,2026-09-30,1464,0.006504875158354332,-5695946.766724429
put,752.0,2026-09-30,5449,0.0072022848195827695,-23473236.739313368
put,753.0,2026-09-30,2412,0.007936169802354367,-11449173.428523792
put,754.0,2026-09-30,6492,0.008739024153592177,-33933396.36089348
put,755.0,2026-09-30,18351,0.009660753442421309,-106036799.9160866
put,756.0,2026-09-30,2534,0.010704592045359895,-16224174.56587179
put,757.0,2026-09-30,7236,0.01183308801188534,-51213272.98322275
put,758.0,2026-09-30,2356,0.01314016947934298,-18516637.817308526
put,759.0,2026-09-30,1655,0.014537895514255866,-14390816.001599986
put,760.0,2026-09-30,12843,0.01607932332354491,-123515121.45308398
put,761.0,2026-09-30,56033,0.01776565454422827,-595402929.5880575
put,762.0,2026-09-30,1746,0.01960001029819779,-20468518.88655483
put,763.0,2026-09-30,1782,0.021593167486969822,-23014944.51189935
put,764.0,2026-09-30,1624,0.023733429441230927,-23053262.824485373
put,765.0,2026-09-30,7277,0.025992105175307784,-113130500.81581149
put,766.0,2026-09-30,2320,0.02837687204825145,-39376615.59284807
put,767.0,2026-09-30,2807,0.030815990682857786,-51737379.25693541
put,768.0,2026-09-30,1214,0.03331391245928731,-24189684.61241513
put,769.0,2026-09-30,1862,0.035703501312720966,-39762745.51049272
put,770.0,2026-09-30,7950,0.0380678433216852,-181013631.3544433
put,771.0,2026-09-30,1258,0.04027868153929511,-30306917.47194931
put,772.0,2026-09-30,1464,0.04208073296300149,-36847688.69916967
put,773.0,2026-09-30,673,0.04359532261347964,-17548533.907998774
put,774.0,2026-09-30,623,0.04463663361043182,-16632799.772068322
put,775.0,2026-09-30,12310,0.04516516506640317,-332542788.2206107
put,776.0,2026-09-30,719,0.04464014030807681,-19197307.456717137
put,777.0,2026-09-30,325,0.0427235033848124,-8304932.333664493
put,778.0,2026-09-30,321,0.04075444546058316,-7824667.641568759
put,779.0,2026-09-30,121,0.0373315494537597,-2701763.0956071406
put,780.0,2026-09-30,333,0.03695604758834917,-7360640.895702446
put,781.0,2026-09-30,25,0.031438242104247956,-470093.38704753236
put,782.0,2026-09-30,60,0.02853013688776931,-1023860.9630674486
put,783.0,2026-09-30,7,0.026104825530215956,-109296.11226688996
put,784.0,2026-09-30,7,0.024221075429891107,-101409.19640876407
put,785.0,2026-09-30,30,0.022230610940223945,-398894.9442544204
put,786.0,2026-09-30,7,0.020556483337975544,-86066.22205228895
put,787.0,2026-09-30,5,0.018996298606479185,-56810.010710360206
put,788.0,2026-09-30,15,0.017566449716079374,-157601.7860931755
put,789.0,2026-09-30,0,0.01627801708331748,-0.0
put,790.0,2026-09-30,1,0.015119875094739537,-9043.44876720869
put,791.0,2026-09-30,0,0.014082226943666253,-0.0
put,792.0,2026-09-30,1,0.01318126618404399,-7883.93453487029
put,793.0,2026-09-30,0,0.012383874308269005,-0.0
put,794.0,2026-09-30,1,0.011645574270161258,-6965.411659622
put,795.0,2026-09-30,0,0.010994789183687292,-0.0
put,796.0,2026-09-30,0,0.010401990731778499,-0.0
put,797.0,2026-09-30,0,0.009859896071426639,-0.0
put,798.0,2026-09-30,0,0.010157263798739572,-0.0
put,799.0,2026-09-30,0,0.009710652054731468,-0.0
put,800.0,2026-09-30,26,0.009297218472511476,-144581.34598194284
put,802.0,2026-09-30,0,0.008553579179007911,-0.0
put,804.0,2026-09-30,0,0.006766565972001423,-0.0
put,805.0,2026-09-30,1,0.007579652989004203,-4533.516517152189
put,806.0,2026-09-30,0,0.007337799130711538,-0.0
put,808.0,2026-09-30,0,0.006834464781301499,-0.0
put,809.0,2026-09-30,0,0.006992071984168389,-0.0
put,810.0,2026-09-30,11,0.006328316638058706,-41635.78576833378
put,812.0,2026-09-30,0,0.0059886406549769225,-0.0
put,815.0,2026-09-30,0,0.005462390429220367,-0.0
put,820.0,2026-09-30,0,0.004689092682788176,-0.0
put,823.0,2026-09-30,0,0.004301200009662996,-0.0
put,825.0,2026-09-30,2,0.004088251427981297,-4890.502349358664
put,828.0,2026-09-30,0,0.003801153227626121,-0.0
put,845.0,2026-09-30,0,0.00269172942302122,-0.0
put,850.0,2026-09-30,1,0.0024369597511105,-1457.5861585381103
put,855.0,2026-09-30,0,0.0024991639818345863,-0.0
put,870.0,2026-09-30,0,0.0017838567426315653,-0.0
put,885.0,2026-09-30,0,0.0014497875043059936,-0.0
put,895.0,2026-09-30,0,0.0013044910698193147,-0.0
put,900.0,2026-09-30,0,0.0021805576910465915,-0.0
