tipo,strike,vencimiento,oi,gamma,gex_contrib
call,490.0,2026-09-25,3.0,0.0,0.0
call,500.0,2026-09-25,11.0,0.0,0.0
call,505.0,2026-09-25,0.0,0.0,0.0
call,510.0,2026-09-25,5.0,0.0,0.0
call,515.0,2026-09-25,0.0,0.0,0.0
call,520.0,2026-09-25,0.0,0.0,0.0
call,525.0,2026-09-25,0.0,0.0,0.0
call,535.0,2026-09-25,0.0,0.0,0.0
call,540.0,2026-09-25,2.0,0.0,0.0
call,545.0,2026-09-25,0.0,0.0,0.0
call,555.0,2026-09-25,2.0,0.0,0.0
call,565.0,2026-09-25,2.0,0.0,0.0
call,570.0,2026-09-25,0.0,0.0,0.0
call,575.0,2026-09-25,0.0,0.0,0.0
call,580.0,2026-09-25,4.0,0.0,0.0
call,585.0,2026-09-25,1.0,0.0,0.0
call,590.0,2026-09-25,4.0,0.0,0.0
call,595.0,2026-09-25,3.0,0.0,0.0
call,600.0,2026-09-25,6.0,0.0,0.0
call,605.0,2026-09-25,2.0,0.0,0.0
call,610.0,2026-09-25,9.0,0.0,0.0
call,615.0,2026-09-25,0.0,0.0,0.0
call,620.0,2026-09-25,32.0,0.0,0.0
call,625.0,2026-09-25,1.0,0.0,0.0
call,630.0,2026-09-25,10.0,0.0,0.0
call,635.0,2026-09-25,0.0,0.0,0.0
call,640.0,2026-09-25,1.0,0.0,0.0
call,645.0,2026-09-25,3.0,0.0,0.0
call,650.0,2026-09-25,53.0,0.0,0.0
call,655.0,2026-09-25,4.0,0.0,0.0
call,660.0,2026-09-25,0.0,0.0,0.0
call,665.0,2026-09-25,50.0,0.0,0.0
call,667.0,2026-09-25,0.0,0.0,0.0
call,668.0,2026-09-25,0.0,0.0,0.0
call,669.0,2026-09-25,0.0,0.0,0.0
call,670.0,2026-09-25,19.0,0.0,0.0
call,671.0,2026-09-25,0.0,0.0,0.0
call,672.0,2026-09-25,3.0,0.0,0.0
call,673.0,2026-09-25,5.0,0.0,0.0
call,674.0,2026-09-25,1.0,0.0,0.0
call,675.0,2026-09-25,45.0,0.0,0.0
call,676.0,2026-09-25,0.0,0.0,0.0
call,677.0,2026-09-25,15.0,0.0,0.0
call,678.0,2026-09-25,0.0,0.0,0.0
call,679.0,2026-09-25,0.0,0.0,0.0
call,680.0,2026-09-25,12.0,0.0,0.0
call,681.0,2026-09-25,0.0,0.0,0.0
call,682.0,2026-09-25,2.0,0.0,0.0
call,683.0,2026-09-25,11.0,0.0,0.0
call,684.0,2026-09-25,3.0,0.0,0.0
call,685.0,2026-09-25,38.0,0.0,0.0
call,686.0,2026-09-25,2.0,0.0,0.0
call,687.0,2026-09-25,9.0,0.0,0.0
call,688.0,2026-09-25,5.0,0.0,0.0
call,689.0,2026-09-25,43.0,0.0,0.0
call,690.0,2026-09-25,163.0,0.0,0.0
call,691.0,2026-09-25,45.0,0.0,0.0
call,692.0,2026-09-25,20.0,0.0,0.0
call,693.0,2026-09-25,4.0,0.0,0.0
call,694.0,2026-09-25,29.0,0.0,0.0
call,695.0,2026-09-25,226.0,0.0,0.0
call,696.0,2026-09-25,9.0,0.0,0.0
call,697.0,2026-09-25,83.0,0.0,0.0
call,698.0,2026-09-25,82.0,0.0,0.0
call,699.0,2026-09-25,110.0,0.0,0.0
call,700.0,2026-09-25,991.0,0.0,0.0
call,701.0,2026-09-25,58.0,0.0,0.0
call,702.0,2026-09-25,309.0,0.0,0.0
call,703.0,2026-09-25,184.0,0.0,0.0
call,704.0,2026-09-25,329.0,0.0,0.0
call,705.0,2026-09-25,1155.0,0.0,0.0
call,706.0,2026-09-25,385.0,0.0,0.0
call,707.0,2026-09-25,389.0,0.0,0.0
call,708.0,2026-09-25,492.0,0.0,0.0
call,709.0,2026-09-25,512.0,0.0,0.0
call,710.0,2026-09-25,2063.0,0.0,0.0
call,711.0,2026-09-25,1734.0,0.0,0.0
call,712.0,2026-09-25,1075.0,0.0,0.0
call,713.0,2026-09-25,395.0,0.0,0.0
call,714.0,2026-09-25,447.0,0.0,0.0
call,715.0,2026-09-25,3002.0,0.0,0.0
call,716.0,2026-09-25,927.0,0.0,0.0
call,717.0,2026-09-25,1304.0,0.0,0.0
call,718.0,2026-09-25,2260.0,0.0,0.0
call,719.0,2026-09-25,2438.0,0.0,0.0
call,720.0,2026-09-25,4723.0,0.0,0.0
call,721.0,2026-09-25,1522.0,0.0,0.0
call,722.0,2026-09-25,1832.0,0.0,0.0
call,723.0,2026-09-25,1496.0,0.0,0.0
call,724.0,2026-09-25,1492.0,0.0,0.0
call,725.0,2026-09-25,3354.0,0.0,0.0
call,726.0,2026-09-25,1972.0,0.0,0.0
call,727.0,2026-09-25,1303.0,0.0,0.0
call,728.0,2026-09-25,1967.0,0.0,0.0
call,729.0,2026-09-25,6528.0,0.0,0.0
call,730.0,2026-09-25,5596.0,0.0,0.0
call,731.0,2026-09-25,1903.0,0.0,0.0
call,732.0,2026-09-25,1712.0,0.0,0.0
call,733.0,2026-09-25,1245.0,0.0,0.0
call,734.0,2026-09-25,2111.0,0.0,0.0
call,735.0,2026-09-25,5615.0,0.0,0.0
call,736.0,2026-09-25,2008.0,0.0,0.0
call,737.0,2026-09-25,2086.0,0.0,0.0
call,738.0,2026-09-25,1446.0,0.0,0.0
call,739.0,2026-09-25,2862.0,0.0,0.0
call,740.0,2026-09-25,6854.0,0.0,0.0
call,741.0,2026-09-25,3978.0,0.0,0.0
call,742.0,2026-09-25,2469.0,0.0,0.0
call,743.0,2026-09-25,2791.0,0.0,0.0
call,744.0,2026-09-25,3834.0,0.0,0.0
call,745.0,2026-09-25,11725.0,0.0,0.0
call,746.0,2026-09-25,9191.0,0.0,0.0
call,747.0,2026-09-25,3616.0,0.0,0.0
call,748.0,2026-09-25,6996.0,0.0,0.0
call,749.0,2026-09-25,2258.0,0.0,0.0
call,750.0,2026-09-25,13050.0,0.0,0.0
call,751.0,2026-09-25,2398.0,0.0,0.0
call,752.0,2026-09-25,2692.0,0.0,0.0
call,753.0,2026-09-25,3820.0,0.0,0.0
call,754.0,2026-09-25,10932.0,0.0,0.0
call,755.0,2026-09-25,20285.0,0.0,0.0
call,756.0,2026-09-25,3145.0,0.0,0.0
call,757.0,2026-09-25,1985.0,0.0,0.0
call,758.0,2026-09-25,2937.0,0.0,0.0
call,759.0,2026-09-25,903.0,0.0,0.0
call,760.0,2026-09-25,8547.0,0.0,0.0
call,761.0,2026-09-25,1842.0,0.0,0.0
call,762.0,2026-09-25,1027.0,0.0,0.0
call,763.0,2026-09-25,820.0,0.0,0.0
call,764.0,2026-09-25,456.0,0.0,0.0
call,765.0,2026-09-25,4411.0,0.0,0.0
call,766.0,2026-09-25,457.0,0.0,0.0
call,767.0,2026-09-25,179.0,0.0,0.0
call,768.0,2026-09-25,778.0,0.0,0.0
call,769.0,2026-09-25,123.0,0.0,0.0
call,770.0,2026-09-25,7666.0,0.0,0.0
call,771.0,2026-09-25,88.0,0.0,0.0
call,772.0,2026-09-25,25.0,0.0,0.0
call,773.0,2026-09-25,766.0,0.0,0.0
call,774.0,2026-09-25,1115.0,0.0,0.0
call,775.0,2026-09-25,1927.0,0.0,0.0
call,780.0,2026-09-25,1667.0,0.0,0.0
call,785.0,2026-09-25,546.0,0.0,0.0
call,790.0,2026-09-25,757.0,0.0,0.0
call,795.0,2026-09-25,799.0,0.0,0.0
call,800.0,2026-09-25,1377.0,0.0,0.0
call,805.0,2026-09-25,638.0,0.0,0.0
call,810.0,2026-09-25,355.0,0.0,0.0
call,815.0,2026-09-25,667.0,0.0,0.0
call,820.0,2026-09-25,777.0,0.0,0.0
call,825.0,2026-09-25,167.0,0.0,0.0
call,830.0,2026-09-25,166.0,0.0,0.0
call,835.0,2026-09-25,30.0,0.0,0.0
call,840.0,2026-09-25,25.0,0.0,0.0
call,845.0,2026-09-25,42.0,0.0,0.0
call,850.0,2026-09-25,68.0,0.0,0.0
call,860.0,2026-09-25,22.0,0.0,0.0
call,870.0,2026-09-25,11.0,0.0,0.0
call,880.0,2026-09-25,363.0,0.0,0.0
call,885.0,2026-09-25,107.0,0.0,0.0
call,890.0,2026-09-25,80.0,0.0,0.0
call,895.0,2026-09-25,222.0,0.0,0.0
call,900.0,2026-09-25,32.0,0.0,0.0
call,905.0,2026-09-25,0.0,0.0,0.0
call,910.0,2026-09-25,0.0,0.0,0.0
call,915.0,2026-09-25,0.0,0.0,0.0
call,920.0,2026-09-25,0.0,0.0,0.0
call,925.0,2026-09-25,0.0,0.0,0.0
call,930.0,2026-09-25,0.0,0.0,0.0
call,935.0,2026-09-25,40.0,0.0,0.0
call,950.0,2026-09-25,58.0,0.0,0.0
put,450.0,2026-09-25,1311.0,0.0,-0.0
put,455.0,2026-09-25,374.0,0.0,-0.0
put,460.0,2026-09-25,469.0,0.0,-0.0
put,465.0,2026-09-25,387.0,0.0,-0.0
put,470.0,2026-09-25,237.0,0.0,-0.0
put,475.0,2026-09-25,170.0,0.0,-0.0
put,480.0,2026-09-25,355.0,0.0,-0.0
put,485.0,2026-09-25,13224.0,0.0,-0.0
put,490.0,2026-09-25,1034.0,0.0,-0.0
put,495.0,2026-09-25,557.0,0.0,-0.0
put,500.0,2026-09-25,181.0,0.0,-0.0
put,505.0,2026-09-25,152.0,0.0,-0.0
put,510.0,2026-09-25,52.0,0.0,-0.0
put,515.0,2026-09-25,1107.0,0.0,-0.0
put,520.0,2026-09-25,374.0,0.0,-0.0
put,525.0,2026-09-25,195.0,0.0,-0.0
put,530.0,2026-09-25,437.0,0.0,-0.0
put,535.0,2026-09-25,1491.0,0.0,-0.0
put,540.0,2026-09-25,682.0,0.0,-0.0
put,545.0,2026-09-25,749.0,0.0,-0.0
put,550.0,2026-09-25,1110.0,0.0,-0.0
put,555.0,2026-09-25,1741.0,0.0,-0.0
put,560.0,2026-09-25,3851.0,0.0,-0.0
put,565.0,2026-09-25,661.0,0.0,-0.0
put,570.0,2026-09-25,1277.0,0.0,-0.0
put,575.0,2026-09-25,739.0,0.0,-0.0
put,580.0,2026-09-25,762.0,0.0,-0.0
put,585.0,2026-09-25,2841.0,0.0,-0.0
put,590.0,2026-09-25,2137.0,0.0,-0.0
put,595.0,2026-09-25,2035.0,0.0,-0.0
put,600.0,2026-09-25,4070.0,0.0,-0.0
put,605.0,2026-09-25,1835.0,0.0,-0.0
put,610.0,2026-09-25,1466.0,0.0,-0.0
put,615.0,2026-09-25,789.0,0.0,-0.0
put,620.0,2026-09-25,1707.0,0.0,-0.0
put,625.0,2026-09-25,872.0,0.0,-0.0
put,630.0,2026-09-25,3008.0,0.0,-0.0
put,635.0,2026-09-25,15796.0,0.0,-0.0
put,640.0,2026-09-25,1773.0,0.0,-0.0
put,645.0,2026-09-25,4245.0,0.0,-0.0
put,650.0,2026-09-25,10432.0,0.0,-0.0
put,655.0,2026-09-25,5692.0,0.0,-0.0
put,660.0,2026-09-25,3238.0,0.0,-0.0
put,665.0,2026-09-25,38084.0,0.0,-0.0
put,667.0,2026-09-25,2133.0,0.0,-0.0
put,668.0,2026-09-25,2052.0,0.0,-0.0
put,669.0,2026-09-25,717.0,0.0,-0.0
put,670.0,2026-09-25,5871.0,0.0,-0.0
put,671.0,2026-09-25,1410.0,0.0,-0.0
put,672.0,2026-09-25,465.0,0.0,-0.0
put,673.0,2026-09-25,543.0,0.0,-0.0
put,674.0,2026-09-25,822.0,0.0,-0.0
put,675.0,2026-09-25,3173.0,0.0,-0.0
put,676.0,2026-09-25,485.0,0.0,-0.0
put,677.0,2026-09-25,779.0,0.0,-0.0
put,678.0,2026-09-25,905.0,0.0,-0.0
put,679.0,2026-09-25,683.0,0.0,-0.0
put,680.0,2026-09-25,3626.0,0.0,-0.0
put,681.0,2026-09-25,1093.0,0.0,-0.0
put,682.0,2026-09-25,1018.0,0.0,-0.0
put,683.0,2026-09-25,2787.0,0.0,-0.0
put,684.0,2026-09-25,491.0,0.0,-0.0
put,685.0,2026-09-25,2779.0,0.0,-0.0
put,686.0,2026-09-25,1001.0,0.0,-0.0
put,687.0,2026-09-25,1328.0,0.0,-0.0
put,688.0,2026-09-25,1949.0,0.0,-0.0
put,689.0,2026-09-25,1692.0,0.0,-0.0
put,690.0,2026-09-25,85120.0,0.0,-0.0
put,691.0,2026-09-25,1365.0,0.0,-0.0
put,692.0,2026-09-25,1106.0,0.0,-0.0
put,693.0,2026-09-25,2931.0,0.0,-0.0
put,694.0,2026-09-25,1385.0,0.0,-0.0
put,695.0,2026-09-25,4992.0,0.0,-0.0
put,696.0,2026-09-25,1842.0,0.0,-0.0
put,697.0,2026-09-25,1268.0,0.0,-0.0
put,698.0,2026-09-25,1436.0,0.0,-0.0
put,699.0,2026-09-25,1212.0,0.0,-0.0
put,700.0,2026-09-25,18818.0,0.0,-0.0
put,701.0,2026-09-25,1663.0,0.0,-0.0
put,702.0,2026-09-25,2341.0,0.0,-0.0
put,703.0,2026-09-25,1708.0,0.0,-0.0
put,704.0,2026-09-25,4245.0,0.0,-0.0
put,705.0,2026-09-25,32849.0,0.0,-0.0
put,706.0,2026-09-25,1542.0,0.0,-0.0
put,707.0,2026-09-25,2133.0,0.0,-0.0
put,708.0,2026-09-25,1775.0,0.0,-0.0
put,709.0,2026-09-25,1889.0,0.0,-0.0
put,710.0,2026-09-25,10286.0,0.0,-0.0
put,711.0,2026-09-25,2394.0,0.0,-0.0
put,712.0,2026-09-25,3169.0,0.0,-0.0
put,713.0,2026-09-25,1887.0,0.0,-0.0
put,714.0,2026-09-25,4209.0,0.0,-0.0
put,715.0,2026-09-25,5786.0,0.0,-0.0
put,716.0,2026-09-25,3094.0,0.0,-0.0
put,717.0,2026-09-25,2772.0,0.0,-0.0
put,718.0,2026-09-25,13145.0,0.0,-0.0
put,719.0,2026-09-25,7917.0,0.0,-0.0
put,720.0,2026-09-25,11041.0,0.0,-0.0
put,721.0,2026-09-25,4768.0,0.0,-0.0
put,722.0,2026-09-25,8849.0,0.0,-0.0
put,723.0,2026-09-25,1844.0,0.0,-0.0
put,724.0,2026-09-25,2236.0,0.0,-0.0
put,725.0,2026-09-25,12285.0,0.0,-0.0
put,726.0,2026-09-25,2043.0,0.0,-0.0
put,727.0,2026-09-25,1626.0,0.0,-0.0
put,728.0,2026-09-25,2830.0,0.0,-0.0
put,729.0,2026-09-25,3413.0,0.0,-0.0
put,730.0,2026-09-25,16135.0,0.0,-0.0
put,731.0,2026-09-25,2017.0,0.0,-0.0
put,732.0,2026-09-25,3408.0,0.0,-0.0
put,733.0,2026-09-25,7183.0,0.0,-0.0
put,734.0,2026-09-25,5532.0,0.0,-0.0
put,735.0,2026-09-25,8289.0,0.0,-0.0
put,736.0,2026-09-25,22084.0,0.0,-0.0
put,737.0,2026-09-25,2875.0,0.0,-0.0
put,738.0,2026-09-25,3355.0,0.0,-0.0
put,739.0,2026-09-25,3108.0,0.0,-0.0
put,740.0,2026-09-25,8723.0,0.0,-0.0
put,741.0,2026-09-25,1895.0,0.0,-0.0
put,742.0,2026-09-25,2713.0,0.0,-0.0
put,743.0,2026-09-25,2156.0,0.0,-0.0
put,744.0,2026-09-25,2134.0,0.0,-0.0
put,745.0,2026-09-25,3819.0,0.0,-0.0
put,746.0,2026-09-25,1502.0,0.0,-0.0
put,747.0,2026-09-25,1263.0,0.0,-0.0
put,748.0,2026-09-25,693.0,0.0,-0.0
put,749.0,2026-09-25,741.0,0.0,-0.0
put,750.0,2026-09-25,3068.0,0.0,-0.0
put,751.0,2026-09-25,283.0,0.0,-0.0
put,752.0,2026-09-25,146.0,0.0,-0.0
put,753.0,2026-09-25,147.0,0.0,-0.0
put,754.0,2026-09-25,45.0,0.0,-0.0
put,755.0,2026-09-25,120.0,0.0,-0.0
put,756.0,2026-09-25,166.0,0.0,-0.0
put,757.0,2026-09-25,17.0,0.0,-0.0
put,758.0,2026-09-25,15.0,0.0,-0.0
put,759.0,2026-09-25,3.0,0.0,-0.0
put,760.0,2026-09-25,10.0,0.0,-0.0
put,761.0,2026-09-25,0.0,0.0,-0.0
put,762.0,2026-09-25,0.0,0.0,-0.0
put,763.0,2026-09-25,0.0,0.0,-0.0
put,764.0,2026-09-25,0.0,0.0,-0.0
put,765.0,2026-09-25,0.0,0.0,-0.0
put,766.0,2026-09-25,0.0,0.0,-0.0
put,767.0,2026-09-25,0.0,0.0,-0.0
put,768.0,2026-09-25,0.0,0.0,-0.0
put,769.0,2026-09-25,0.0,0.0,-0.0
put,770.0,2026-09-25,0.0,0.0,-0.0
put,771.0,2026-09-25,0.0,0.0,-0.0
put,774.0,2026-09-25,0.0,0.0,-0.0
put,775.0,2026-09-25,0.0,0.0,-0.0
put,780.0,2026-09-25,0.0,0.0,-0.0
put,785.0,2026-09-25,0.0,0.0,-0.0
put,790.0,2026-09-25,4.0,0.0,-0.0
put,795.0,2026-09-25,0.0,0.0,-0.0
put,800.0,2026-09-25,2.0,0.0,-0.0
put,805.0,2026-09-25,0.0,0.0,-0.0
put,820.0,2026-09-25,0.0,0.0,-0.0
put,930.0,2026-09-25,0.0,0.0,-0.0
call,665.0,2026-09-28,0.0,0.0008720163217357866,0.0
call,670.0,2026-09-28,0.0,0.0009981586487403246,0.0
call,680.0,2026-09-28,2.0,0.0013377290849326197,1469.439680207603
call,684.0,2026-09-28,15.0,0.0015213362233938213,12533.433556006557
call,685.0,2026-09-28,3.0,0.0015828306296481708,2608.010277024992
call,690.0,2026-09-28,16.0,0.001861595187364168,16359.078187698673
call,692.0,2026-09-28,18.0,0.0020092548560087385,19863.744921835136
call,694.0,2026-09-28,1.0,0.002191630634325825,1203.7074825950797
call,695.0,2026-09-28,93.0,0.0022546742516900363,115164.95751210419
call,696.0,2026-09-28,1.0,0.0023580428824542506,1295.1059441470984
call,697.0,2026-09-28,37.0,0.0024293582973259576,49368.1546698783
call,698.0,2026-09-28,1.0,0.002542422166354962,1396.3724259122066
call,699.0,2026-09-28,36.0,0.002662983442362412,52653.17505339638
call,700.0,2026-09-28,136.0,0.002772464533120259,207089.70307358183
call,701.0,2026-09-28,71.0,0.0029063379973463307,113333.43881447209
call,702.0,2026-09-28,18.0,0.0030315868786888254,29970.64722106875
call,703.0,2026-09-28,15.0,0.003203017125837914,26387.856746015637
call,704.0,2026-09-28,48.0,0.0033218097118630895,87572.87057338316
call,705.0,2026-09-28,1044.0,0.003496619147544916,2004944.8363505239
call,706.0,2026-09-28,40.0,0.003681154982874508,80871.90839694125
call,707.0,2026-09-28,50.0,0.003876247774177541,106447.41812539301
call,708.0,2026-09-28,53.0,0.004090686369730039,119076.38764437471
call,709.0,2026-09-28,110.0,0.004318415907928163,260898.0001423798
call,710.0,2026-09-28,198.0,0.0045607108596383205,495965.34057337896
call,711.0,2026-09-28,35.0,0.004823528257848293,92722.78539733926
call,712.0,2026-09-28,58.0,0.005132711111042969,163504.0116106003
call,713.0,2026-09-28,49.0,0.005440015115146434,146402.9353540105
call,714.0,2026-09-28,136.0,0.005806187078343218,433694.11715811084
call,715.0,2026-09-28,746.0,0.006195825895458607,2538584.539890539
call,716.0,2026-09-28,194.0,0.0066503501471420175,708597.8654757185
call,717.0,2026-09-28,298.0,0.007142857252086549,1169073.5449948676
call,718.0,2026-09-28,163.0,0.007672028231372038,686833.3814993924
call,719.0,2026-09-28,295.0,0.008254658230814085,1337441.2404656785
call,720.0,2026-09-28,1499.0,0.008946048370776076,7365232.702609546
call,721.0,2026-09-28,191.0,0.009669212701241277,1014327.2173359395
call,722.0,2026-09-28,340.0,0.010510445066357108,1962698.6404704654
call,723.0,2026-09-28,213.0,0.011423074067358357,1336337.6184066075
call,724.0,2026-09-28,62.0,0.0124609563049771,424323.0856511215
call,725.0,2026-09-28,651.0,0.013559946981985194,4848334.529093554
call,726.0,2026-09-28,97.0,0.015019499910930146,800167.3101356607
call,727.0,2026-09-28,186.0,0.016312135876913245,1666392.769410705
call,728.0,2026-09-28,257.0,0.017693387450951094,2497455.2149134367
call,729.0,2026-09-28,455.0,0.011944898645942413,2985021.5006414866
call,730.0,2026-09-28,1228.0,0.015284585401457256,10308740.980488153
call,731.0,2026-09-28,386.0,0.019410207537872377,4115011.768335476
call,732.0,2026-09-28,533.0,0.023746071578816214,6951404.801334575
call,733.0,2026-09-28,178.0,0.028124819971364373,2749560.9513014923
call,734.0,2026-09-28,139.0,0.032457763249327434,2477918.318563355
call,735.0,2026-09-28,1004.0,0.0372388230922329,20534458.63289624
call,736.0,2026-09-28,615.0,0.04172493169914059,14093678.105193792
call,737.0,2026-09-28,256.0,0.045752999069105765,6432993.76082272
call,738.0,2026-09-28,494.0,0.049131803376958154,13330402.16968631
call,739.0,2026-09-28,862.0,0.05171773538576744,24485014.384743866
call,740.0,2026-09-28,1555.0,0.05340648070890802,45611877.76424058
call,741.0,2026-09-28,953.0,0.054289245428079065,28415827.25499018
call,742.0,2026-09-28,876.0,0.054169227247188964,26062156.25612917
call,743.0,2026-09-28,564.0,0.05311675381171849,16453724.737778502
call,744.0,2026-09-28,586.0,0.05100511207429721,16415908.40099042
call,745.0,2026-09-28,1733.0,0.04821259983738207,45889435.12975555
call,746.0,2026-09-28,811.0,0.04465214061561625,19889173.480746996
call,747.0,2026-09-28,549.0,0.04067174720582414,12263622.453357559
call,748.0,2026-09-28,675.0,0.0364001979364212,13494634.181505663
call,749.0,2026-09-28,602.0,0.032054017478816796,10598210.92545057
call,750.0,2026-09-28,3213.0,0.02778636394262426,49033855.539011315
call,751.0,2026-09-28,647.0,0.023702125450771303,8422580.509980982
call,752.0,2026-09-28,370.0,0.019966106578953483,4057408.2416332676
call,753.0,2026-09-28,464.0,0.0166002612264083,4230449.359929212
call,754.0,2026-09-28,1335.0,0.013679762848389595,10030288.670992397
call,755.0,2026-09-28,3487.0,0.011256187485866166,21557423.990840588
call,756.0,2026-09-28,574.0,0.009009856504496042,2840425.2493377062
call,757.0,2026-09-28,2101.0,0.007454152679552318,8601574.085224746
call,758.0,2026-09-28,526.0,0.005880748331309623,1698916.115937749
call,759.0,2026-09-28,237.0,0.004806245058275913,625616.0105929711
call,760.0,2026-09-28,2349.0,0.0038292762686980898,4940299.916956065
call,761.0,2026-09-28,1897.0,0.0031486465770418685,3280536.2747903247
call,762.0,2026-09-28,231.0,0.0025434855753644664,322696.9471488661
call,763.0,2026-09-28,223.0,0.00218009387303981,267013.7679497817
call,764.0,2026-09-28,276.0,0.0018210844277532074,276053.1840130573
call,765.0,2026-09-28,3227.0,0.0015579713740245008,2761290.107783352
call,766.0,2026-09-28,253.0,0.0012813108712218422,178044.52773344796
call,767.0,2026-09-28,144.0,0.001179669846678197,93298.90971797818
call,768.0,2026-09-28,218.0,0.0009771510183803746,116996.20654049912
call,769.0,2026-09-28,84.0,0.0009084845448332658,41913.16214241135
call,770.0,2026-09-28,1365.0,0.0007404322251616427,555100.4267314008
call,771.0,2026-09-28,70.0,0.0006790745019238654,26107.726935461018
call,772.0,2026-09-28,40.0,0.0006394548260140601,14048.289831309721
call,773.0,2026-09-28,39.0,0.0005019424483340055,10751.57601181559
call,774.0,2026-09-28,204.0,0.000465828613207836,52192.71953164679
call,775.0,2026-09-28,267.0,0.0004438971670861888,65094.940247949766
call,780.0,2026-09-28,159.0,0.0002627928163835218,22949.02354680372
call,785.0,2026-09-28,78.0,0.00015473263642081352,6628.726888943996
call,790.0,2026-09-28,377.0,0.00012221433985324848,25305.62770147121
call,795.0,2026-09-28,155.0,0.00010009558630036492,8521.189505749378
call,800.0,2026-09-28,309.0,5.2240683267374064e-05,8865.861158910942
call,805.0,2026-09-28,10.0,4.442625667232659e-05,244.00196247767414
call,810.0,2026-09-28,180.0,3.861242701160155e-05,3817.2728495727188
call,815.0,2026-09-28,3.0,3.153050104998318e-05,51.9524131248217
call,845.0,2026-09-28,0.0,1.5517411358985473e-05,0.0
call,850.0,2026-09-28,48.0,1.4046363111016289e-05,370.30427551428374
call,855.0,2026-09-28,2.0,1.2834605590208078e-05,14.098279649063636
put,450.0,2026-09-28,157.0,1.3968806789078485e-07,-12.0451596527233
put,455.0,2026-09-28,56.0,1.3393353645719606e-07,-4.119371512160969
put,460.0,2026-09-28,49.0,1.2728055681395874e-07,-3.425403558011045
put,465.0,2026-09-28,108.0,2.0357823306600906e-07,-12.075599313351178
put,470.0,2026-09-28,156.0,1.935005536475766e-07,-16.57907927712019
put,475.0,2026-09-28,198.0,1.8217018069301992e-07,-19.81052921142488
put,480.0,2026-09-28,163.0,4.815130512828392e-07,-43.107145499846276
put,485.0,2026-09-28,189.0,4.624744497802335e-07,-48.00684293293898
put,490.0,2026-09-28,179.0,5.661532567248024e-07,-55.65967149425631
put,495.0,2026-09-28,212.0,5.394947643615557e-07,-62.816927905882686
put,500.0,2026-09-28,231.0,6.604149408842841e-07,-83.78812419422486
put,505.0,2026-09-28,81.0,6.240031939216153e-07,-27.76038145101772
put,510.0,2026-09-28,81.0,6.688417184788289e-07,-29.755138140621195
put,515.0,2026-09-28,184.0,7.153467006493143e-07,-72.29162703935883
put,520.0,2026-09-28,28.0,6.621030183687371e-07,-10.182096225225987
put,525.0,2026-09-28,144.0,8.125443144377217e-07,-64.2633181207874
put,530.0,2026-09-28,124.0,7.435081912921481e-07,-50.636192313740466
put,535.0,2026-09-28,75.0,9.138019075592027e-07,-37.64150000384403
put,540.0,2026-09-28,141.0,9.651892498828696e-07,-74.74552329444137
put,545.0,2026-09-28,241.0,1.0165548237149526e-06,-134.55549739758146
put,550.0,2026-09-28,29.0,1.0674164024543827e-06,-17.001430636214266
put,555.0,2026-09-28,125.0,1.1172141698489836e-06,-76.70082693485838
put,560.0,2026-09-28,216.0,1.3808033726921023e-06,-163.80953904582995
put,565.0,2026-09-28,2607.0,1.2109502260373152e-06,-1733.887524002097
put,570.0,2026-09-28,723.0,2.493354989891895e-06,-990.0930467112321
put,575.0,2026-09-28,688.0,2.6293132615112438e-06,-993.537738617848
put,580.0,2026-09-28,3852.0,2.7651096993058498e-06,-5849.951183096835
put,585.0,2026-09-28,1503.0,2.8993021245137763e-06,-2393.349109654988
put,590.0,2026-09-28,1211.0,3.0301632395217447e-06,-2015.4116576531844
put,595.0,2026-09-28,1304.0,3.803033384333408e-06,-2723.7128962959127
put,600.0,2026-09-28,11900.0,3.9745058589425966e-06,-25976.68337376401
put,605.0,2026-09-28,2383.0,4.138535932599435e-06,-5416.57013113354
put,610.0,2026-09-28,1549.0,4.291666910985513e-06,-3651.161332623174
put,615.0,2026-09-28,1252.0,4.930139997219041e-06,-3390.136450256655
put,620.0,2026-09-28,613.0,7.76926397232307e-06,-2615.73624321924
put,625.0,2026-09-28,68.0,9.042110373762307e-06,-337.7009750875986
put,630.0,2026-09-28,58.0,1.5775787130269517e-05,-502.5423068452823
put,635.0,2026-09-28,29.0,1.6927975449120853e-05,-269.62280113740866
put,640.0,2026-09-28,156.0,1.9110128502573303e-05,-1637.351053874284
put,645.0,2026-09-28,298.0,2.1644288375239874e-05,-3542.5270373898666
put,650.0,2026-09-28,188.0,2.460771174665115e-05,-2540.871360106041
put,655.0,2026-09-28,105.0,3.915997939497347e-05,-2258.319328613677
put,660.0,2026-09-28,487.0,4.3127482049526444e-05,-11535.506340007167
put,661.0,2026-09-28,71.0,4.497665142545522e-05,-1753.8767263342659
put,662.0,2026-09-28,767.0,4.692604841077398e-05,-19768.009730818143
put,663.0,2026-09-28,6827.0,4.626937574206293e-05,-173491.07613672956
put,664.0,2026-09-28,32.0,4.8306497255646443e-05,-849.0028024813344
put,665.0,2026-09-28,196.0,5.04577890473868e-05,-5431.72639902639
put,666.0,2026-09-28,39.0,5.273124871929883e-05,-1129.5000665618854
put,667.0,2026-09-28,119.0,5.196852960623454e-05,-3396.573277012077
put,668.0,2026-09-28,51.0,5.435052293974365e-05,-1522.395533336818
put,669.0,2026-09-28,250.0,5.687272031866498e-05,-7809.039298286331
put,670.0,2026-09-28,504.0,7.522191817893165e-05,-20822.292274936124
put,671.0,2026-09-28,144.0,7.668227758660569e-05,-6064.724730963911
put,672.0,2026-09-28,451.0,7.81776084651125e-05,-19364.777911911264
put,673.0,2026-09-28,76.0,8.207081321757177e-05,-3425.752055264223
put,674.0,2026-09-28,9.0,8.621328217506742e-05,-426.15764766684407
put,675.0,2026-09-28,533.0,8.799336187074403e-05,-25759.10192823373
put,676.0,2026-09-28,237.0,8.982092976101705e-05,-11691.749185381017
put,677.0,2026-09-28,14.0,9.452289405474674e-05,-726.8062341140634
put,678.0,2026-09-28,65.0,9.655447717856093e-05,-3446.9848223702616
put,679.0,2026-09-28,17.0,0.00012170379318500795,-1136.3356542764593
put,680.0,2026-09-28,441.0,0.0001247504610352441,-30215.817357431733
put,681.0,2026-09-28,43.0,0.00013175321924151058,-3111.596605305074
put,682.0,2026-09-28,103.0,0.0001351829662398505,-7647.382172741532
put,683.0,2026-09-28,140.0,0.0001387430373341345,-10668.241327435875
put,684.0,2026-09-28,54.0,0.00014687498234771873,-4356.073361270157
put,685.0,2026-09-28,465.0,0.00015090957533029373,-38541.03274132797
put,686.0,2026-09-28,58.0,0.00018613417868791369,-5929.358628394351
put,687.0,2026-09-28,96.0,0.00019192382054525987,-10119.375493747117
put,688.0,2026-09-28,128.0,0.00019798812649286226,-13918.829457734779
put,689.0,2026-09-28,237.0,0.0002043460587183938,-26599.177629460664
put,690.0,2026-09-28,756.0,0.00021766353952088185,-90377.65748116052
put,691.0,2026-09-28,472.0,0.00022500408834302149,-58329.198105377975
put,692.0,2026-09-28,381.0,0.00026747442896565745,-55970.71342171209
put,693.0,2026-09-28,145.0,0.0002816897322293947,-22433.271741093056
put,694.0,2026-09-28,144.0,0.00029246336143862954,-23130.635093805726
put,695.0,2026-09-28,1328.0,0.0003038833778144756,-221645.34675541654
put,696.0,2026-09-28,183.0,0.00035762498867742776,-35944.50810314348
put,697.0,2026-09-28,1135.0,0.0003729297440872553,-232475.1210923092
put,698.0,2026-09-28,96.0,0.0003892653513143272,-20524.405180471764
put,699.0,2026-09-28,376.0,0.00045977118732241196,-94947.42575797999
put,700.0,2026-09-28,1406.0,0.0004818141506090763,-372064.7013461553
put,701.0,2026-09-28,172.0,0.0005531435469521539,-52254.04260635951
put,702.0,2026-09-28,542.0,0.0005818493584780198,-173206.20420290524
put,703.0,2026-09-28,963.0,0.0006128876371342145,-324160.9870721213
put,704.0,2026-09-28,711.0,0.0006969461148855071,-272158.81173733773
put,705.0,2026-09-28,2061.0,0.0007930900819430466,-897747.3017688645
put,706.0,2026-09-28,290.0,0.0008409942428368814,-133950.58622080545
put,707.0,2026-09-28,392.0,0.0009466694985531912,-203815.89457339686
put,708.0,2026-09-28,305.0,0.001067103153847823,-178755.67598628666
put,709.0,2026-09-28,1089.0,0.0011963361011451204,-715541.2677059012
put,710.0,2026-09-28,1046.0,0.0013434920816510808,-771827.7581475596
put,711.0,2026-09-28,597.0,0.0015611150455462407,-511873.7262358109
put,712.0,2026-09-28,365.0,0.0017358498171379543,-347983.4667397982
put,713.0,2026-09-28,1074.0,0.002006791898464222,-1183750.616983356
put,714.0,2026-09-28,108.0,0.002293075043786863,-136017.76087346708
put,715.0,2026-09-28,1846.0,0.002607759139171385,-2643947.1558064953
put,716.0,2026-09-28,2789.0,0.002953293260440315,-4523855.105897458
put,717.0,2026-09-28,668.0,0.003341269665894157,-1225862.0157621698
put,718.0,2026-09-28,890.0,0.004013952807676202,-1962076.186014796
put,719.0,2026-09-28,1637.0,0.004566068160250536,-4105297.809368207
put,720.0,2026-09-28,2006.0,0.005265522639750273,-5801309.17014716
put,721.0,2026-09-28,219.0,0.006102429471061439,-734007.4729654936
put,722.0,2026-09-28,590.0,0.007009756583761795,-2271478.062108513
put,723.0,2026-09-28,3921.0,0.008083279517902126,-17407565.463708807
put,724.0,2026-09-28,211.0,0.009378831034631116,-1086887.9279226826
put,725.0,2026-09-28,7877.0,0.010781066481548975,-46641892.914826326
put,726.0,2026-09-28,1992.0,0.012400043868443126,-13566447.971438857
put,727.0,2026-09-28,30337.0,0.014131480831386902,-235458245.3130896
put,728.0,2026-09-28,1225.0,0.016085603726323783,-10822486.485002255
put,729.0,2026-09-28,744.0,0.018221845912381716,-7445929.215605539
put,730.0,2026-09-28,7360.0,0.0204998167761025,-82866957.09412096
put,731.0,2026-09-28,453.0,0.02293272386380913,-5705680.404398663
put,732.0,2026-09-28,818.0,0.025456662268117398,-11436901.016993674
put,733.0,2026-09-28,1264.0,0.028013559500170992,-19447732.27277495
put,734.0,2026-09-28,420.0,0.030560514730137208,-7049585.0277501
put,735.0,2026-09-28,6937.0,0.03302206115574648,-125814144.76325138
put,736.0,2026-09-28,287.0,0.03532053719651525,-5567532.935906904
put,737.0,2026-09-28,386.0,0.037388879367101446,-7926534.443297489
put,738.0,2026-09-28,2006.0,0.039171291248207875,-43157115.95449737
put,739.0,2026-09-28,332.0,0.0405265022219371,-7389767.994524313
put,740.0,2026-09-28,2039.0,0.04142018507171675,-46385565.839300096
put,741.0,2026-09-28,771.0,0.04197647523559614,-17775177.41101448
put,742.0,2026-09-28,357.0,0.041730937208261244,-8182385.795031884
put,743.0,2026-09-28,409.0,0.04107618080303134,-9227136.869957523
put,744.0,2026-09-28,1585.0,0.04000977173250746,-34829636.18888075
put,745.0,2026-09-28,1514.0,0.038450038650266666,-31972474.802927088
put,746.0,2026-09-28,620.0,0.0346795019628427,-11809136.411015274
put,747.0,2026-09-28,513.0,0.03294192636419707,-9281538.171427
put,748.0,2026-09-28,272.0,0.03092190037981921,-4619433.065151404
put,749.0,2026-09-28,138.0,0.028787522166359807,-2181910.68814824
put,750.0,2026-09-28,208.0,0.026764460748868065,-3057563.114250121
put,751.0,2026-09-28,64.0,0.024556459789910622,-863175.9438205749
put,752.0,2026-09-28,93.0,0.02273900019313447,-1161469.772916036
put,753.0,2026-09-28,14.0,0.021042297614420835,-161798.6122746792
put,754.0,2026-09-28,13.0,0.019490647536506964,-139162.81916635027
put,755.0,2026-09-28,24.0,0.01807873600995077,-238304.8618160933
put,756.0,2026-09-28,3.0,0.01680101425103651,-27682.821528975714
put,757.0,2026-09-28,9.0,0.015668715279639013,-77451.43992979266
put,759.0,2026-09-28,4.0,0.013752849826996354,-30213.865392248117
put,760.0,2026-09-28,15.0,0.012935184746548584,-106565.71247207357
put,761.0,2026-09-28,3.0,0.012193430060036219,-20090.96255347833
put,762.0,2026-09-28,0.0,0.011519083213558974,-0.0
put,764.0,2026-09-28,0.0,0.010338017737648567,-0.0
put,765.0,2026-09-28,1.0,0.009821142075471643,-5394.057748016069
put,773.0,2026-09-28,0.0,0.006844936476487351,-0.0
put,785.0,2026-09-28,0.0,0.005057793888449079,-0.0
put,790.0,2026-09-28,0.0,0.004405845642267532,-0.0
call,670.0,2026-09-29,1.0,0.0013043670912280452,716.3964598646677
call,680.0,2026-09-29,1.0,0.001719946338581271,944.6447065425066
call,685.0,2026-09-29,1.0,0.0020042878372696937,1100.813352948035
call,687.0,2026-09-29,1.0,0.0021268371898994615,1168.1210326442588
call,689.0,2026-09-29,0.0,0.002287764426345116,0.0
call,690.0,2026-09-29,3.0,0.0023600606669785603,3888.6425108229555
call,693.0,2026-09-29,12.0,0.002612829468325545,17220.50604244735
call,695.0,2026-09-29,1.0,0.0028257849843650595,1552.0035523373513
call,698.0,2026-09-29,2.0,0.003172284612487224,3484.622513635129
call,699.0,2026-09-29,1.0,0.0033053804434299196,1815.4113700842395
call,700.0,2026-09-29,55.0,0.0034467108239001985,104116.87760015714
call,701.0,2026-09-29,8.0,0.003576958685986751,15716.560510955553
call,702.0,2026-09-29,31.0,0.0037331699102485065,63561.340590844724
call,703.0,2026-09-29,14.0,0.00391802032877457,30126.474954201716
call,704.0,2026-09-29,3.0,0.004096249342578082,6749.338926474477
call,705.0,2026-09-29,229.0,0.00428660861231559,539141.6860122763
call,706.0,2026-09-29,5.0,0.004503772991892857,12368.01759690383
call,707.0,2026-09-29,17.0,0.004718768659193188,44058.65200579526
call,708.0,2026-09-29,11.0,0.004963835733052637,29989.11738471347
call,709.0,2026-09-29,50.0,0.005226910780388906,143538.5944754878
call,710.0,2026-09-29,564.0,0.005505837638303221,1705517.1946813432
call,711.0,2026-09-29,36.0,0.005806107659146164,114799.81365737818
call,712.0,2026-09-29,15.0,0.006166081649247507,50798.87894823976
call,713.0,2026-09-29,19.0,0.0065287015025991425,68129.31331459933
call,714.0,2026-09-29,37.0,0.006899263715677348,140203.24568786254
call,715.0,2026-09-29,455.0,0.007334559477184718,1832901.0890826872
call,716.0,2026-09-29,187.0,0.007800429433723065,801149.778282247
call,717.0,2026-09-29,90.0,0.008316889979615556,411109.0750981655
call,718.0,2026-09-29,117.0,0.008868386614946168,569880.8684694897
call,719.0,2026-09-29,50.0,0.009700302841181008,266384.4657601185
call,720.0,2026-09-29,883.0,0.01033282573307221,5011103.887691421
call,721.0,2026-09-29,134.0,0.0109563875147224,806354.0668006315
call,722.0,2026-09-29,147.0,0.011730247093367977,947061.3061986101
call,723.0,2026-09-29,26.0,0.01252546604372582,178863.13553743166
call,724.0,2026-09-29,115.0,0.013429691811984851,848237.5319235967
call,725.0,2026-09-29,671.0,0.00960851965378885,3541054.417695096
call,726.0,2026-09-29,84.0,0.011428273706156332,527246.2713627083
call,727.0,2026-09-29,76.0,0.016357945092883113,682803.8108174315
call,728.0,2026-09-29,258.0,0.017482732116293087,2477322.8411883707
call,729.0,2026-09-29,131.0,0.018573158909596175,1336320.6147161347
call,730.0,2026-09-29,413.0,0.02029219170307393,4602911.301468869
call,731.0,2026-09-29,42.0,0.02273680107732432,524484.0077761291
call,732.0,2026-09-29,68.0,0.02519337025377309,940911.5072438641
call,733.0,2026-09-29,62.0,0.02786395236967166,948829.1234287163
call,734.0,2026-09-29,66.0,0.030514597021902255,1106127.4561649775
call,735.0,2026-09-29,435.0,0.032930992697139,7867697.931679675
call,736.0,2026-09-29,104.0,0.035173634057155054,2009112.1412158008
call,737.0,2026-09-29,347.0,0.03716474995170221,7082951.824102379
call,738.0,2026-09-29,400.0,0.038787486313791926,8521287.624970198
call,739.0,2026-09-29,210.0,0.04013220324855699,4628773.135039096
call,740.0,2026-09-29,963.0,0.04101761857935778,21694534.071863938
call,741.0,2026-09-29,510.0,0.041590292388496944,11649726.982869513
call,742.0,2026-09-29,386.0,0.04166441451171294,8832958.416440474
call,743.0,2026-09-29,256.0,0.041314772981949605,5808967.329578893
call,744.0,2026-09-29,711.0,0.04047107349733982,15804032.819065094
call,745.0,2026-09-29,846.0,0.03922805373176055,18227232.044029083
call,746.0,2026-09-29,281.0,0.03763247752510749,5807948.125646999
call,747.0,2026-09-29,425.0,0.03569342739538241,8331645.446548316
call,748.0,2026-09-29,459.0,0.03343181815372166,8428034.00741579
call,749.0,2026-09-29,565.0,0.03096507322289477,9608910.694555642
call,750.0,2026-09-29,624.0,0.028380172222287996,9726424.370414812
call,751.0,2026-09-29,396.0,0.025717018900158897,5593316.6692180205
call,752.0,2026-09-29,804.0,0.023057122106007896,10181569.87633854
call,753.0,2026-09-29,658.0,0.020456783387713142,7392934.15320604
call,754.0,2026-09-29,221.0,0.0179683544172909,2180992.5237586093
call,755.0,2026-09-29,490.0,0.015640374223124587,4209173.408223158
call,756.0,2026-09-29,399.0,0.013538872922037063,2966941.6517450935
call,757.0,2026-09-29,291.0,0.01157867124171788,1850569.1156244546
call,758.0,2026-09-29,272.0,0.009905945698456169,1479852.549130756
call,759.0,2026-09-29,807.0,0.008426657488355013,3734930.067183068
call,760.0,2026-09-29,352.0,0.007164545509011313,1385112.0485534961
call,761.0,2026-09-29,139.0,0.005968755074731951,455671.80415621394
call,762.0,2026-09-29,121.0,0.005120158318830392,340268.9791126956
call,763.0,2026-09-29,216.0,0.00432043579467517,512548.4265171014
call,764.0,2026-09-29,139.0,0.003610804595672845,275659.13225877914
call,765.0,2026-09-29,1460.0,0.0030541690178184774,2449060.5404610154
call,766.0,2026-09-29,107.0,0.0025809223161135297,151674.40795507058
call,767.0,2026-09-29,65.0,0.002254927605708359,80500.68168300627
call,768.0,2026-09-29,6482.0,0.001974854639628589,7030686.923733745
call,769.0,2026-09-29,463.0,0.0017183334232690247,436960.34588233434
call,770.0,2026-09-29,1038.0,0.0014704012594287156,838275.5851081624
call,771.0,2026-09-29,169.0,0.0012713669010642407,118007.93296381802
call,772.0,2026-09-29,60.0,0.001190332860772424,39225.932021104265
call,773.0,2026-09-29,7.0,0.0010144242132056132,3900.0596076071392
call,774.0,2026-09-29,5.0,0.0009562252273236961,2625.93395791299
call,775.0,2026-09-29,289.0,0.0007853159394600721,124651.0247129287
call,780.0,2026-09-29,684.0,0.0005158369454737057,193785.88637933388
call,785.0,2026-09-29,11.0,0.00033726710942685764,2037.606294514699
call,790.0,2026-09-29,294.0,0.00027292279373523177,44069.76519231181
call,795.0,2026-09-29,23.0,0.0001729728780402298,2185.04027065802
call,800.0,2026-09-29,24.0,0.00013928508397130602,1835.986358258429
call,805.0,2026-09-29,100.0,0.0001243075814796905,6827.3350274841905
call,810.0,2026-09-29,35.0,0.00010491599228068302,2016.802331604924
call,815.0,2026-09-29,117.0,6.257893340521805e-05,4021.310579396353
call,820.0,2026-09-29,109.0,5.559789851392041e-05,3328.4226774557
call,825.0,2026-09-29,100.0,4.6604939609508576e-05,2559.6792477357394
call,830.0,2026-09-29,88.0,3.97171423502553e-05,1919.6155685751426
call,835.0,2026-09-29,44.0,3.678169175227303e-05,888.8694395927678
call,840.0,2026-09-29,136.0,3.4356368400498226e-05,2566.2546971298448
call,845.0,2026-09-29,94.0,3.0364047713553326e-05,1567.621158898702
call,850.0,2026-09-29,166.0,2.7123051096140452e-05,2472.863976842435
call,855.0,2026-09-29,0.0,2.5971512650018196e-05,0.0
call,860.0,2026-09-29,63.0,2.3594963145272797e-05,816.4196532095701
call,865.0,2026-09-29,65.0,2.1607210186038193e-05,771.3751629279739
call,870.0,2026-09-29,67.0,2.1053977112965565e-05,774.7517165012096
call,875.0,2026-09-29,84.0,1.850706538485051e-05,853.8280994068097
call,880.0,2026-09-29,67.0,1.821676132867499e-05,670.3468438650661
call,885.0,2026-09-29,128.0,1.62419707700529e-05,1141.8322159537665
call,890.0,2026-09-29,92.0,1.4581363807515788e-05,736.7829565309584
call,895.0,2026-09-29,80.0,6.098696714152991e-06,267.96657261225727
call,900.0,2026-09-29,68.0,6.3000864630976525e-06,235.29300724948052
put,450.0,2026-09-29,40.0,8.606110091188111e-07,-18.906906940524298
put,460.0,2026-09-29,75.0,9.71379821042237e-07,-40.013260242758335
put,465.0,2026-09-29,30.0,9.209601773549427e-07,-15.174545919713058
put,470.0,2026-09-29,144.0,1.0857870627047066e-06,-85.8738141196802
put,475.0,2026-09-29,293.0,1.01999420656114e-06,-164.14169858168367
put,480.0,2026-09-29,172.0,1.201356728921807e-06,-113.48906815312951
put,485.0,2026-09-29,120.0,1.117229117013284e-06,-73.63377898770798
put,490.0,2026-09-29,76.0,1.3147900497888175e-06,-54.88120001156065
put,495.0,2026-09-29,108.0,1.2091163575371755e-06,-71.7208536342064
put,500.0,2026-09-29,218.0,1.4222738001873975e-06,-170.29162959853838
put,505.0,2026-09-29,158.0,1.4722632594921995e-06,-127.76036951620036
put,510.0,2026-09-29,270.0,1.5188472495749657e-06,-225.23270940889125
put,515.0,2026-09-29,119.0,1.7856536927352757e-06,-116.70723918297965
put,520.0,2026-09-29,87.0,2.7148707691227577e-06,-129.72450196960168
put,525.0,2026-09-29,84.0,2.811174166127744e-06,-129.69422463548304
put,530.0,2026-09-29,68.0,2.901654326250868e-06,-108.3697781643365
put,535.0,2026-09-29,147.0,3.412731502322275e-06,-275.5326404097504
put,540.0,2026-09-29,226.0,3.5123751917996897e-06,-435.97635698561186
put,545.0,2026-09-29,96.0,3.601974799288284e-06,-189.91772573856667
put,550.0,2026-09-29,380.0,3.6795371133555793e-06,-767.9454689380383
put,555.0,2026-09-29,283.0,4.338528557743373e-06,-674.3455468599661
put,560.0,2026-09-29,349.0,4.416887452077508e-06,-846.6333226999438
put,565.0,2026-09-29,147.0,4.476127234286029e-06,-361.3876904273252
put,570.0,2026-09-29,69.0,5.293984337644354e-06,-200.62513443226686
put,575.0,2026-09-29,277.0,7.315383357773443e-06,-1112.9366822880988
put,580.0,2026-09-29,208.0,8.044571832073261e-06,-919.0092165306555
put,585.0,2026-09-29,43.0,8.848353132366128e-06,-208.97026826147166
put,590.0,2026-09-29,220.0,8.973726888620408e-06,-1084.2991731142497
put,595.0,2026-09-29,210.0,9.858055672329918e-06,-1137.009672187415
put,600.0,2026-09-29,245.0,1.0833770636893772e-05,-1457.8046095655393
put,605.0,2026-09-29,231.0,1.1912050449471907e-05,-1511.3049397880084
put,610.0,2026-09-29,155.0,1.3105842061659405e-05,-1115.7071751865424
put,615.0,2026-09-29,82.0,2.0659047038734876e-05,-930.4172096223656
put,620.0,2026-09-29,126.0,2.3011431058459208e-05,-1592.4572078314209
put,625.0,2026-09-29,47.0,2.5682269152862835e-05,-662.9562190186637
put,630.0,2026-09-29,2739.0,3.755905173718799e-05,-56501.535329288694
put,635.0,2026-09-29,916.0,4.2466140220722664e-05,-21364.4570873629
put,640.0,2026-09-29,370.0,4.6036179543121674e-05,-9355.232756719119
put,645.0,2026-09-29,54.0,5.238704350209364e-05,-1553.7146015440212
put,650.0,2026-09-29,252.0,7.245620057865404e-05,-10028.354913732392
put,655.0,2026-09-29,241.0,7.990289036804507e-05,-10576.284629378208
put,660.0,2026-09-29,4023.0,0.00011011095852364266,-243295.5545788895
put,661.0,2026-09-29,4127.0,0.0001110478947794821,-251708.79843878315
put,662.0,2026-09-29,313.0,0.00011470569671442295,-19718.910806944645
put,663.0,2026-09-29,42.0,0.00011852516712739678,-2734.094143934346
put,664.0,2026-09-29,138.0,0.00012251571787094678,-9285.910497748673
put,665.0,2026-09-29,506.0,0.00014613491776439727,-40612.349435414406
put,666.0,2026-09-29,52.0,0.0001478049679460847,-4221.297622388889
put,667.0,2026-09-29,62.0,0.00015307276536337739,-5212.4657641400645
put,668.0,2026-09-29,81.0,0.00015859431678365255,-7055.474671866468
put,669.0,2026-09-29,2890.0,0.00016047966846139905,-254724.93443922413
put,670.0,2026-09-29,4297.0,0.00016638881845050082,-392683.8943644195
put,671.0,2026-09-29,35.0,0.00019447489214874847,-3738.3949519812772
put,672.0,2026-09-29,130.0,0.0002019678488241928,-14420.462517057564
put,673.0,2026-09-29,58.0,0.00020494383426876962,-6528.545700868947
put,674.0,2026-09-29,65.0,0.00021302495845418781,-7604.968925673852
put,675.0,2026-09-29,727.0,0.0002162448411469716,-86344.3181482081
put,676.0,2026-09-29,26.0,0.0002249799646117117,-3212.70456229517
put,677.0,2026-09-29,50.0,0.0002579010019583964,-7082.337711563901
put,678.0,2026-09-29,61.0,0.0002687748903139231,-9004.75966788436
put,679.0,2026-09-29,14.0,0.00027363550370145673,-2104.0404227358003
put,680.0,2026-09-29,523.0,0.00028548619440262426,-82005.01231725239
put,681.0,2026-09-29,99.0,0.0003202714312220805,-17414.338943050156
put,682.0,2026-09-29,83.0,0.00033471085944040773,-15258.136410138883
put,683.0,2026-09-29,136.0,0.000345888784600671,-25836.220750070104
put,684.0,2026-09-29,82.0,0.0003576290398947081,-16106.464773272362
put,685.0,2026-09-29,175.0,0.0004023725225307808,-38674.07742009446
put,686.0,2026-09-29,48.0,0.0004168800690625513,-10990.209403705456
put,687.0,2026-09-29,43.0,0.00043217858310254934,-10206.698703903572
put,688.0,2026-09-29,32.0,0.00048152869549429996,-8463.027443002105
put,689.0,2026-09-29,85.0,0.0005002391631399193,-23353.40509384107
put,690.0,2026-09-29,417.0,0.0005200516629518123,-119106.68634145641
put,691.0,2026-09-29,65.0,0.0005741237416912194,-20496.158040525086
put,692.0,2026-09-29,123.0,0.0005981483988845637,-40408.02776527844
put,693.0,2026-09-29,160.0,0.0006613220565028703,-58114.77867483218
put,694.0,2026-09-29,47.0,0.0006905723779244788,-17826.277339535878
put,695.0,2026-09-29,792.0,0.0007603359897782146,-330738.1763293406
put,696.0,2026-09-29,100.0,0.0007912885021895357,-43459.873030566254
put,697.0,2026-09-29,178.0,0.0008679804781260373,-84856.19575795549
put,698.0,2026-09-29,85.0,0.000952641277281321,-44473.56244125602
put,699.0,2026-09-29,42.0,0.0009954877424182607,-22963.538233012645
put,700.0,2026-09-29,1843.0,0.0010889770414111446,-1102294.5416734696
put,701.0,2026-09-29,145.0,0.0011857631957246236,-94432.08234730821
put,702.0,2026-09-29,240.0,0.0012924344127174128,-170362.2443291739
put,703.0,2026-09-29,153.0,0.001410116249124861,-118494.97832063444
put,704.0,2026-09-29,233.0,0.001579770509021734,-202163.85999598246
put,705.0,2026-09-29,1462.0,0.001709211970822857,-1372451.1529236427
put,706.0,2026-09-29,80.0,0.0019064489350338373,-83766.18988049743
put,707.0,2026-09-29,951.0,0.002057658747228102,-1074750.0292573867
put,708.0,2026-09-29,1956.0,0.0022763598339767964,-2445475.7596741607
put,709.0,2026-09-29,82.0,0.0025082878571151533,-112965.23913087808
put,710.0,2026-09-29,1297.0,0.002813339956620734,-2004083.3889005303
put,711.0,2026-09-29,216.0,0.003089884226101384,-366563.785107087
put,712.0,2026-09-29,578.0,0.0033699772998372,-1069814.3322363403
put,713.0,2026-09-29,99.0,0.003801521710096415,-206702.75617895485
put,714.0,2026-09-29,196.0,0.004191443684885417,-451204.3778185254
put,715.0,2026-09-29,1365.0,0.004679407558629485,-3508141.6561499657
put,716.0,2026-09-29,144.0,0.005187695984885143,-410289.6930874503
put,717.0,2026-09-29,507.0,0.005785067802525461,-1610905.3008854555
put,718.0,2026-09-29,486.0,0.006427777837683121,-1715737.0320661778
put,719.0,2026-09-29,760.0,0.0071551940427722885,-2986679.397566073
put,720.0,2026-09-29,756.0,0.007928796824349318,-3292173.256054257
put,721.0,2026-09-29,406.0,0.008762580755654741,-1953941.9854942637
put,722.0,2026-09-29,351.0,0.009768280130850028,-1883123.5734717231
put,723.0,2026-09-29,667.0,0.010833293202119433,-3968623.770277836
put,724.0,2026-09-29,298.0,0.011986984067367309,-1961913.2040389676
put,725.0,2026-09-29,20332.0,0.01323425061215959,-147785917.9230176
put,726.0,2026-09-29,563.0,0.014567895074006418,-4504626.605317957
put,727.0,2026-09-29,381.0,0.016000788290113897,-3348265.9982515173
put,728.0,2026-09-29,292.0,0.01751637945753054,-2809187.9323575557
put,729.0,2026-09-29,349.0,0.019089256710757015,-3659047.465494895
put,730.0,2026-09-29,553.0,0.02071186090208897,-6290683.713020874
put,731.0,2026-09-29,354.0,0.022363678680422806,-4348105.806837857
put,732.0,2026-09-29,361.0,0.02400373972490139,-4759263.04365242
put,733.0,2026-09-29,463.0,0.02563939446700091,-6519921.29280739
put,734.0,2026-09-29,1356.0,0.027202147922736297,-20258929.13927855
put,735.0,2026-09-29,557.0,0.02866701374943405,-8769831.474456798
put,736.0,2026-09-29,255.0,0.030026015234118623,-4205246.7026861925
put,737.0,2026-09-29,232.0,0.03126649876798572,-3984013.8024403686
put,738.0,2026-09-29,396.0,0.032273909891235845,-7019406.054656453
put,739.0,2026-09-29,743.0,0.033063055104708354,-13492281.46810897
put,740.0,2026-09-29,386.0,0.033671731063493665,-7138489.854688677
put,741.0,2026-09-29,284.0,0.03397248750326108,-5299065.4732405525
put,742.0,2026-09-29,275.0,0.03395957732306776,-5129187.413955934
put,743.0,2026-09-29,493.0,0.033742521255734716,-9136461.89633374
put,744.0,2026-09-29,146.0,0.033221420325403116,-2663941.292781786
put,745.0,2026-09-29,263.0,0.032455163379695624,-4688059.835650063
put,746.0,2026-09-29,151.0,0.031420273015825166,-2605796.5190108074
put,747.0,2026-09-29,334.0,0.028807789068634803,-5284574.1153127765
put,748.0,2026-09-29,63.0,0.02756660838634168,-953844.2895788171
put,749.0,2026-09-29,56.0,0.026206526094395957,-806029.7658193996
put,750.0,2026-09-29,167.0,0.024817066030551182,-2276252.8642965006
put,751.0,2026-09-29,20.0,0.023381730657133535,-256838.57222293405
put,752.0,2026-09-29,34.0,0.022044971544676686,-411663.2112796292
put,753.0,2026-09-29,7.0,0.02103049708156026,-80853.93775894458
put,754.0,2026-09-29,22.0,0.019327916008893532,-233540.01750421923
put,755.0,2026-09-29,34.0,0.018100585097141755,-338006.5595470859
put,756.0,2026-09-29,22.0,0.016974511044984843,-205103.7268967449
put,757.0,2026-09-29,8.0,0.015907676642440062,-69895.68079695443
put,758.0,2026-09-29,2.0,0.014927792935575635,-16397.558761729735
put,759.0,2026-09-29,1.0,0.014033963212807697,-7707.862020699103
put,760.0,2026-09-29,1.0,0.013231090961420498,-7266.901157391944
put,761.0,2026-09-29,19.0,0.012498887721985428,-130430.32176553595
put,764.0,2026-09-29,0.0,0.010685013021130493,-0.0
put,775.0,2026-09-29,0.0,0.006702912217154931,-0.0
call,405.0,2026-09-30,1.0,5.711561555260319e-05,31.369562341804436
call,410.0,2026-09-30,1.0,0.0,0.0
call,415.0,2026-09-30,0.0,0.0,0.0
call,420.0,2026-09-30,2.0,6.536713546044023e-05,71.80307560698246
call,425.0,2026-09-30,21.0,0.0,0.0
call,430.0,2026-09-30,14.0,0.0,0.0
call,435.0,2026-09-30,13.0,0.0,0.0
call,440.0,2026-09-30,16.0,0.0,0.0
call,445.0,2026-09-30,0.0,8.045126214293775e-05,0.0
call,450.0,2026-09-30,47.0,0.0,0.0
call,455.0,2026-09-30,0.0,8.825219683430226e-05,0.0
call,460.0,2026-09-30,0.0,0.0,0.0
call,465.0,2026-09-30,0.0,0.0,0.0
call,470.0,2026-09-30,0.0,0.0,0.0
call,475.0,2026-09-30,41.0,0.0,0.0
call,480.0,2026-09-30,0.0,0.00011000348377907955,0.0
call,485.0,2026-09-30,10.0,0.0,0.0
call,490.0,2026-09-30,0.0,0.00012127201787483143,0.0
call,495.0,2026-09-30,16.0,0.0,0.0
call,500.0,2026-09-30,3.0,0.00013401321105602356,220.8118955651729
call,505.0,2026-09-30,0.0,0.00014019072569663768,0.0
call,510.0,2026-09-30,0.0,0.00014823780848926635,0.0
call,515.0,2026-09-30,0.0,0.0,0.0
call,520.0,2026-09-30,1.0,0.00016294906764225824,89.4963817948339
call,525.0,2026-09-30,28.0,0.00017128904810252872,2634.154386434166
call,530.0,2026-09-30,1.0,0.0001814542074576258,99.65994444693112
call,535.0,2026-09-30,0.0,0.0,0.0
call,540.0,2026-09-30,1.0,0.00020252587624198807,111.23311968423764
call,545.0,2026-09-30,2.0,0.00021163435430948156,232.47152313589052
call,550.0,2026-09-30,31.0,0.0002252796430694212,3835.6347194404098
call,555.0,2026-09-30,0.0,0.00023966233501103735,0.0
call,560.0,2026-09-30,0.0,0.0002510620816256288,0.0
call,565.0,2026-09-30,45.0,0.0,0.0
call,570.0,2026-09-30,2.0,0.00028386874635808834,311.81799406744074
call,575.0,2026-09-30,4.0,0.00030095770599519424,661.1790088661596
call,580.0,2026-09-30,13.0,0.0003247201958466911,2318.495463510573
call,585.0,2026-09-30,2.0,0.00034521403580760595,379.2032393508551
call,590.0,2026-09-30,7.0,0.000367730052374246,1413.7765099632566
call,595.0,2026-09-30,159.0,0.00039209094208299044,34240.297684618214
call,600.0,2026-09-30,56.0,0.0004190177783792309,12887.660141013486
call,605.0,2026-09-30,48.0,0.0004516564830234117,11907.02001688556
call,610.0,2026-09-30,108.0,0.00048822999426277147,28960.21688902927
call,615.0,2026-09-30,106.0,0.0005247596589372149,30550.61127644523
call,620.0,2026-09-30,135.0,0.0005693831352355659,42217.44690808222
call,625.0,2026-09-30,75.0,0.0006151797989480771,25340.6019542245
call,630.0,2026-09-30,262.0,0.0006758962888801355,97260.15360521081
call,635.0,2026-09-30,313.0,0.0007388855461277238,127020.87688728674
call,640.0,2026-09-30,560.0,0.0008047848398547684,247526.33510698576
call,645.0,2026-09-30,94.0,0.0008854459101327883,45713.396213802844
call,650.0,2026-09-30,797.0,0.000983380243649488,430460.591654991
call,651.0,2026-09-30,4.0,0.0,0.0
call,652.0,2026-09-30,0.0,0.0,0.0
call,653.0,2026-09-30,13.0,0.0,0.0
call,654.0,2026-09-30,9.0,0.001069877993776745,5288.473859429
call,655.0,2026-09-30,219.0,0.0010908887501549236,131213.39600643117
call,656.0,2026-09-30,12.0,0.0011125156226014083,7332.312435071492
call,657.0,2026-09-30,5.0,0.0,0.0
call,658.0,2026-09-30,5.0,0.0011651050429123898,3199.5484006234387
call,659.0,2026-09-30,42.0,0.0,0.0
call,660.0,2026-09-30,1333.0,0.0012143395347710203,889045.2823153025
call,661.0,2026-09-30,1.0,0.0012467406897870403,684.7463590113808
call,662.0,2026-09-30,58.0,0.0012811952175405578,40812.84786776756
call,663.0,2026-09-30,5.0,0.0013002289453735453,3570.6183471794056
call,664.0,2026-09-30,56.0,0.0,0.0
call,665.0,2026-09-30,715.0,0.0013670017396110344,536820.0237744304
call,666.0,2026-09-30,3.0,0.0013971928491500842,2302.1372225903974
call,667.0,2026-09-30,9.0,0.001436612408093831,7101.265013888083
call,668.0,2026-09-30,23.0,0.0,0.0
call,669.0,2026-09-30,11.0,0.0015103000368570838,9124.509255988283
call,670.0,2026-09-30,308.0,0.0015453173272416236,261409.87454753486
call,671.0,2026-09-30,11.0,0.0015895496471376347,9603.29743376198
call,672.0,2026-09-30,75.0,0.0016273509525558366,67034.1464382613
call,673.0,2026-09-30,52.0,0.0016665405555598783,47596.260007753874
call,674.0,2026-09-30,28.0,0.0017170561714575144,26405.6055883464
call,675.0,2026-09-30,402.0,0.0017671154373841837,390161.64338643773
call,676.0,2026-09-30,21.0,0.0018114313305702108,20892.709595287415
call,677.0,2026-09-30,50.0,0.0018574736287548562,51008.935325067556
call,678.0,2026-09-30,87.0,0.0019135870580736273,91436.81198655684
call,679.0,2026-09-30,57.0,0.001963615849497118,61473.08131026204
call,680.0,2026-09-30,688.0,0.002024407713592764,764962.2778867505
call,681.0,2026-09-30,142.0,0.0020878543794610118,162832.89609413943
call,682.0,2026-09-30,100.0,0.002144905854571588,117804.48704140434
call,683.0,2026-09-30,33.0,0.0022122994366460197,40096.959929964774
call,684.0,2026-09-30,103.0,0.0022843631724789233,129227.80648478486
call,685.0,2026-09-30,433.0,0.002348063672080488,558407.6556036631
call,686.0,2026-09-30,143.0,0.0024249279504165388,190453.2879913212
call,687.0,2026-09-30,285.0,0.0025054215139537466,392174.4176265483
call,688.0,2026-09-30,35.0,0.0025788464580500763,49573.219834132935
call,689.0,2026-09-30,147.0,0.002678217703784678,216230.42862111612
call,690.0,2026-09-30,2883.0,0.002769104120604877,4384676.191191427
call,691.0,2026-09-30,77.0,0.0028665014706879964,121226.20005504359
call,692.0,2026-09-30,63.0,0.002954586690611707,102232.9480438327
call,693.0,2026-09-30,44.0,0.0030597068595543345,73941.13190571607
call,694.0,2026-09-30,136.0,0.0031811211042609053,237614.3741615613
call,695.0,2026-09-30,182.0,0.0032846161579663385,328329.2774096335
call,696.0,2026-09-30,55.0,0.0034187919238589347,103273.51450796769
call,697.0,2026-09-30,179.0,0.0035579796638649857,349792.1753901198
call,698.0,2026-09-30,60.0,0.003692910051064523,121695.23617881924
call,699.0,2026-09-30,85.0,0.0038330147166000614,178942.29801111785
call,700.0,2026-09-30,2716.0,0.003993916674866598,5957751.209055368
call,701.0,2026-09-30,287.0,0.004177143449585737,658437.996120593
call,702.0,2026-09-30,190.0,0.004341902233948973,453092.8815788302
call,703.0,2026-09-30,158.0,0.004530309851983675,393132.1772655999
call,704.0,2026-09-30,364.0,0.004730245502210626,945667.9337975171
call,705.0,2026-09-30,1405.0,0.004952505768664928,3821685.2155405967
call,706.0,2026-09-30,402.0,0.005187066268808965,1145253.024776149
call,707.0,2026-09-30,304.0,0.005434892892645304,907440.5268904652
call,708.0,2026-09-30,517.0,0.0056970521418355175,1617686.4036138654
call,709.0,2026-09-30,344.0,0.005973241740754071,1128553.4474343117
call,710.0,2026-09-30,10677.0,0.0,0.0
call,711.0,2026-09-30,441.0,0.006611691739610437,1601418.2903201338
call,712.0,2026-09-30,351.0,0.007102305809856614,1369178.5367934906
call,713.0,2026-09-30,384.0,0.00733769302909751,1547548.8307461643
call,714.0,2026-09-30,682.0,0.007730612715193483,2895688.819622896
call,715.0,2026-09-30,10634.0,0.008157794740141057,47645624.933255695
call,716.0,2026-09-30,3411.0,0.008617390232595707,16143997.344077997
call,717.0,2026-09-30,921.0,0.009203848733463194,4655675.479157256
call,718.0,2026-09-30,566.0,0.009622326665013135,2991232.1888039224
call,719.0,2026-09-30,740.0,0.0102530818285561,4167155.8296874836
call,720.0,2026-09-30,11713.0,0.006865802195127816,44168538.43147621
call,721.0,2026-09-30,25160.0,0.01140642152325927,157620845.04980087
call,722.0,2026-09-30,645.0,0.01204657538373179,4267533.266211265
call,723.0,2026-09-30,959.0,0.012716807686690907,6698079.6663545715
call,724.0,2026-09-30,531.0,0.013403861592415536,3909111.460833981
call,725.0,2026-09-30,21581.0,0.014256138918182544,168976799.97516057
call,726.0,2026-09-30,45173.0,0.014918272690659127,370127260.5588076
call,727.0,2026-09-30,6293.0,0.0160058249890011,55320919.95770236
call,728.0,2026-09-30,1306.0,0.01746104329754962,12524689.385810297
call,729.0,2026-09-30,342.0,0.01894997599433598,3559494.843430796
call,730.0,2026-09-30,11183.0,0.020435259034581706,125513970.99833442
call,731.0,2026-09-30,355.0,0.02191698948149551,4273294.759017159
call,732.0,2026-09-30,1436.0,0.023539161766485628,18565174.31426984
call,733.0,2026-09-30,428.0,0.02497894909066456,5871803.72072809
call,734.0,2026-09-30,493.0,0.026347787987275766,7134190.097235615
call,735.0,2026-09-30,13606.0,0.027633983441871526,206503566.91074964
call,736.0,2026-09-30,508.0,0.02882369927698959,8042054.802395748
call,737.0,2026-09-30,445.0,0.029858940356716115,7297733.508663962
call,738.0,2026-09-30,816.0,0.03076093745855422,13786160.281129258
call,739.0,2026-09-30,456.0,0.031465689890041296,7880534.936970979
call,740.0,2026-09-30,13163.0,0.03196685388152528,231104485.69368452
call,741.0,2026-09-30,1318.0,0.03230709851853791,23386593.354438998
call,742.0,2026-09-30,1283.0,0.032480306113065655,22887605.960435547
call,743.0,2026-09-30,699.0,0.03236898987749069,12426817.50374612
call,744.0,2026-09-30,911.0,0.03208284387513627,16052579.623801488
call,745.0,2026-09-30,17790.0,0.031569467336470765,308458541.1157273
call,746.0,2026-09-30,648.0,0.030838329439061375,10975377.009343076
call,747.0,2026-09-30,7474.0,0.029935961058172377,122885289.41255169
call,748.0,2026-09-30,918.0,0.02884281860428085,14542329.403017702
call,749.0,2026-09-30,812.0,0.027574412777746377,12297473.622030506
call,750.0,2026-09-30,9071.0,0.026186071695857797,130460523.67755659
call,751.0,2026-09-30,482.0,0.024671051687172978,6531129.563593203
call,752.0,2026-09-30,1945.0,0.023065004559868846,24639208.25992855
call,753.0,2026-09-30,565.0,0.021429502065968994,6649884.858933388
call,754.0,2026-09-30,479.0,0.019763716895847314,5199453.943148857
call,755.0,2026-09-30,2038.0,0.01809579823723631,20255152.76264799
call,756.0,2026-09-30,434.0,0.01647068862920372,3926043.2952531613
call,757.0,2026-09-30,450.0,0.014879292985147332,3677463.8069225107
call,758.0,2026-09-30,338.0,0.01337358035186139,2482664.244802372
call,759.0,2026-09-30,525.0,0.011925756499764333,3438736.029469792
call,760.0,2026-09-30,11944.0,0.010556890622726722,69253131.24748677
call,761.0,2026-09-30,2123.0,0.009332495266065395,10881815.804944279
call,762.0,2026-09-30,1314.0,0.008221177376669185,5933117.942287755
call,763.0,2026-09-30,539.0,0.007222385705925919,2138075.51954887
call,764.0,2026-09-30,330.0,0.00633257155894248,1147750.9049927918
call,765.0,2026-09-30,8442.0,0.005483602688265476,25425232.113686133
call,766.0,2026-09-30,1050.0,0.004867102944598717,2806812.6755834497
call,767.0,2026-09-30,731.0,0.004184705373391607,1680102.8229377852
call,768.0,2026-09-30,284.0,0.003516944370627657,548576.8000918917
call,769.0,2026-09-30,277.0,0.0032060391294502096,487755.5115720082
call,770.0,2026-09-30,4470.0,0.0028016873889023385,6878294.971010399
call,771.0,2026-09-30,223.0,0.002446122533260532,299596.45433159417
call,772.0,2026-09-30,3804.0,0.002196136957102014,4588318.178761576
call,773.0,2026-09-30,83.0,0.001974776083215503,90022.18484203842
call,774.0,2026-09-30,81.0,0.0017785236253606976,79122.1819705331
call,775.0,2026-09-30,1550.0,0.0014711229763905715,1252374.6681965766
call,776.0,2026-09-30,203.0,0.0014043885113441644,156580.22178513499
call,777.0,2026-09-30,431.0,0.0012187529567205682,288500.4868655215
call,778.0,2026-09-30,343.0,0.0010751363318765937,202540.21007764782
call,779.0,2026-09-30,348.0,0.0010174783921035957,194472.42820050684
call,780.0,2026-09-30,1823.0,0.0008687600142973476,869841.4327430689
call,781.0,2026-09-30,178.0,0.0008408814958523463,82206.92356508045
call,782.0,2026-09-30,253.0,0.0007058301217084868,98078.61113345042
call,783.0,2026-09-30,299.0,0.0006742987104627126,110733.01257162767
call,784.0,2026-09-30,126.0,0.0006451814676465472,44648.41303884525
call,785.0,2026-09-30,1181.0,0.0005222250101608575,338735.8500438267
call,786.0,2026-09-30,309.0,0.0005119439217562853,86882.9319901761
call,787.0,2026-09-30,132.0,0.00048360421541258274,35060.45976625733
call,788.0,2026-09-30,142.0,0.00047505327721742655,37049.66289281869
call,789.0,2026-09-30,152.0,0.0004500814133243616,37574.07210391907
call,790.0,2026-09-30,1745.0,0.00042705110176857503,409287.8720318544
call,791.0,2026-09-30,159.0,0.0003487189733019713,30452.734742356384
call,792.0,2026-09-30,168.0,0.000332096895123415,30642.746960221906
call,793.0,2026-09-30,64.0,0.00031669049544786243,11131.882186842253
call,794.0,2026-09-30,225.0,0.00030238832419954216,37368.1101309652
call,795.0,2026-09-30,464.0,0.00030024088421901497,76514.08849207178
call,796.0,2026-09-30,153.0,0.00028730839489503465,24143.11731075505
call,797.0,2026-09-30,84.0,0.00027525040401824984,12698.74636722461
call,798.0,2026-09-30,180.0,0.00027380968704903195,27069.16827601198
call,799.0,2026-09-30,285.0,0.000262827886798957,41140.531789693974
call,800.0,2026-09-30,4870.0,0.0002525486007657142,675503.3790164952
call,801.0,2026-09-30,102.0,0.00024291500002473736,13608.432486589703
call,802.0,2026-09-30,186.0,0.00023387572374665484,23891.95491828319
call,803.0,2026-09-30,115.0,0.0001741854507142189,11001.789086401337
call,804.0,2026-09-30,210.0,0.00017488296550904442,20170.673598722493
call,805.0,2026-09-30,501.0,0.00016284533461565965,44809.143703759335
call,806.0,2026-09-30,69.0,0.00016367505360328905,6202.7628980443615
call,807.0,2026-09-30,139.0,0.0001585395960644678,12103.365419486197
call,808.0,2026-09-30,33.0,0.00015368660347578404,2785.5024863557433
call,809.0,2026-09-30,1239.0,0.00014909609819574378,101459.14134343728
call,810.0,2026-09-30,981.0,0.00014474980791794915,77990.30188159847
call,811.0,2026-09-30,291.0,0.00014063099711875132,22476.44609078831
call,812.0,2026-09-30,48.0,0.00013672431729255807,3604.4632236865623
call,813.0,2026-09-30,1327.0,0.00013774103143536834,100389.39837228013
call,814.0,2026-09-30,1845.0,0.00012949210631734828,131217.95453804143
call,815.0,2026-09-30,841.0,0.0001305495642937485,60301.07027390128
call,816.0,2026-09-30,1402.0,0.00012295340997662372,94676.49889017313
call,817.0,2026-09-30,52.0,0.0001240392051097229,3542.5494074304643
call,818.0,2026-09-30,77.0,0.00011702348481946072,4948.998815080813
call,819.0,2026-09-30,83.0,0.00011812776331957896,5384.974749753046
call,820.0,2026-09-30,6350.0,0.00011163001194210838,389321.41612163006
call,821.0,2026-09-30,8.0,0.00011274494981794057,495.3825251211955
call,822.0,2026-09-30,0.0,6.746454563731625e-13,0.0
call,823.0,2026-09-30,103.0,0.00010783039487040419,6100.030664725269
call,824.0,2026-09-30,52.0,0.00010221309679182495,2919.197564602332
call,825.0,2026-09-30,1247.0,9.694922948805823e-05,66399.43948133354
call,826.0,2026-09-30,2084.0,9.809018169753201e-05,112273.39401994647
call,827.0,2026-09-30,740.0,6.663322314635515e-05,27081.71347192926
call,828.0,2026-09-30,327.0,9.43022513546502e-05,16936.49006528678
call,829.0,2026-09-30,68.0,8.969411737878148e-05,3349.85856690365
call,830.0,2026-09-30,911.0,9.08144729596642e-05,45438.81969604183
call,831.0,2026-09-30,58.0,5.8380878946479333e-05,1859.7399507962089
call,832.0,2026-09-30,3.0,5.956779959411867e-05,98.14912007089372
call,833.0,2026-09-30,39.0,5.675777515556986e-05,1215.7480122912048
call,834.0,2026-09-30,0.0,3.8997420861595674e-16,0.0
call,835.0,2026-09-30,163.0,5.5251569948498224e-05,4946.361180697929
call,836.0,2026-09-30,83.0,5.6378836742552004e-05,2570.08685974817
call,837.0,2026-09-30,296.0,5.0372514141546704e-05,8189.152080161339
call,838.0,2026-09-30,186.0,5.146556163582596e-05,5257.548148858977
call,839.0,2026-09-30,515.0,5.254847179960786e-05,14863.494182104607
call,840.0,2026-09-30,495.0,5.0277267409363214e-05,13668.802310217692
call,841.0,2026-09-30,173.0,4.812906405311346e-05,4573.062292931185
call,842.0,2026-09-30,56.0,4.9168688028961096e-05,1512.2731626037787
call,843.0,2026-09-30,666.0,4.711840255501253e-05,17235.28167026244
call,844.0,2026-09-30,0.0,1.1121839870265316e-06,0.0
call,845.0,2026-09-30,568.0,4.61737080405122e-05,14404.450190789288
call,846.0,2026-09-30,0.0,7.761042772481299e-07,0.0
call,847.0,2026-09-30,0.0,6.469447914197977e-07,0.0
call,848.0,2026-09-30,0.0,5.385190050265692e-07,0.0
call,849.0,2026-09-30,74.0,4.1817459147141846e-05,1699.5852718389026
call,850.0,2026-09-30,1819.0,4.020961731968708e-05,40171.33242282318
call,851.0,2026-09-30,48.0,4.112954348840599e-05,1084.2981690942097
call,852.0,2026-09-30,38.0,4.204527951744186e-05,877.5147770206096
call,853.0,2026-09-30,0.0,2.1074124345685384e-07,0.0
call,854.0,2026-09-30,0.0,1.7396058630940315e-07,0.0
call,855.0,2026-09-30,180.0,3.9877889119164996e-05,3942.378016981999
call,856.0,2026-09-30,31.0,3.6229943298405846e-05,616.8547965778696
call,857.0,2026-09-30,75.0,3.707989532214614e-05,1527.4020204654405
call,858.0,2026-09-30,35.0,7.113812047489606e-05,1367.489589727477
call,859.0,2026-09-30,11.0,6.870272853504786e-05,415.0689711523953
call,860.0,2026-09-30,399.0,3.5350887011232455e-05,7746.879648234361
call,861.0,2026-09-30,19.0,3.616728752512179e-05,377.41845948344536
call,862.0,2026-09-30,18.0,0.00012634609692778866,1249.0733237437234
call,863.0,2026-09-30,39.0,4.9247373691770295e-05,1054.8756802433684
call,864.0,2026-09-30,11.0,4.763216693006735e-05,287.77073258941175
call,865.0,2026-09-30,94.0,3.16096406668018e-05,1631.9280618290336
call,870.0,2026-09-30,196.0,3.0118986259926896e-05,3242.2762841692675
call,875.0,2026-09-30,111.0,2.8832501089785223e-05,1757.7572335296
call,880.0,2026-09-30,180.0,2.630934249380584e-05,2600.9745194607817
call,885.0,2026-09-30,517.0,2.4158633691722778e-05,6859.879860674113
call,890.0,2026-09-30,216.0,2.2313798559831286e-05,2647.1640558938025
call,895.0,2026-09-30,0.0,2.162730199474981e-11,0.0
call,900.0,2026-09-30,625.0,2.1306323907821116e-05,7313.78417305933
call,905.0,2026-09-30,25.0,1.9947431017871477e-05,273.892776441172
call,910.0,2026-09-30,0.0,4.819529192021784e-13,0.0
call,915.0,2026-09-30,43.0,1.771195985938683e-05,418.3007784481055
call,920.0,2026-09-30,225.0,7.63836249119803e-06,943.9225920739232
call,925.0,2026-09-30,69.0,8.195273080908118e-06,310.5747313748067
call,930.0,2026-09-30,77.0,7.149906628541893e-06,302.3741729036928
call,935.0,2026-09-30,0.0,4.88360832744354e-16,0.0
call,940.0,2026-09-30,0.0,1.1366644529566776e-16,0.0
call,945.0,2026-09-30,0.0,2.5797000038626043e-17,0.0
call,950.0,2026-09-30,8123.0,3.504504878257785e-06,15634.95803851262
put,405.0,2026-09-30,6051.0,5.267322123575858e-07,-1750.53431847313
put,410.0,2026-09-30,2093.0,1.0819281055629054e-06,-1243.7160216853724
put,415.0,2026-09-30,985.0,1.0476147575492752e-06,-566.7498789471408
put,420.0,2026-09-30,2030.0,1.0072966817464027e-06,-1123.0705503302866
put,425.0,2026-09-30,4404.0,1.1668404219309269e-06,-2822.3597752045225
put,430.0,2026-09-30,670.0,1.112673442344394e-06,-409.44551936021617
put,435.0,2026-09-30,365.0,1.2861060896469422e-06,-257.82394954444425
put,440.0,2026-09-30,605.0,1.21551228450918e-06,-403.8948587075711
put,445.0,2026-09-30,462.0,1.4021730060653414e-06,-355.7928166091501
put,450.0,2026-09-30,930.0,1.312411995264694e-06,-670.357908951776
put,455.0,2026-09-30,571.0,1.51116292593928e-06,-473.91559099268807
put,460.0,2026-09-30,637.0,1.3994111035327666e-06,-489.5965464873168
put,465.0,2026-09-30,588.0,1.608556375916629e-06,-519.4780605537296
put,470.0,2026-09-30,1261.0,1.6512068326602463e-06,-1143.5895062309132
put,475.0,2026-09-30,790.0,2.63052052478897e-06,-1141.3593054781002
put,480.0,2026-09-30,1522.0,3.0152403264127506e-06,-2520.5202049602763
put,485.0,2026-09-30,496.0,3.105754167724547e-06,-846.0623146211298
put,490.0,2026-09-30,512.0,3.1890634590823555e-06,-896.7816647017225
put,495.0,2026-09-30,705.0,3.2638771991165617e-06,-1263.7946871371016
put,500.0,2026-09-30,3258.0,3.328831288327545e-06,-5956.572919386938
put,505.0,2026-09-30,495.0,3.8075323519595936e-06,-1035.1478847277522
put,510.0,2026-09-30,553.0,3.867519261722575e-06,-1174.6573880794506
put,515.0,2026-09-30,278.0,3.912855731141793e-06,-597.4371566896415
put,520.0,2026-09-30,8018.0,4.472039693904946e-06,-19693.608474750108
put,525.0,2026-09-30,707.0,6.135573586777391e-06,-2382.4740604398403
put,530.0,2026-09-30,2208.0,6.607443305815281e-06,-8012.833386342077
put,535.0,2026-09-30,778.0,6.6810631888716445e-06,-2854.820286396455
put,540.0,2026-09-30,4184.0,5.142519509028383e-06,-11817.380565445845
put,545.0,2026-09-30,1105.0,7.694718723087667e-06,-4669.911227744429
put,550.0,2026-09-30,1878.0,8.245895641600425e-06,-8505.24875420493
put,555.0,2026-09-30,5663.0,8.827958781434697e-06,-27457.466112729304
put,560.0,2026-09-30,668.0,8.801352552234594e-06,-3229.085006590903
put,565.0,2026-09-30,2748.0,1.0088162705758554e-05,-15225.880060957825
put,570.0,2026-09-30,1550.0,1.0000947323701618e-05,-8513.858655720556
put,575.0,2026-09-30,5832.0,1.148066866232397e-05,-36773.781933815444
put,580.0,2026-09-30,1293.0,1.2227272989320126e-05,-8683.238529197566
put,585.0,2026-09-30,694.0,1.300719579615568e-05,-4957.888392122386
put,590.0,2026-09-30,1179.0,1.3819683512482749e-05,-8948.81438899314
put,595.0,2026-09-30,469.0,1.4663377486185102e-05,-3777.117155262662
put,600.0,2026-09-30,16192.0,2.0033412224497846e-05,-178159.5145289996
put,605.0,2026-09-30,1485.0,2.1386368129158486e-05,-17442.835688196163
put,610.0,2026-09-30,4808.0,3.7150786342815476e-05,-98103.85367552735
put,615.0,2026-09-30,661.0,4.027585143368857e-05,-14621.764593596583
put,620.0,2026-09-30,2369.0,4.369036227760714e-05,-56846.57511672244
put,625.0,2026-09-30,2135.0,6.027662010105883e-05,-70680.62308162716
put,630.0,2026-09-30,1557.0,6.60549200808015e-05,-56486.853256831564
put,635.0,2026-09-30,1361.0,8.50534455968565e-05,-63577.52760466054
put,640.0,2026-09-30,7694.0,9.411414854847463e-05,-397704.6761797608
put,645.0,2026-09-30,1598.0,0.00011795857345312275,-103528.4911673162
put,650.0,2026-09-30,24526.0,0.0001487921349892762,-2004288.7890831593
put,651.0,2026-09-30,343.0,0.00015237513848183714,-28705.282896406097
put,652.0,2026-09-30,159.0,0.00015607467961324865,-13629.602006612844
put,653.0,2026-09-30,116.0,0.00015989594012826648,-10187.063750762132
put,654.0,2026-09-30,91.0,0.00018075257808817865,-9033.987610650402
put,655.0,2026-09-30,1913.0,0.0001853825512826662,-194776.8879840307
put,656.0,2026-09-30,222.0,0.00019017476445090095,-23187.79538461809
put,657.0,2026-09-30,222.0,0.00019513696483888286,-23792.83090332228
put,658.0,2026-09-30,125.0,0.00019634232333199826,-13479.6165035315
put,659.0,2026-09-30,101.0,0.00022231714475124843,-12332.409235366238
put,660.0,2026-09-30,8370.0,0.00022841254559512718,-1050023.4781179216
put,661.0,2026-09-30,155.0,0.00023473960192401882,-19983.50483203517
put,662.0,2026-09-30,142.0,0.00023895429550335902,-18636.175182385774
put,663.0,2026-09-30,171.0,0.00026556191255769205,-24941.093820996364
put,664.0,2026-09-30,2061.0,0.0002706650502082843,-306382.3694684294
put,665.0,2026-09-30,4898.0,0.0002786041295659034,-749479.792890465
put,666.0,2026-09-30,4907.0,0.00028686971818200316,-773133.270243277
put,667.0,2026-09-30,1225.0,0.00031617859252787466,-212726.77126070097
put,668.0,2026-09-30,187.0,0.00032281550771693447,-33155.04288974187
put,669.0,2026-09-30,473.0,0.0003328692609794115,-86474.57384953057
put,670.0,2026-09-30,3891.0,0.00034336514844190725,-733788.7360896977
put,671.0,2026-09-30,182.0,0.0003754625519687992,-37531.127673261646
put,672.0,2026-09-30,257.0,0.0003586043665135587,-50617.68684615983
put,673.0,2026-09-30,147.0,0.0003967603534677119,-32033.11708714114
put,674.0,2026-09-30,134.0,0.0004302541935592039,-31665.292804612927
put,675.0,2026-09-30,10821.0,0.0004450167496633013,-2644827.502724692
put,676.0,2026-09-30,21337.0,0.00045608916686626876,-5344864.651882187
put,677.0,2026-09-30,1079.0,0.0004953138121575136,-293532.01870021934
put,678.0,2026-09-30,198.0,0.0005131621055110406,-55805.032649958215
put,679.0,2026-09-30,159.0,0.000557583730694385,-48692.35902683703
put,680.0,2026-09-30,21686.0,0.0005730394382706387,-6825234.28651169
put,681.0,2026-09-30,14365.0,0.0006173918211456844,-4871022.101802763
put,682.0,2026-09-30,1972.0,0.0006353509075411154,-688135.8169480468
put,683.0,2026-09-30,592.0,0.0006852339584383793,-222799.48467033333
put,684.0,2026-09-30,395.0,0.0007127084635586019,-154618.91084101464
put,685.0,2026-09-30,9157.0,0.0007624171016661945,-3834417.882875863
put,686.0,2026-09-30,339.0,0.0007868795427491725,-146508.07119149572
put,687.0,2026-09-30,14575.0,0.0008504972174499566,-6808243.160330465
put,688.0,2026-09-30,1195.0,0.000911261824982714,-598087.4372193058
put,689.0,2026-09-30,148.0,0.0009428984110796903,-76644.36266548613
put,690.0,2026-09-30,23789.0,0.0010072147973240882,-13159878.564230166
put,691.0,2026-09-30,831.0,0.0010765110425276871,-491329.80577599874
put,692.0,2026-09-30,279.0,0.001151213895591083,-176406.19163550573
put,693.0,2026-09-30,330.0,0.001226586922721414,-222313.5163183102
put,694.0,2026-09-30,277.0,0.001307784532730535,-198961.7369072252
put,695.0,2026-09-30,19345.0,0.0013953206600420523,-14825056.483670989
put,696.0,2026-09-30,2862.0,0.001483686412777149,-2332197.615012699
put,697.0,2026-09-30,492.0,0.0016173267947888618,-437035.2651698366
put,698.0,2026-09-30,823.0,0.0017220945237958335,-778413.6067347405
put,699.0,2026-09-30,512.0,0.0018280845639966582,-514067.1358694682
put,700.0,2026-09-30,25211.0,0.0019797185223908794,-27412403.555439502
put,701.0,2026-09-30,529.0,0.002136502958405561,-620744.3402337269
put,702.0,2026-09-30,668.0,0.0023066028038358772,-846258.172914108
put,703.0,2026-09-30,458.0,0.002482551793717709,-624478.3607406364
put,704.0,2026-09-30,453.0,0.0026689012929302872,-664024.8188039376
put,705.0,2026-09-30,22385.0,0.002866360440099732,-35240454.25898896
put,706.0,2026-09-30,677.0,0.0031153774767825222,-1158385.0458363872
put,707.0,2026-09-30,1428.0,0.003375536237091735,-2647430.573548396
put,708.0,2026-09-30,475.0,0.0036473330634544244,-951530.3194052348
put,709.0,2026-09-30,1739.0,0.003942536214196885,-3765553.923408687
put,710.0,2026-09-30,10509.0,0.004286188438192595,-24739234.112145122
put,711.0,2026-09-30,2095.0,0.004647032483200846,-5347038.774951699
put,712.0,2026-09-30,662.0,0.005062628731369873,-1840719.7277909764
put,713.0,2026-09-30,926.0,0.005505878898432768,-2800214.108934044
put,714.0,2026-09-30,1735.0,0.005966236902427653,-5685302.417747247
put,715.0,2026-09-30,8519.0,0.00648308526489523,-30333599.58401846
put,716.0,2026-09-30,3806.0,0.007052589544318676,-14742495.056524541
put,717.0,2026-09-30,1396.0,0.007651932337107822,-5866919.607918556
put,718.0,2026-09-30,1472.0,0.008307467159678214,-6716299.293800395
put,719.0,2026-09-30,894.0,0.008991318748725642,-4414835.343663453
put,720.0,2026-09-30,51660.0,0.009752850794305379,-276719382.50969976
put,721.0,2026-09-30,568.0,0.010561878743713398,-3294906.6198342107
put,722.0,2026-09-30,529.0,0.011402594246415758,-3312935.193746006
put,723.0,2026-09-30,543.0,0.012292297043746639,-3665949.4652365
put,724.0,2026-09-30,444.0,0.013235389131668331,-3227552.2560214163
put,725.0,2026-09-30,4861.0,0.01421647233858315,-37955180.69667923
put,726.0,2026-09-30,441.0,0.015232509382384046,-3689467.097548038
put,727.0,2026-09-30,1149.0,0.016273882060447397,-10269866.327818317
put,728.0,2026-09-30,890.0,0.017337219960718464,-8474675.225770656
put,729.0,2026-09-30,382.0,0.018411864121094176,-3862911.1752851214
put,730.0,2026-09-30,49384.0,0.01948217817983719,-528417720.0244544
put,731.0,2026-09-30,335.0,0.020538450928644526,-3778906.005707605
put,732.0,2026-09-30,787.0,0.021585540408888968,-9330206.509247022
put,733.0,2026-09-30,702.0,0.022598686841129107,-8713124.388322031
put,734.0,2026-09-30,920.0,0.0235697026534044,-11909554.85012993
put,735.0,2026-09-30,7022.0,0.024422889944943377,-94191448.46685629
put,736.0,2026-09-30,446.0,0.025230202199585574,-6180294.746714511
put,737.0,2026-09-30,411.0,0.025960472303235338,-5860140.23826949
put,738.0,2026-09-30,296.0,0.026599780090669833,-4324375.071874356
put,739.0,2026-09-30,276.0,0.027099643029019755,-4107960.4162053545
put,740.0,2026-09-30,1506.0,0.02745116267740088,-22705930.97267754
put,741.0,2026-09-30,1443.0,0.027700918926922755,-21954022.513643693
put,742.0,2026-09-30,248.0,0.027778322218975627,-3783652.91063863
put,743.0,2026-09-30,158.0,0.027700929370782782,-2403837.051244521
put,744.0,2026-09-30,555.0,0.02750469572432684,-8384041.626308025
put,745.0,2026-09-30,1360.0,0.02711010003728682,-20249934.66985247
put,746.0,2026-09-30,607.0,0.026599405254466347,-8867765.808707131
put,747.0,2026-09-30,415.0,0.025959369553283405,-5916921.883374461
put,748.0,2026-09-30,258.0,0.025181773576063188,-3568285.6916555227
put,749.0,2026-09-30,29.0,0.02392685101341862,-381098.413807684
put,750.0,2026-09-30,676.0,0.022996128568986432,-8537977.81372057
put,751.0,2026-09-30,79.0,0.02199938365907738,-954533.5616069817
put,752.0,2026-09-30,22.0,0.020998017734515914,-253719.92650507615
put,753.0,2026-09-30,11.0,0.01999168549674022,-120780.18599364854
put,754.0,2026-09-30,5.0,0.018914647076447483,-51942.379933853765
put,755.0,2026-09-30,60.0,0.01790853755935668,-590153.4772759858
put,756.0,2026-09-30,24.0,0.01691461670398336,-222960.02298481012
put,757.0,2026-09-30,2.0,0.015961366826047083,-17532.896629607363
put,758.0,2026-09-30,0.0,0.015050016892339898,-0.0
put,760.0,2026-09-30,50.0,0.013379689085641182,-367425.77911939524
put,761.0,2026-09-30,8.0,0.012619412160624774,-55447.59451993354
put,762.0,2026-09-30,7.0,0.011924467214893058,-45844.85693621126
put,763.0,2026-09-30,4.0,0.011278459385210476,-24777.835720112027
put,765.0,2026-09-30,15.0,0.010188531855264965,-83937.58399859205
put,766.0,2026-09-30,0.0,0.009713692415993423,-0.0
put,767.0,2026-09-30,1.0,0.009275824923114379,-5094.553658960571
put,769.0,2026-09-30,0.0,0.005209378618018435,-0.0
put,770.0,2026-09-30,4.0,0.008141921847896028,-17887.12403909534
put,771.0,2026-09-30,1.0,0.007813356430228529,-4291.323296884634
put,772.0,2026-09-30,0.0,0.00750716072319882,-0.0
put,773.0,2026-09-30,0.0,0.0,-0.0
put,774.0,2026-09-30,0.0,0.0069515187490827605,-0.0
put,775.0,2026-09-30,50.0,0.006700083724487027,-183994.0724240567
put,776.0,2026-09-30,0.0,0.0064617609640422865,-0.0
put,777.0,2026-09-30,0.0,0.006888879642999485,-0.0
put,778.0,2026-09-30,0.0,0.006679382851433368,-0.0
put,779.0,2026-09-30,0.0,0.006480844669838115,-0.0
put,780.0,2026-09-30,0.0,0.00629136335293913,-0.0
put,782.0,2026-09-30,0.0,0.003533856060711125,-0.0
put,783.0,2026-09-30,0.0,0.0,-0.0
put,784.0,2026-09-30,0.0,0.0034717325706881776,-0.0
put,785.0,2026-09-30,0.0,0.0,-0.0
put,789.0,2026-09-30,0.0,0.003331070833972488,-0.0
put,790.0,2026-09-30,5.0,0.004818373806775102,-13231.957325097943
put,791.0,2026-09-30,0.0,0.004703968514120328,-0.0
put,792.0,2026-09-30,0.0,0.0032539324249073387,-0.0
put,795.0,2026-09-30,0.0,0.0,-0.0
put,797.0,2026-09-30,0.0,0.003128589068146313,-0.0
put,800.0,2026-09-30,1.0,0.0038484402858507774,-2113.6756786683245
put,801.0,2026-09-30,0.0,0.003770175981073522,-0.0
put,805.0,2026-09-30,0.0,0.002947066437581617,-0.0
put,806.0,2026-09-30,0.0,0.0,-0.0
put,809.0,2026-09-30,0.0,0.0033744927920277127,-0.0
put,810.0,2026-09-30,0.0,0.0,-0.0
put,815.0,2026-09-30,0.0,0.00275257448833026,-0.0
put,819.0,2026-09-30,0.0,0.0,-0.0
put,820.0,2026-09-30,0.0,0.0026699191877632075,-0.0
put,821.0,2026-09-30,0.0,0.002627485052577186,-0.0
put,822.0,2026-09-30,0.0,0.0,-0.0
put,825.0,2026-09-30,0.0,0.0025799944550849822,-0.0
put,830.0,2026-09-30,0.0,0.0025043300180288505,-0.0
put,831.0,2026-09-30,0.0,0.0,-0.0
put,833.0,2026-09-30,0.0,0.0,-0.0
put,835.0,2026-09-30,0.0,0.0021599511052423017,-0.0
put,840.0,2026-09-30,1.0,0.0012960119396771268,-711.8075668812705
put,841.0,2026-09-30,0.0,0.001277671481307758,-0.0
put,842.0,2026-09-30,0.0,0.0,-0.0
put,843.0,2026-09-30,0.0,0.0,-0.0
put,845.0,2026-09-30,0.0,0.0012053098906057529,-0.0
put,848.0,2026-09-30,0.0,0.0,-0.0
put,850.0,2026-09-30,3.0,0.0011247561488188953,-1853.2466710722906
put,851.0,2026-09-30,0.0,0.001109464986932475,-0.0
put,853.0,2026-09-30,0.0,0.0,-0.0
put,855.0,2026-09-30,0.0,0.001956308521516141,-0.0
put,860.0,2026-09-30,0.0,0.0019156136670892415,-0.0
put,865.0,2026-09-30,0.0,0.0018751455025675043,-0.0
put,890.0,2026-09-30,0.0,0.001712073182088655,-0.0
put,935.0,2026-09-30,0.0,0.0015704808973218318,-0.0
put,950.0,2026-09-30,0.0,0.00042953415649517665,-0.0
call,610.0,2026-10-01,0.0,0.0005772354258826479,0.0
call,640.0,2026-10-01,30.0,0.0009465943408911615,15596.916833524967
call,645.0,2026-10-01,30.0,0.0010370677804748926,17087.636407764054
call,650.0,2026-10-01,1.0,0.001145351594878521,629.0605101810785
call,675.0,2026-10-01,1.0,0.0020184808073032655,1108.6085461535329
call,680.0,2026-10-01,2.0,0.002311488489052266,2539.0738262430773
call,687.0,2026-10-01,5.0,0.002828859618099166,7768.461154414566
call,689.0,2026-10-01,5.0,0.0030182370665196765,8288.519252089074
call,690.0,2026-10-01,4.0,0.003124070175346526,6863.32192536359
call,691.0,2026-10-01,1.0,0.003223827336335481,1770.620024452839
call,695.0,2026-10-01,19.0,0.0036899960642572784,38506.41630519314
call,700.0,2026-10-01,2.0,0.00443946833803715,4876.571054942468
call,705.0,2026-10-01,5.0,0.005427651447342521,14905.122600857283
call,708.0,2026-10-01,0.0,0.0061842949950432794,0.0
call,709.0,2026-10-01,2.0,0.006568066477974143,7214.747450499466
call,710.0,2026-10-01,29.0,0.006859922270358786,109262.41378824101
call,711.0,2026-10-01,0.0,0.007172527515786048,0.0
call,712.0,2026-10-01,2.0,0.007506098644806905,8245.136714499513
call,713.0,2026-10-01,0.0,0.00784428526455384,0.0
call,714.0,2026-10-01,0.0,0.008211168570444915,0.0
call,715.0,2026-10-01,212.0,0.008599465066549216,1001292.3438726012
call,716.0,2026-10-01,25.0,0.009007155915469382,123674.82004656055
call,717.0,2026-10-01,107.0,0.009439012137927048,554707.3496798088
call,718.0,2026-10-01,54.0,0.009888561307163871,293278.66327462666
call,719.0,2026-10-01,55.0,0.010359229274174469,312927.50145795767
call,720.0,2026-10-01,344.0,0.010855452954293753,2050973.2213654928
call,721.0,2026-10-01,33.0,0.01136948569303041,206066.95671761897
call,722.0,2026-10-01,62.0,0.011920168009531553,405908.0497107571
call,723.0,2026-10-01,31.0,0.01246323801486162,212200.39145623826
call,724.0,2026-10-01,34.0,0.013130633552675516,245198.71860463885
call,725.0,2026-10-01,1239.0,0.014118485300263627,9607557.897015315
call,726.0,2026-10-01,37.0,0.015140277285707028,307672.83344262553
call,727.0,2026-10-01,112.0,0.01617662456958245,995083.5045135674
call,728.0,2026-10-01,38.0,0.017219092718269213,359374.6665639611
call,729.0,2026-10-01,301.0,0.018273114411374542,3020874.386878673
call,730.0,2026-10-01,1754.0,0.01931032885370248,18602566.118024275
call,731.0,2026-10-01,91.0,0.020425136131257387,1020845.3384582448
call,732.0,2026-10-01,251.0,0.02152993972701973,2968042.6231397768
call,733.0,2026-10-01,144.0,0.022521229021321337,1781181.5052447969
call,734.0,2026-10-01,65.0,0.023460798739965434,837548.0820821064
call,735.0,2026-10-01,786.0,0.024367308158237285,10519223.910856355
call,736.0,2026-10-01,143.0,0.02517987027144627,1977621.2664661265
call,737.0,2026-10-01,63.0,0.0258700271401967,895140.1388627754
call,738.0,2026-10-01,126.0,0.026512680623373096,1834753.7469688298
call,739.0,2026-10-01,717.0,0.02701906917890921,10640036.96735885
call,740.0,2026-10-01,3790.0,0.027424428138848034,57086101.87413494
call,741.0,2026-10-01,155.0,0.027717004146754074,2359563.029656501
call,742.0,2026-10-01,129.0,0.02785674934157065,1973666.3859539966
call,743.0,2026-10-01,71.0,0.02788349993005946,1087324.6457026443
call,744.0,2026-10-01,66.0,0.02778248530030665,1007090.7955661848
call,745.0,2026-10-01,435.0,0.0274764782746008,6564534.305997384
call,746.0,2026-10-01,273.0,0.027096685624162935,4062865.240554812
call,747.0,2026-10-01,106.0,0.02655576301277349,1546031.1766261605
call,748.0,2026-10-01,87.0,0.025864613238872926,1235887.2139366434
call,749.0,2026-10-01,65.0,0.025068506795256067,894943.0929332419
call,750.0,2026-10-01,627.0,0.024140543922277807,8313199.253138055
call,751.0,2026-10-01,173.0,0.023128318677401047,2197575.2930868953
call,752.0,2026-10-01,167.0,0.022037502294178234,2021307.742716668
call,753.0,2026-10-01,113.0,0.020870380472806097,1295276.266140501
call,754.0,2026-10-01,110.0,0.019669899896136853,1188361.115584395
call,755.0,2026-10-01,369.0,0.01843415573581587,3735968.590025784
call,756.0,2026-10-01,119.0,0.017181204323893456,1122933.820055973
call,757.0,2026-10-01,66.0,0.01593002420815176,577449.4462883441
call,758.0,2026-10-01,162.0,0.014700340360914504,1307964.6381747217
call,759.0,2026-10-01,62.0,0.013491087411756546,459401.3251662759
call,760.0,2026-10-01,1039.0,0.012305040041716616,7021860.167912069
call,761.0,2026-10-01,12.0,0.01119006877223981,73750.94672031913
call,762.0,2026-10-01,54.0,0.010158619600131124,301288.1535035323
call,763.0,2026-10-01,100.0,0.009148855824127729,502481.85256242915
call,764.0,2026-10-01,112.0,0.008210434774329615,505053.95446850365
call,765.0,2026-10-01,162.0,0.007400967655459189,658502.030834155
call,766.0,2026-10-01,17.0,0.006612875882929433,61743.734081110815
call,767.0,2026-10-01,38.0,0.005909335281708315,123332.01471326059
call,768.0,2026-10-01,3.0,0.005234689888714877,8625.133208245905
call,769.0,2026-10-01,79.0,0.004731624684820353,205300.95899870762
call,770.0,2026-10-01,256.0,0.004169508804018521,586244.0641636126
call,771.0,2026-10-01,16.0,0.0037169167596292087,32663.025936393868
call,772.0,2026-10-01,24.0,0.0033620753912479073,44317.19734640907
call,774.0,2026-10-01,3.0,0.0027075604086264334,4461.21349883993
call,775.0,2026-10-01,113.0,0.0024070412150659485,149387.9501410795
call,780.0,2026-10-01,207.0,0.0014219613788467602,161663.41337282653
call,785.0,2026-10-01,260.0,0.0009061889567078018,129403.40712299594
call,790.0,2026-10-01,512.0,0.0006034432332877996,169691.45777253967
call,795.0,2026-10-01,10.0,0.0004435356864785203,2436.0273864139117
call,800.0,2026-10-01,2007.0,0.00031291495585148826,344927.07951112057
call,805.0,2026-10-01,34.0,0.0002610004010986472,4873.86717845347
call,810.0,2026-10-01,195.0,0.00022975265065406064,24606.4374075363
call,815.0,2026-10-01,16.0,0.00020529549083142095,1804.0683650715778
call,820.0,2026-10-01,41.0,0.00013958102350202493,3143.1407789403247
call,825.0,2026-10-01,127.0,0.0001253594730658892,8744.087137352239
call,830.0,2026-10-01,20.0,0.00011385587563616334,1250.6593701891998
call,835.0,2026-10-01,15.0,0.00010442604235801592,860.307434533564
call,840.0,2026-10-01,89.0,9.115100392828537e-05,4455.588361602306
call,845.0,2026-10-01,41.0,8.515095717911523e-05,1917.4629842974014
call,850.0,2026-10-01,96.0,5.324870999374306e-05,2807.5915196637065
call,855.0,2026-10-01,45.0,5.116781152557357e-05,1264.6284682515518
call,860.0,2026-10-01,81.0,4.660257062188781e-05,2073.234800179737
call,865.0,2026-10-01,28.0,4.276029517990889e-05,657.5856446230895
call,870.0,2026-10-01,108.0,3.950123766740022e-05,2343.085069897011
call,875.0,2026-10-01,130.0,3.6717321662323426e-05,2621.609151361406
call,880.0,2026-10-01,102.0,3.4324055609513724e-05,1922.8808158427892
call,885.0,2026-10-01,74.0,3.2254718617862665e-05,1310.9272018975419
call,890.0,2026-10-01,45.0,3.045612709885503e-05,752.732708582808
call,895.0,2026-10-01,45.0,2.8885516018108023e-05,713.9145644010645
call,900.0,2026-10-01,3.0,2.750821587299101e-05,45.3249440310169
put,500.0,2026-10-01,77.0,6.291629765947486e-06,-266.0770896084546
put,505.0,2026-10-01,20.0,6.680179580988608e-06,-73.37899024384066
put,510.0,2026-10-01,61.0,6.691138188564441e-06,-224.1730662498003
put,515.0,2026-10-01,136.0,7.4985752523565595e-06,-560.1073355256772
put,520.0,2026-10-01,126.0,7.4714517014144765e-06,-517.0459448895515
put,525.0,2026-10-01,163.0,8.367480163017944e-06,-749.0932673441057
put,530.0,2026-10-01,164.0,8.28921666843959e-06,-746.6394580683486
put,535.0,2026-10-01,102.0,9.27836387004696e-06,-519.7867085140443
put,540.0,2026-10-01,389.0,9.745678516989648e-06,-2082.1656634936735
put,545.0,2026-10-01,204.0,1.0218158900273174e-05,-1144.8706380211404
put,550.0,2026-10-01,98.0,1.0693224856091772e-05,-575.5570432050762
put,555.0,2026-10-01,149.0,1.1167809817411581e-05,-913.9193569391273
put,560.0,2026-10-01,1216.0,1.249797959396909e-05,-8346.934088187742
put,565.0,2026-10-01,107.0,1.3023625656450212e-05,-765.3662020502525
put,570.0,2026-10-01,114.0,1.353987843248894e-05,-847.7605719312332
put,575.0,2026-10-01,161.0,1.5164193974510082e-05,-1340.9074542349645
put,580.0,2026-10-01,298.0,1.57259475935081e-05,-2573.8704628565147
put,585.0,2026-10-01,316.0,2.0616718637961012e-05,-3578.1638567900286
put,590.0,2026-10-01,275.0,2.231379847823024e-05,-3370.2320032806747
put,595.0,2026-10-01,321.0,2.8255192999117518e-05,-4981.462994497457
put,600.0,2026-10-01,99.0,3.997043894882226e-05,-2173.3401849215443
put,605.0,2026-10-01,40.0,4.218058977844157e-05,-926.6724189991467
put,610.0,2026-10-01,25.0,5.7640487752030785e-05,-791.445936656343
put,615.0,2026-10-01,104.0,7.323301359829184e-05,-4183.057585663941
put,620.0,2026-10-01,36.0,7.838861179373288e-05,-1549.9192497068627
put,625.0,2026-10-01,38.0,9.86373507283035e-05,-2058.6314046109396
put,630.0,2026-10-01,94.0,0.0001202469326880702,-6208.0536084241185
put,635.0,2026-10-01,69.0,0.00013036082042451526,-4940.259633258847
put,640.0,2026-10-01,138.0,0.00016058214148982814,-12171.102772152697
put,645.0,2026-10-01,12.0,0.00019200408087295033,-1265.4509124799986
put,650.0,2026-10-01,44.0,0.00023098521089626121,-5582.0079279221545
put,655.0,2026-10-01,240.0,0.00027493129347677827,-36240.06892121317
put,660.0,2026-10-01,43.0,0.00034728082176104457,-8201.68062913461
put,665.0,2026-10-01,70.0,0.00043442186541920596,-16701.801356149004
put,666.0,2026-10-01,1.0,0.0004684446101473243,-257.28344620859133
put,667.0,2026-10-01,20.0,0.00047700345495879935,-5239.684269463911
put,668.0,2026-10-01,40.0,0.0005103923630626495,-11212.895035424293
put,670.0,2026-10-01,100.0,0.0005391006505926486,-29608.98049273084
put,671.0,2026-10-01,2.0,0.0005774453655605325,-634.299682098465
put,672.0,2026-10-01,47.0,0.0006135300916015536,-15837.525390041328
put,673.0,2026-10-01,14.0,0.0006316309330142179,-4856.741896922084
put,674.0,2026-10-01,9.0,0.0006452868443689509,-3189.6932436491816
put,675.0,2026-10-01,48.0,0.0006865729164883276,-18100.122032908494
put,676.0,2026-10-01,19.0,0.0007305770390308963,-7623.830247526676
put,677.0,2026-10-01,32.0,0.0007536049991289342,-13244.859233705301
put,678.0,2026-10-01,17.0,0.0007962691285503181,-7434.682005316768
put,679.0,2026-10-01,71.0,0.000844866063206724,-32945.78138134325
put,680.0,2026-10-01,277.0,0.0008695705227184185,-132293.39943495777
put,681.0,2026-10-01,57.0,0.0009199588570067038,-28800.289849642413
put,682.0,2026-10-01,50.0,0.0009735942235015251,-26736.317550165826
put,683.0,2026-10-01,65.0,0.001030704523969181,-36796.04461945143
put,684.0,2026-10-01,48.0,0.001087521776618965,-28670.33697007675
put,685.0,2026-10-01,284.0,0.0011228902433079652,-175149.63889473045
put,687.0,2026-10-01,43.0,0.0012762632488091488,-30141.323417613978
put,688.0,2026-10-01,107.0,0.0013158047369287906,-77326.58329626876
put,689.0,2026-10-01,23.0,0.0014167316783541676,-17896.538492010328
put,690.0,2026-10-01,293.0,0.0014938801384557878,-240401.3883865875
put,691.0,2026-10-01,22.0,0.0015707107996008453,-18978.964284822923
put,692.0,2026-10-01,105.0,0.0016806796493551337,-96923.22100234668
put,693.0,2026-10-01,95.0,0.0017691147359971597,-92306.69535913193
put,694.0,2026-10-01,1038.0,0.001887881230507493,-1076280.867532206
put,695.0,2026-10-01,459.0,0.001983204531301032,-499958.30787939095
put,696.0,2026-10-01,277.0,0.00211475191791329,-321730.9152887871
put,697.0,2026-10-01,37.0,0.002248752368762286,-45697.97500743718
put,698.0,2026-10-01,70.0,0.002424449872883145,-93210.50204450596
put,699.0,2026-10-01,67.0,0.0025719748021562567,-94644.44090904327
put,700.0,2026-10-01,1088.0,0.0027299522712078373,-1631313.940346688
put,701.0,2026-10-01,530.0,0.0029231346841620204,-850899.5491897478
put,702.0,2026-10-01,396.0,0.0031260004717052203,-679888.6999404185
put,703.0,2026-10-01,52.0,0.003339105811789543,-95364.58496681742
put,704.0,2026-10-01,50.0,0.0035587120087470863,-97727.4228202131
put,705.0,2026-10-01,342.0,0.003789632817088484,-711830.9002055941
put,706.0,2026-10-01,52.0,0.004060348934882536,-115963.22872679832
put,707.0,2026-10-01,9.0,0.004345430506854718,-21479.734864293263
put,708.0,2026-10-01,62.0,0.0046410414830179245,-158037.7135198246
put,709.0,2026-10-01,26.0,0.004977149733969712,-71073.49174468798
put,710.0,2026-10-01,391.0,0.005326402786743683,-1143837.5785667652
put,711.0,2026-10-01,25.0,0.005716851304250373,-78496.5379661983
put,712.0,2026-10-01,94.0,0.0061229457354424555,-316112.6401926904
put,713.0,2026-10-01,22.0,0.006567682785974441,-79357.58578901424
put,714.0,2026-10-01,31.0,0.007011750897918338,-119382.80273213747
put,715.0,2026-10-01,663.0,0.007513223989076936,-2735857.4361821623
put,716.0,2026-10-01,49.0,0.008052766838922913,-216717.9094148557
put,717.0,2026-10-01,77.0,0.008611248028980318,-364175.2453154041
put,718.0,2026-10-01,103.0,0.009206171743424847,-520798.70436449937
put,719.0,2026-10-01,56.0,0.009822995187431573,-302124.2297453411
put,720.0,2026-10-01,715.0,0.010483484212255251,-4116852.291397262
put,721.0,2026-10-01,33.0,0.011166495996507358,-202387.85722825685
put,722.0,2026-10-01,30.0,0.011880569111961094,-195754.6547338892
put,723.0,2026-10-01,64.0,0.012625926474786723,-443809.73864811653
put,724.0,2026-10-01,61.0,0.013393634742431508,-448726.67158065364
put,725.0,2026-10-01,267.0,0.014183765966246561,-2079966.8628758192
put,726.0,2026-10-01,195.0,0.014991747883630028,-1605611.5343084827
put,727.0,2026-10-01,269.0,0.015808045199034414,-2335522.4535491075
put,728.0,2026-10-01,148.0,0.0166339692479641,-1352107.45572012
put,729.0,2026-10-01,154.0,0.017454755040918295,-1476345.7462969879
put,730.0,2026-10-01,1425.0,0.01827573820076962,-14303535.244797146
put,731.0,2026-10-01,144.0,0.019094598141065754,-1510172.6920297777
put,732.0,2026-10-01,194.0,0.019872078901468904,-2117379.14253994
put,733.0,2026-10-01,114.0,0.020636494805666036,-1292094.809147516
put,734.0,2026-10-01,223.0,0.02133946823250083,-2613617.6470510485
put,735.0,2026-10-01,493.0,0.022015820946845694,-5961223.456684522
put,736.0,2026-10-01,1173.0,0.02261078417257756,-14566903.210075295
put,737.0,2026-10-01,352.0,0.02314361366627565,-4474324.030171379
put,738.0,2026-10-01,131.0,0.023607576635555492,-1698542.0452782682
put,739.0,2026-10-01,846.0,0.023996366990648905,-11149861.075012034
put,740.0,2026-10-01,3985.0,0.024308506561215203,-53203499.78639402
put,741.0,2026-10-01,161.0,0.024499878267738792,-2166423.7118228716
put,742.0,2026-10-01,160.0,0.024609119332364978,-2162567.404670734
put,743.0,2026-10-01,299.0,0.02458997363774076,-4038153.7406403106
put,744.0,2026-10-01,281.0,0.024489891632135448,-3779608.188359714
put,745.0,2026-10-01,241.0,0.024262446227963846,-3211480.034451318
put,746.0,2026-10-01,80.0,0.02394915672059449,-1052286.0447345276
put,747.0,2026-10-01,169.0,0.023522623158390554,-2183363.5392622547
put,748.0,2026-10-01,49.0,0.022989216827180074,-618691.079665939
put,749.0,2026-10-01,37.0,0.02238442155186869,-454884.562143341
put,750.0,2026-10-01,239.0,0.021412534725562694,-2810732.912820992
put,751.0,2026-10-01,7.0,0.020695478812436587,-79565.92510880208
put,755.0,2026-10-01,5.0,0.017441480537717092,-47896.849729071
put,757.0,2026-10-01,1.0,0.015818139468453063,-8687.78367152483
put,760.0,2026-10-01,3.0,0.013520830196085399,-22278.103193604897
put,761.0,2026-10-01,1.0,0.012820115759850877,-7041.181586976035
put,765.0,2026-10-01,2.0,0.010402997973574128,-11427.25996441879
put,767.0,2026-10-01,1.0,0.009439098141987134,-5184.228074067921
put,770.0,2026-10-01,0.0,0.008305211983077857,-0.0
call,490.0,2026-10-02,0.0,0.00017780032870725942,0.0
call,495.0,2026-10-02,45.0,0.00018669871431447745,4614.317127674048
call,515.0,2026-10-02,0.0,0.00022533883181622184,0.0
call,525.0,2026-10-02,0.0,0.000248552711232963,0.0
call,540.0,2026-10-02,0.0,0.0002903139625742621,0.0
call,545.0,2026-10-02,4.0,0.0003049819438005527,670.0199240864235
call,550.0,2026-10-02,1.0,0.0003224844707718662,177.11787944970848
call,555.0,2026-10-02,160.0,0.00034145694907234417,30006.098885099862
call,560.0,2026-10-02,0.0,0.00036173195294196965,0.0
call,565.0,2026-10-02,11.0,0.00038130341640637297,2303.652564016413
call,570.0,2026-10-02,1.0,0.0004047950986311368,222.32527758492427
call,575.0,2026-10-02,10.0,0.0004300507692511644,2361.964286936673
call,580.0,2026-10-02,88.0,0.00045505916669814667,21993.995774244777
call,585.0,2026-10-02,10.0,0.0004847297036303864,2662.2769464776875
call,590.0,2026-10-02,6.0,0.0005194089370746934,1711.6472482852216
call,595.0,2026-10-02,6.0,0.0005550415784261923,1829.0701653068752
call,600.0,2026-10-02,99.0,0.0005905976085794473,32112.97022501421
call,605.0,2026-10-02,16.0,0.0006356499390885428,5585.879854082999
call,610.0,2026-10-02,169.0,0.0006786046793623165,62987.903369269065
call,615.0,2026-10-02,1.0,0.0007297572298635507,400.80396044236966
call,620.0,2026-10-02,103.0,0.000789539374417349,44664.72000535837
call,625.0,2026-10-02,116.0,0.0008519884724531714,54280.68327959117
call,630.0,2026-10-02,249.0,0.0009293372372905099,127094.36163476035
call,635.0,2026-10-02,6.0,0.0010077507769889248,3320.9167599331013
call,640.0,2026-10-02,10.0,0.0011005627279883814,6044.611578229653
call,645.0,2026-10-02,20.0,0.0012044364206663482,13230.2324046688
call,650.0,2026-10-02,32.0,0.0013227480836790226,23247.73878919647
call,655.0,2026-10-02,30.0,0.0014631054081067072,24107.405234894315
call,660.0,2026-10-02,85.0,0.001628022085743629,76003.36413376071
call,665.0,2026-10-02,18.0,0.0018135750387000388,17929.229762771407
call,670.0,2026-10-02,66.0,0.0020292596415713167,73558.88736195432
call,675.0,2026-10-02,26.0,0.002295392754804776,32778.11332377058
call,676.0,2026-10-02,1.0,0.0023530925831734754,1292.3870953629887
call,677.0,2026-10-02,2.0,0.002414158782986773,2651.8528676687497
call,678.0,2026-10-02,1.0,0.0024837659925662464,1364.1567440431704
call,679.0,2026-10-02,0.0,0.002542017901348919,0.0
call,680.0,2026-10-02,58.0,0.002615501554654274,83317.56596229666
call,681.0,2026-10-02,0.0,0.002698415661569895,0.0
call,682.0,2026-10-02,37.0,0.0027576946443985573,56040.4349933962
call,683.0,2026-10-02,2.0,0.0028330604498676246,3111.998900488867
call,684.0,2026-10-02,1.0,0.002917093393621283,1602.1527945153696
call,685.0,2026-10-02,38.0,0.003004542413006506,62706.92919295834
call,686.0,2026-10-02,12.0,0.0030883376049070095,20354.461334402036
call,687.0,2026-10-02,0.0,0.0031823130759654353,0.0
call,688.0,2026-10-02,17.0,0.003272739745629848,30557.230492179784
call,689.0,2026-10-02,5.0,0.003373973153139356,9265.422436837905
call,690.0,2026-10-02,127.0,0.00347958569594706,242708.42707877097
call,691.0,2026-10-02,10.0,0.003589819737281159,19716.33728446245
call,692.0,2026-10-02,15.0,0.003709701938826365,30562.147964337884
call,693.0,2026-10-02,11.0,0.0038219747875823397,23090.540604117672
call,694.0,2026-10-02,100.0,0.0039517355267109,217040.84384647937
call,695.0,2026-10-02,268.0,0.004080754091463803,600660.1451150893
call,696.0,2026-10-02,9.0,0.004221639890191203,20867.830101249598
call,697.0,2026-10-02,26.0,0.004367355658129727,62365.657636469325
call,698.0,2026-10-02,10.0,0.00452076083599598,24829.337389623965
call,699.0,2026-10-02,78.0,0.004679742095803121,200479.56902517166
call,700.0,2026-10-02,622.0,0.004852264368039238,1657633.2032892797
call,701.0,2026-10-02,23.0,0.005032036748145621,63566.05187301074
call,702.0,2026-10-02,133.0,0.0052195236086193045,381273.0470218353
call,703.0,2026-10-02,125.0,0.005498801376446797,377512.7671187856
call,704.0,2026-10-02,208.0,0.005704544334366262,651685.2517232375
call,705.0,2026-10-02,1313.0,0.005837454366447495,4209609.613620334
call,706.0,2026-10-02,146.0,0.0060657762385792355,486399.18571963505
call,707.0,2026-10-02,520.0,0.006376951759347689,1821252.1320421642
call,708.0,2026-10-02,298.0,0.006561984191506678,1074001.8805113365
call,709.0,2026-10-02,497.0,0.006826564164229524,1863426.0533645225
call,710.0,2026-10-02,1615.0,0.005316046892467971,4715360.788966777
call,711.0,2026-10-02,531.0,0.007437988826106483,2169220.2030898556
call,712.0,2026-10-02,420.0,0.007705400772446992,1777452.978064172
call,713.0,2026-10-02,248.0,0.008055797353930558,1097270.7734268028
call,714.0,2026-10-02,332.0,0.008383440983051242,1528670.881125312
call,715.0,2026-10-02,2249.0,0.008721937913319128,10773480.854161408
call,716.0,2026-10-02,317.0,0.00908125493060451,1581097.7752439776
call,717.0,2026-10-02,471.0,0.009451898091085705,2445082.6025615423
call,718.0,2026-10-02,1036.0,0.009837634157705211,5597627.845221439
call,719.0,2026-10-02,517.0,0.009911140588567846,2814283.066973311
call,720.0,2026-10-02,1886.0,0.010557485840583072,10935931.819803962
call,721.0,2026-10-02,370.0,0.01107422935434397,2250447.2403956996
call,722.0,2026-10-02,561.0,0.011896178677346268,3665421.624824477
call,723.0,2026-10-02,491.0,0.012033758510986418,3245162.0012262454
call,724.0,2026-10-02,542.0,0.01330882430944128,3961800.2623075102
call,725.0,2026-10-02,34176.0,0.014038471723896844,263508519.22953808
call,726.0,2026-10-02,676.0,0.014774157540462816,5485333.277663259
call,727.0,2026-10-02,687.0,0.015531126157564542,5860211.392895584
call,728.0,2026-10-02,591.0,0.016270226596909507,5281225.118942994
call,729.0,2026-10-02,474.0,0.017007614964191686,4427671.121462027
call,730.0,2026-10-02,2316.0,0.017801390711256818,22643631.849880513
call,731.0,2026-10-02,1290.0,0.018639871097102596,13206453.693420267
call,732.0,2026-10-02,4708.0,0.019363804980054414,50070364.404967375
call,733.0,2026-10-02,339.0,0.020056312422628664,3734258.5346509838
call,734.0,2026-10-02,516.0,0.020709155559468152,5869021.35752356
call,735.0,2026-10-02,2856.0,0.021340322703945976,33474398.618509136
call,736.0,2026-10-02,484.0,0.021919820618555314,5826878.40473888
call,737.0,2026-10-02,418.0,0.02242035171099619,5147214.901178292
call,738.0,2026-10-02,563.0,0.02288298702151824,7075786.28364791
call,739.0,2026-10-02,389.0,0.02328437886101055,4974711.004026606
call,740.0,2026-10-02,3298.0,0.023579882283911453,42711604.057327904
call,741.0,2026-10-02,982.0,0.023832685637235455,12853993.329933839
call,742.0,2026-10-02,1483.0,0.023977058698371915,19529478.906706553
call,743.0,2026-10-02,824.0,0.024035624785940443,10877678.666856792
call,744.0,2026-10-02,1974.0,0.02401468188184599,26036199.117596153
call,745.0,2026-10-02,15767.0,0.023876872141650733,206766463.33475292
call,746.0,2026-10-02,1035.0,0.02367880798066212,13460270.369150773
call,747.0,2026-10-02,659.0,0.023364784739125538,8456697.514857175
call,748.0,2026-10-02,1073.0,0.02294399267478226,13521420.381028114
call,749.0,2026-10-02,724.0,0.02246205100045383,8931853.128310062
call,750.0,2026-10-02,2425.0,0.02187962672235826,29141053.572065152
call,751.0,2026-10-02,372.0,0.0212248114178172,4336510.257839911
call,752.0,2026-10-02,5506.0,0.020503823838400013,62004708.03665903
call,753.0,2026-10-02,586.0,0.01972359822226527,6348006.475958822
call,754.0,2026-10-02,602.0,0.01888857261923636,6245241.3907757895
call,755.0,2026-10-02,2254.0,0.018009344488862433,22294894.167293638
call,756.0,2026-10-02,864.0,0.01709542207283957,8112359.123474422
call,757.0,2026-10-02,280.0,0.016160762015779175,2485269.3516343334
call,758.0,2026-10-02,718.0,0.01521629751922335,6000494.3817578675
call,759.0,2026-10-02,1440.0,0.014270862921032018,11286682.922482274
call,760.0,2026-10-02,2992.0,0.013328466466020298,21902584.814996228
call,761.0,2026-10-02,281.0,0.012405248770819109,1914544.1938706848
call,762.0,2026-10-02,379.0,0.011497695686671274,2393335.6931419633
call,763.0,2026-10-02,400.0,0.010636991943700226,2336858.518839635
call,764.0,2026-10-02,424.0,0.009785763128244983,2278841.6775776013
call,765.0,2026-10-02,2395.0,0.008998542877659013,11836718.137181235
call,766.0,2026-10-02,203.0,0.008251334095042476,919970.3017994685
call,767.0,2026-10-02,220.0,0.007528159390544627,909630.6477290989
call,768.0,2026-10-02,188.0,0.006889718587486142,711398.4761511257
call,769.0,2026-10-02,151.0,0.006276206548760649,520508.4363562405
call,770.0,2026-10-02,4131.0,0.0056776147375605926,12881745.432518458
call,771.0,2026-10-02,276.0,0.005190039799272289,786743.8707996937
call,772.0,2026-10-02,237.0,0.004723155917579812,614800.5203098892
call,773.0,2026-10-02,153.0,0.004267729862370673,358626.14719444927
call,774.0,2026-10-02,141.0,0.003896783458279367,301772.029464233
call,775.0,2026-10-02,1717.0,0.0034631413176489895,3265834.006135599
call,780.0,2026-10-02,2526.0,0.0021451975946299878,2976146.089079914
call,785.0,2026-10-02,909.0,0.0013471726814889562,672575.0438039838
call,790.0,2026-10-02,220.0,0.0009159244128850849,110671.52988418326
call,795.0,2026-10-02,310.0,0.0006461853557568828,110020.19321254338
call,800.0,2026-10-02,3025.0,0.000429604182131272,713752.2288067887
call,805.0,2026-10-02,184.0,0.00036717918134063264,37106.45538729733
call,810.0,2026-10-02,210.0,0.00027226143874085044,31402.124262790243
call,815.0,2026-10-02,45.0,0.00024229225685166704,5988.328922341975
call,820.0,2026-10-02,249.0,0.00021184203833642007,28971.107095924264
call,825.0,2026-10-02,77.0,0.00018770915114002805,7938.341333835738
call,830.0,2026-10-02,219.0,0.00013628518422703804,16392.544010791367
call,835.0,2026-10-02,175.0,0.0001205918545531496,11590.698812850736
call,840.0,2026-10-02,46.0,0.00010785126937125908,2724.8129242895247
call,845.0,2026-10-02,23.0,0.00010316798277471015,1303.245916697213
call,850.0,2026-10-02,107.0,9.382909056696715e-05,5514.103106418886
call,860.0,2026-10-02,85.0,7.939360739787824e-05,3706.4492587627005
call,870.0,2026-10-02,66.0,5.011582322879758e-05,1816.6547643376944
call,880.0,2026-10-02,43.0,4.058361901410656e-05,958.4574242835828
call,885.0,2026-10-02,142.0,3.890973415247699e-05,3034.5912821451097
call,890.0,2026-10-02,199.0,3.744408372635282e-05,4092.511250676257
call,895.0,2026-10-02,84.0,3.61567049672361e-05,1668.0986445457092
call,905.0,2026-10-02,95.0,3.0887871436744635e-05,1611.6294104557146
call,920.0,2026-10-02,1.0,2.6424220792545918e-05,14.5129529545549
call,950.0,2026-10-02,5.0,2.10293902392857e-05,57.749773134620426
put,450.0,2026-10-02,1048.0,4.9263078184247344e-06,-2835.544227771376
put,455.0,2026-10-02,145.0,4.996112226758017e-06,-397.881535634349
put,460.0,2026-10-02,120.0,5.5548956974281395e-06,-366.1092929422195
put,465.0,2026-10-02,349.0,5.608703798416591e-06,-1075.0818499257305
put,470.0,2026-10-02,233.0,5.641821593012842e-06,-721.9861518737006
put,475.0,2026-10-02,11559.0,6.255931596346376e-06,-39716.032102475496
put,480.0,2026-10-02,94.0,6.261312892050336e-06,-323.25619642871703
put,485.0,2026-10-02,348.0,6.931648830123491e-06,-1324.8581885265903
put,490.0,2026-10-02,207.0,6.900220698735045e-06,-784.4891202938588
put,495.0,2026-10-02,421.0,7.627188829602528e-06,-1763.6004147682327
put,500.0,2026-10-02,2091.0,7.54805785944893e-06,-8668.47800004869
put,505.0,2026-10-02,262.0,8.330784377934393e-06,-1198.7835731311156
put,510.0,2026-10-02,225.0,8.190981158851185e-06,-1012.2133082844587
put,515.0,2026-10-02,259.0,9.02688617568475e-06,-1284.077772222325
put,520.0,2026-10-02,354.0,9.366043399609866e-06,-1821.0129145071896
put,525.0,2026-10-02,176.0,9.695382832285603e-06,-937.1977300895602
put,530.0,2026-10-02,349.0,1.0666696180878961e-05,-2044.60279502949
put,535.0,2026-10-02,133.0,1.1006070217859982e-05,-803.9656954075512
put,540.0,2026-10-02,729.0,1.1325829616543073e-05,-4534.727035380653
put,545.0,2026-10-02,371.0,1.2440744635934171e-05,-2534.9761821648904
put,550.0,2026-10-02,475.0,1.3666401404776711e-05,-3565.3435174607075
put,555.0,2026-10-02,216.0,1.7199223242094203e-05,-2040.404077041614
put,560.0,2026-10-02,232.0,1.7689574653810867e-05,-2254.026269556054
put,565.0,2026-10-02,430.0,1.9466541514643276e-05,-4597.384780630112
put,570.0,2026-10-02,239.0,2.4619312670495726e-05,-3231.6730971314173
put,575.0,2026-10-02,341.0,2.5352856993443933e-05,-4748.264286809273
put,580.0,2026-10-02,341.0,3.217426520353484e-05,-6025.826377665462
put,585.0,2026-10-02,192.0,3.321309694401078e-05,-3502.3875445144254
put,590.0,2026-10-02,573.0,4.0889332858463436e-05,-12868.213110584655
put,595.0,2026-10-02,292.0,4.38310972715133e-05,-7029.40866379725
put,600.0,2026-10-02,760.0,6.631964633818549e-05,-27682.760270101942
put,605.0,2026-10-02,348.0,7.180228709765332e-05,-13723.696965555653
put,610.0,2026-10-02,295.0,8.885251113106804e-05,-14396.115427531939
put,615.0,2026-10-02,691.0,0.00010664662537642185,-40474.24562033192
put,620.0,2026-10-02,1021.0,0.00012834026335165456,-71968.46936059362
put,625.0,2026-10-02,1049.0,0.00013869173190934097,-79906.04905256267
put,630.0,2026-10-02,796.0,0.00016293499759257598,-71232.96867400483
put,635.0,2026-10-02,597.0,0.00020796487749728113,-68189.56557648147
put,640.0,2026-10-02,2000.0,0.00024259306134260617,-266478.3733081635
put,645.0,2026-10-02,1104.0,0.00029772660017111084,-180526.22863623922
put,650.0,2026-10-02,2722.0,0.00034573017321762783,-516867.2351192834
put,655.0,2026-10-02,4281.0,0.00041628221488379573,-978783.5964995238
put,660.0,2026-10-02,2000.0,0.0005193226721575233,-570454.3243433677
put,665.0,2026-10-02,5216.0,0.0006200056337545761,-1776179.349242769
put,670.0,2026-10-02,7215.0,0.0007808258369141774,-3094169.5559037603
put,675.0,2026-10-02,1824.0,0.0009702773137229093,-972018.0038720522
put,676.0,2026-10-02,302.0,0.0010176826553572164,-168800.1832098572
put,677.0,2026-10-02,367.0,0.0010436914520645748,-210373.86637363659
put,678.0,2026-10-02,517.0,0.0011133713137932199,-316143.4355271165
put,679.0,2026-10-02,192.0,0.001165151186894347,-122867.52455918869
put,680.0,2026-10-02,2603.0,0.0012197745685965727,-1743842.8315630108
put,681.0,2026-10-02,189.0,0.0012734566616230437,-132190.2949784432
put,682.0,2026-10-02,414.0,0.001334172827894247,-303365.3889553416
put,683.0,2026-10-02,962.0,0.0013940459231868894,-736555.964405282
put,684.0,2026-10-02,296.0,0.0014793040978692356,-240493.182377517
put,685.0,2026-10-02,5962.0,0.001542277202323533,-5050193.383663396
put,686.0,2026-10-02,875.0,0.0016087286808418757,-773115.633735225
put,687.0,2026-10-02,1305.0,0.001703420217551094,-1220916.342759303
put,688.0,2026-10-02,696.0,0.001778448752251656,-679836.0534526752
put,689.0,2026-10-02,1525.0,0.001878779708818646,-1573617.9565592853
put,690.0,2026-10-02,39926.0,0.00198243675754321,-43471912.0037333
put,691.0,2026-10-02,179.0,0.0020923292021793496,-205701.1147915209
put,692.0,2026-10-02,178.0,0.002203066018347777,-215377.88698223792
put,693.0,2026-10-02,355.0,0.002320484057081643,-452439.52723899524
put,694.0,2026-10-02,364.0,0.0024634833143265217,-492498.15357682644
put,695.0,2026-10-02,2102.0,0.002589850714341206,-2989930.136225791
put,696.0,2026-10-02,274.0,0.002746748686297052,-413354.89619160234
put,697.0,2026-10-02,427.0,0.002906481573290705,-681630.5500574885
put,698.0,2026-10-02,671.0,0.0030725172045205,-1132323.293549314
put,699.0,2026-10-02,477.0,0.003245193931974597,-850183.4218726315
put,700.0,2026-10-02,9387.0,0.0034248924854358527,-17657424.51834136
put,701.0,2026-10-02,293.0,0.003634030469781081,-584803.2568915436
put,702.0,2026-10-02,603.0,0.003829619970309071,-1268313.4244244038
put,703.0,2026-10-02,612.0,0.004075443348068918,-1369871.6583859161
put,704.0,2026-10-02,513.0,0.004312520182959113,-1215072.253233117
put,705.0,2026-10-02,8363.0,0.004575552962612506,-21016446.251106355
put,706.0,2026-10-02,550.0,0.0048462083740162904,-1463923.4617639068
put,707.0,2026-10-02,758.0,0.00513293702380706,-2136922.3407031973
put,708.0,2026-10-02,614.0,0.005444288117282557,-1835959.384899785
put,709.0,2026-10-02,824.0,0.005769460507208734,-2611054.96684436
put,710.0,2026-10-02,4352.0,0.006124337020299654,-14638668.17301658
put,711.0,2026-10-02,617.0,0.006490682692367178,-2199526.2045429987
put,712.0,2026-10-02,544.0,0.0068837947902519745,-2056744.823391276
put,713.0,2026-10-02,587.0,0.007290057564785622,-2350296.5162022593
put,714.0,2026-10-02,448.0,0.007723591378892257,-1900425.7269320465
put,715.0,2026-10-02,31749.0,0.008172001104954895,-142499081.63363582
put,716.0,2026-10-02,693.0,0.008647628649252222,-3291424.247362865
put,717.0,2026-10-02,1513.0,0.009145493705161916,-7599756.563077084
put,718.0,2026-10-02,1094.0,0.009665954142061638,-5807853.464274437
put,719.0,2026-10-02,1032.0,0.010207449753396854,-5785628.529034358
put,720.0,2026-10-02,3835.0,0.010765234690693182,-22674747.962722596
put,721.0,2026-10-02,1092.0,0.011342398102477377,-6802696.925264823
put,722.0,2026-10-02,1173.0,0.011937226516148704,-7690508.295965028
put,723.0,2026-10-02,403.0,0.012547681612303085,-2777295.7804955128
put,724.0,2026-10-02,792.0,0.01316843081332284,-5728129.209808821
put,725.0,2026-10-02,26899.0,0.013805345952793752,-203956254.1263398
put,726.0,2026-10-02,536.0,0.0144454805827304,-4252559.340064322
put,727.0,2026-10-02,724.0,0.015092288368111514,-6001326.55167379
put,728.0,2026-10-02,524.0,0.015732806084464864,-4527840.02987006
put,729.0,2026-10-02,639.0,0.016373683517226633,-5746466.08441738
put,730.0,2026-10-02,52109.0,0.01701330095265853,-486916981.6892133
put,731.0,2026-10-02,680.0,0.017634096549200194,-6585908.989491732
put,732.0,2026-10-02,924.0,0.01823037393637754,-9251691.571017941
put,733.0,2026-10-02,648.0,0.018811844084572083,-6695144.802741403
put,734.0,2026-10-02,534.0,0.019362538559335826,-5678807.543837576
put,735.0,2026-10-02,2342.0,0.019873358367481983,-25562996.037540946
put,736.0,2026-10-02,349.0,0.020340636259424404,-3898913.125813839
put,737.0,2026-10-02,730.0,0.020758461335313155,-8322841.3752481295
put,738.0,2026-10-02,345.0,0.021124694434757736,-4002792.972655132
put,739.0,2026-10-02,487.0,0.021431056234627203,-5732263.357821205
put,740.0,2026-10-02,2292.0,0.021680303170449326,-27291886.856176015
put,741.0,2026-10-02,605.0,0.02186523496329975,-7265460.085149058
put,742.0,2026-10-02,513.0,0.02198649098851098,-6194794.229987477
put,743.0,2026-10-02,347.0,0.02200745353635373,-4194236.0266579855
put,744.0,2026-10-02,361.0,0.02196474218267975,-4354987.469928941
put,745.0,2026-10-02,1363.0,0.0218541041626577,-16359968.47493969
put,746.0,2026-10-02,308.0,0.02164360971668053,-3661288.979974408
put,747.0,2026-10-02,356.0,0.021368794925062808,-4178146.1472211457
put,748.0,2026-10-02,172.0,0.021028718146695657,-1986528.7049793745
put,749.0,2026-10-02,114.0,0.020602700739484548,-1289978.8908239694
put,750.0,2026-10-02,708.0,0.02011999694653872,-7823746.424454619
put,751.0,2026-10-02,44.0,0.019294797776268833,-466279.6970285629
put,752.0,2026-10-02,94.0,0.01872313292400024,-966629.3377425652
put,753.0,2026-10-02,13.0,0.01811663350053467,-129352.38744714284
put,754.0,2026-10-02,16.0,0.01752544685850838,-154007.7871809689
put,755.0,2026-10-02,82.0,0.016839356199313756,-758390.586817796
put,756.0,2026-10-02,11.0,0.01617838415481421,-97742.04619284224
put,757.0,2026-10-02,22.0,0.015499602817103112,-187282.34909284086
put,758.0,2026-10-02,17.0,0.014828957029902569,-138456.42890683204
put,759.0,2026-10-02,5.0,0.014165216283738053,-38899.75018203332
put,760.0,2026-10-02,23.0,0.013517182050565901,-170752.70678812946
put,761.0,2026-10-02,15.0,0.012887503526083073,-106172.8937122332
put,764.0,2026-10-02,35.0,0.011139033938614368,-214125.88425149085
put,765.0,2026-10-02,132.0,0.010615908492870937,-769634.7979081053
put,766.0,2026-10-02,4.0,0.010113284397208712,-22218.043336078685
put,767.0,2026-10-02,1.0,0.009651068812564735,-5300.648550341945
put,768.0,2026-10-02,3.0,0.009221748126489866,-15194.559313884029
put,770.0,2026-10-02,63.0,0.00845872882940871,-292684.1807287684
put,772.0,2026-10-02,2.0,0.007815271999036633,-8584.750766316985
put,774.0,2026-10-02,0.0,0.007257767600005728,-0.0
put,775.0,2026-10-02,0.0,0.007003009545202205,-0.0
put,780.0,2026-10-02,0.0,0.006459558198869829,-0.0
put,785.0,2026-10-02,0.0,0.005646487925061581,-0.0
put,790.0,2026-10-02,0.0,0.004994970225738936,-0.0
put,795.0,2026-10-02,0.0,0.0,-0.0
