tipo,strike,vencimiento,oi,gamma,gex_contrib
call,645.0,2026-08-17,4,5.5223988845849e-05,133.13483995316952
call,675.0,2026-08-17,0,9.736797553302024e-06,0.0
call,680.0,2026-08-17,1,1.1819936190181403e-05,7.123920898439242
call,695.0,2026-08-17,4,0.00020428909748328796,492.5032918852505
call,700.0,2026-08-17,1,2.4286766240863837e-05,14.63772720892694
call,708.0,2026-08-17,5,0.0003123217474811615,941.1875783924869
call,711.0,2026-08-17,10,0.00034980248689280854,2108.2730114666156
call,713.0,2026-08-17,1,0.0003776034593362709,227.5830539189509
call,714.0,2026-08-17,1,0.0003978987383868695,239.81509648177934
call,715.0,2026-08-17,1,0.0004140312000794324,249.53819304894918
call,718.0,2026-08-17,1,0.00046694753677786684,281.43107223284596
call,720.0,2026-08-17,1,0.000515498478935882,310.69291137591256
call,725.0,2026-08-17,1,0.0006431586193102762,387.6341678495548
call,727.0,2026-08-17,2,0.0007063860033882214,851.4831097112874
call,728.0,2026-08-17,1,0.0007402666465957679,446.16154852695473
call,729.0,2026-08-17,1,0.0007776209125041482,468.67510792938356
call,730.0,2026-08-17,104,0.0,0.0
call,731.0,2026-08-17,4,0.00084960380491119,2048.2378936116525
call,735.0,2026-08-17,51,0.0010486627184403189,32233.68526619927
call,740.0,2026-08-17,164,0.0012833523061727239,126850.94296381775
call,742.0,2026-08-17,8,0.0016223085729088216,7822.172817388062
call,743.0,2026-08-17,3,0.0017318057160812465,3131.297851610074
call,744.0,2026-08-17,12,0.0018493977060153465,13375.669129265703
call,745.0,2026-08-17,44,0.001957733927497386,51917.08502248668
call,746.0,2026-08-17,43,0.002099204425309873,54403.53818350523
call,749.0,2026-08-17,48,0.0026696501973368075,77232.4040725499
call,750.0,2026-08-17,188,0.002616352830698797,296454.54746805347
call,751.0,2026-08-17,14,0.003124852944278625,26367.052047119338
call,752.0,2026-08-17,7,0.0033879531428385908,14293.526518421277
call,753.0,2026-08-17,17,0.0032512006213264656,33311.68853508198
call,754.0,2026-08-17,44,0.003591215959061701,95235.3441200535
call,755.0,2026-08-17,242,0.00076473450204181,111539.83737252608
call,756.0,2026-08-17,134,0.0040554231879836936,327525.36171349086
call,757.0,2026-08-17,28,0.00479892963198436,80985.33251535475
call,758.0,2026-08-17,14,0.005320009228313713,44889.459669112526
call,759.0,2026-08-17,18,0.00599090290262918,64993.3230292926
call,760.0,2026-08-17,248,0.0012912556910086343,193004.7004561225
call,761.0,2026-08-17,138,0.007191670159869038,598153.7138669238
call,762.0,2026-08-17,192,0.008234107294125447,952843.7880753496
call,763.0,2026-08-17,115,0.009467135149603532,656176.0485317003
call,764.0,2026-08-17,157,0.010977765471986286,1038765.5958629227
call,765.0,2026-08-17,830,0.012909730167001043,6458017.445410086
call,766.0,2026-08-17,158,0.015191966419617672,1446688.5202384167
call,767.0,2026-08-17,365,0.01826374455536491,4017784.5583360093
call,768.0,2026-08-17,367,0.00042477094658363324,93956.06616866024
call,769.0,2026-08-17,302,0.013464408011126978,2450745.213325949
call,770.0,2026-08-17,1944,0.0016872243984403104,1976847.0279633296
call,771.0,2026-08-17,663,6.206143424532135e-17,2.4799292608497527e-08
call,772.0,2026-08-17,1317,0.010907968184335284,8658319.229160663
call,773.0,2026-08-17,2187,0.041058254941834404,54119431.592161834
call,774.0,2026-08-17,2107,0.09354114195678938,118787614.16185549
call,775.0,2026-08-17,2297,0.1552612387190241,214945322.39397565
call,776.0,2026-08-17,3209,0.1999842793731537,386784917.88108516
call,777.0,2026-08-17,2098,0.1953822626100269,247055527.49270982
call,778.0,2026-08-17,2837,0.14801539342663667,253087197.15982288
call,779.0,2026-08-17,2391,0.08847895442807814,127503913.4012063
call,780.0,2026-08-17,7568,0.0443399775586738,202246283.12656426
call,781.0,2026-08-17,2151,0.01992128272589465,25826268.750550047
call,782.0,2026-08-17,2781,0.008597786215503242,14410916.02804075
call,783.0,2026-08-17,3282,0.0036832769447054043,7285794.337065262
call,784.0,2026-08-17,1883,0.001783142016981454,2023672.4074422715
call,785.0,2026-08-17,4511,0.0007759158446995143,2109557.678620276
call,786.0,2026-08-17,3365,0.00038428781384410813,779373.5052032524
call,787.0,2026-08-17,1790,0.0002917912423572825,314796.0256110198
call,788.0,2026-08-17,3941,0.00013438180178159932,319191.1571589195
call,789.0,2026-08-17,1713,4.7588970892017945e-05,49132.36084826127
call,790.0,2026-08-17,3300,4.236952326648724e-05,84269.70504874889
call,791.0,2026-08-17,925,3.229919791307727e-05,18006.836734568285
call,792.0,2026-08-17,1376,2.5236077467221298e-05,20928.79588151143
call,793.0,2026-08-17,479,2.014513810185929e-05,5815.803425669224
call,794.0,2026-08-17,650,1.9106840987793527e-05,7485.248148290193
call,795.0,2026-08-17,1046,1.5734099964189154e-05,9919.22053638927
call,796.0,2026-08-17,578,1.3150518271562496e-05,4581.151602692507
call,797.0,2026-08-17,324,1.113766616759295e-05,2174.9193806315907
call,798.0,2026-08-17,565,9.545436202107804e-06,3250.4851306466257
call,799.0,2026-08-17,204,9.42111918281582e-06,1158.341515357382
call,800.0,2026-08-17,2874,7.231720869268159e-06,12526.575928836633
call,801.0,2026-08-17,58,7.22235929618337e-06,252.4707324049458
call,802.0,2026-08-17,211,1.4487527979520817e-06,184.23863170121274
call,803.0,2026-08-17,61,1.1623850820740724e-06,42.735010912420094
call,804.0,2026-08-17,15,9.428712499455579e-07,8.524081806301535
call,805.0,2026-08-17,928,1.0311428609871729e-06,576.727648462762
call,806.0,2026-08-17,441,8.503523260423291e-07,226.0171789927786
call,807.0,2026-08-17,3918,9.280050309410319e-07,2191.3851728790937
call,808.0,2026-08-17,4343,7.763415828135631e-07,2032.1072935611796
call,809.0,2026-08-17,233,6.545570716012027e-07,91.91944569680103
call,810.0,2026-08-17,1102,5.559535863517466e-07,369.2530465588378
call,815.0,2026-08-17,1460,4.3406263181089145e-07,381.95237217730437
call,820.0,2026-08-17,830,2.3526948619686653e-07,117.69219236787389
call,825.0,2026-08-17,746,2.112154293518558e-07,94.96606092610556
call,830.0,2026-08-17,212,1.3509013725369618e-07,17.260900950028798
call,835.0,2026-08-17,168,9.24125487670075e-08,9.357162823068371
call,840.0,2026-08-17,110,9.301026400693297e-08,6.166340732758128
call,845.0,2026-08-17,508,5.056148049631364e-08,15.48058794381359
call,850.0,2026-08-17,668,5.378202840922434e-08,21.65297611313779
call,855.0,2026-08-17,146,4.3128261688773445e-08,3.7950610471088315
call,860.0,2026-08-17,151,3.5588492888221604e-08,3.2388475053346766
call,865.0,2026-08-17,115,2.3092689752826086e-08,1.6005760636693231
call,870.0,2026-08-17,5,2.6006851151208776e-08,0.07837214492435068
call,875.0,2026-08-17,301,1.7933538575460402e-08,3.2533923672439995
call,880.0,2026-08-17,7,2.0483918426022322e-08,0.08642015366783286
call,895.0,2026-08-17,72,1.2886626583097459e-08,0.5592109889850199
call,900.0,2026-08-17,540,2.5750231292708483e-09,0.8380672134169582
call,905.0,2026-08-17,165,2.062291296774336e-09,0.2050868949016895
call,910.0,2026-08-17,678,1.6808282908689957e-09,0.6868422459855836
call,920.0,2026-08-17,30,1.1705110361792042e-09,0.021164144793144178
call,925.0,2026-08-17,384,9.977733093513508e-10,0.23092293208302092
call,930.0,2026-08-17,20,8.614629799826284e-10,0.01038414087451314
call,935.0,2026-08-17,732,7.526377154823926e-10,0.33204811190640526
call,940.0,2026-08-17,591,6.648310840734242e-10,0.23681148110587114
call,950.0,2026-08-17,38,5.34527128757762e-10,0.012242138962402026
put,500.0,2026-08-17,12,4.3440040217755204e-11,-0.00031417774717942
put,540.0,2026-08-17,192,1.076012527080327e-10,-0.012451524077797966
put,545.0,2026-08-17,124,1.0453051192768294e-10,-0.0078121166410381705
put,550.0,2026-08-17,320,1.0036405963454768e-10,-0.019356737237933495
put,565.0,2026-08-17,114,2.389224729721224e-10,-0.016415942005579588
put,570.0,2026-08-17,9,1.311632049541804e-10,-0.000711473102443638
put,575.0,2026-08-17,80,2.0993441122620845e-10,-0.010122262018153732
put,580.0,2026-08-17,2,1.9235537413652187e-10,-0.00023186664423392915
put,595.0,2026-08-17,1,4.5596588919215894e-10,-0.000274812391093086
put,600.0,2026-08-17,34,4.087218182671954e-10,-0.008375499080739156
put,610.0,2026-08-17,35,3.0800447395246535e-10,-0.006497241742463056
put,630.0,2026-08-17,2415,6.095133225378299e-10,-0.8871647843823222
put,635.0,2026-08-17,40,1.0501368767911795e-09,-0.025316861013205138
put,640.0,2026-08-17,758,8.538826376558116e-10,-0.3900958634764774
put,645.0,2026-08-17,1891,1.5020857176813717e-09,-1.7119465539603418
put,650.0,2026-08-17,2476,1.1946484445965571e-09,-1.782767543608202
put,660.0,2026-08-17,189,1.6713836758551474e-09,-0.1903890281016245
put,665.0,2026-08-17,133,1.232368557539648e-09,-0.09878618339306654
put,670.0,2026-08-17,260,2.3420221268789006e-09,-0.3670018879557211
put,675.0,2026-08-17,265,1.1187277892956276e-08,-1.7867930584758673
put,680.0,2026-08-17,805,1.403140320033061e-08,-6.8077083439687645
put,685.0,2026-08-17,75,1.7725596661305958e-08,-0.8012463844623625
put,690.0,2026-08-17,229,2.2582950603041777e-08,-3.116880295785603
put,695.0,2026-08-17,376,2.9061126542363758e-08,-6.585734933714761
put,700.0,2026-08-17,421,3.7845636698561316e-08,-9.602888105010157
put,703.0,2026-08-17,25,4.004085791107576e-08,-0.6033194677926834
put,704.0,2026-08-17,25,3.382308815609129e-08,-0.5096326255235766
put,705.0,2026-08-17,1812,4.999231384330353e-08,-54.59657361243759
put,706.0,2026-08-17,907,4.227031227433923e-08,-23.10716682625489
put,707.0,2026-08-17,762,4.735482455436849e-08,-21.748192068798673
put,708.0,2026-08-17,2077,5.312866895248593e-08,-66.50731095030253
put,709.0,2026-08-17,5,4.4510539959489934e-08,-0.13413336616894161
put,710.0,2026-08-17,2107,6.718038987923995e-08,-85.31217457131932
put,711.0,2026-08-17,4,5.6351846890353254e-08,-0.13585389743856982
put,712.0,2026-08-17,2000,6.356271789834122e-08,-76.61898797283467
put,714.0,2026-08-17,7,5.963354936780716e-08,-0.25158958324971875
put,715.0,2026-08-17,29,6.754916956426997e-08,-1.1806521673775867
put,716.0,2026-08-17,211,7.666091510901324e-08,-9.749007646171654
put,717.0,2026-08-17,454,6.293441221039136e-08,-17.220588528731398
put,718.0,2026-08-17,157,9.932668272545602e-08,-9.39873793347921
put,719.0,2026-08-17,726,8.167711679264005e-08,-35.73888310171917
put,720.0,2026-08-17,394,9.335016111665187e-08,-22.167425125050855
put,721.0,2026-08-17,16,1.0693322972512773e-07,-1.031185086239963
put,722.0,2026-08-17,70,8.682379893495984e-08,-3.663032575082017
put,723.0,2026-08-17,181,9.97939797628719e-08,-10.886464832159351
put,724.0,2026-08-17,82,1.1499355875621074e-07,-5.683178848407071
put,725.0,2026-08-17,303,1.3285793946943442e-07,-24.262418949919244
put,726.0,2026-08-17,54,1.5391802605003742e-07,-5.009417186202902
put,727.0,2026-08-17,48,1.2348013768794384e-07,-3.572253735100942
put,728.0,2026-08-17,119,1.4366081780895318e-07,-10.30360621337531
put,729.0,2026-08-17,153,1.6765925729684043e-07,-15.460478292893495
put,730.0,2026-08-17,1265,1.9629951604032477e-07,-149.6627465452013
put,731.0,2026-08-17,572,2.3060605214092365e-07,-79.50065124685443
put,732.0,2026-08-17,149,1.826148412333561e-07,-16.39933716827604
put,733.0,2026-08-17,119,9.471096898092151e-07,-67.92837068242012
put,734.0,2026-08-17,279,1.1276757453047754e-06,-189.62360519952082
put,735.0,2026-08-17,665,1.1382074070819136e-06,-456.19131130633076
put,736.0,2026-08-17,75,1.1477286972279855e-06,-51.88053674972129
put,737.0,2026-08-17,168,1.3821205555985243e-06,-139.94557289455767
put,738.0,2026-08-17,59,1.3979458739476487e-06,-49.71029321122197
put,739.0,2026-08-17,865,1.4125947072483511e-06,-736.4404567736325
put,740.0,2026-08-17,2379,1.7236941722758451e-06,-2471.488601769903
put,741.0,2026-08-17,532,1.7483494689211658e-06,-560.5880488117216
put,742.0,2026-08-17,217,2.1550852944575584e-06,-281.8565643382478
put,743.0,2026-08-17,198,2.195848877197211e-06,-262.0424157938045
put,744.0,2026-08-17,631,2.235800991736603e-06,-850.2888032443083
put,745.0,2026-08-17,2225,2.804569981729263e-06,-3760.9733251584817
put,746.0,2026-08-17,418,2.872094709182825e-06,-723.5674059645886
put,747.0,2026-08-17,515,2.939780859454228e-06,-912.4858604761862
put,748.0,2026-08-17,545,8.562883386672012e-06,-2812.681058137737
put,749.0,2026-08-17,381,9.091645854457829e-06,-2087.7161105014143
put,750.0,2026-08-17,2683,9.673618061386801e-06,-15642.766606267374
put,751.0,2026-08-17,1759,1.1451772019116827e-05,-12140.665387078303
put,752.0,2026-08-17,759,1.366407866123845e-05,-6250.663015482512
put,753.0,2026-08-17,693,1.4767903100951775e-05,-6168.1656043770345
put,754.0,2026-08-17,585,1.6020683602752556e-05,-5648.600577856457
put,755.0,2026-08-17,1372,1.95954416527118e-05,-16203.66008811863
put,756.0,2026-08-17,657,3.775837255396663e-05,-14951.425230659643
put,757.0,2026-08-17,1523,4.266860840708406e-05,-39166.28131110929
put,758.0,2026-08-17,874,5.143075521436211e-05,-27091.82681895132
put,759.0,2026-08-17,493,5.926369518484577e-05,-17609.199054678753
put,760.0,2026-08-17,4263,0.00010322733241096742,-265224.7163936703
put,761.0,2026-08-17,523,0.0001235587940083454,-38947.47490382531
put,762.0,2026-08-17,930,0.0002100916807513347,-117759.44782108089
put,763.0,2026-08-17,1578,0.0003422673162166377,-325519.03163766186
put,764.0,2026-08-17,925,0.0005125252321452237,-285733.3548165028
put,765.0,2026-08-17,1547,0.0009025790622886428,-841549.2260816146
put,766.0,2026-08-17,881,0.0015311253626656004,-813000.1308187027
put,767.0,2026-08-17,4376,0.002673178179579675,-7050325.65118207
put,768.0,2026-08-17,1048,0.004454226709365922,-2813439.347366495
put,769.0,2026-08-17,1357,0.007961422891326777,-6511401.832277106
put,770.0,2026-08-17,4938,0.013745710511922983,-40909317.626354545
put,771.0,2026-08-17,2613,0.023528448329192705,-37054132.76276228
put,772.0,2026-08-17,3217,0.03985763897429317,-77279906.24065955
put,773.0,2026-08-17,3508,0.06513957746520695,-137723635.5302515
put,774.0,2026-08-17,1774,0.0987430869860008,-105575773.6063335
put,775.0,2026-08-17,5676,0.13388947251983963,-458028786.73790663
put,776.0,2026-08-17,4498,0.15560401905518317,-421836560.947173
put,777.0,2026-08-17,2658,0.15286351906152995,-244885339.66748893
put,778.0,2026-08-17,2144,0.12815221541267113,-165597911.7810936
put,779.0,2026-08-17,736,0.09416028751916762,-41768564.224136114
put,780.0,2026-08-17,1286,0.0658626625650536,-51048643.78892656
put,781.0,2026-08-17,296,0.04678345825250759,-8346184.664013011
put,782.0,2026-08-17,648,0.03387189755566431,-13228740.266418533
put,783.0,2026-08-17,488,0.02639635528275974,-7763682.094364462
put,784.0,2026-08-17,148,0.020725394205011995,-1848708.643297267
put,785.0,2026-08-17,112,0.02143212214644461,-1446728.8930192608
put,786.0,2026-08-17,17,0.015092850301231033,-154640.8194693629
put,787.0,2026-08-17,30,0.011648896282206792,-210625.03468715568
put,788.0,2026-08-17,2,0.008863100744335675,-10683.649657938855
put,789.0,2026-08-17,0,0.017197666451164603,-0.0
put,790.0,2026-08-17,0,0.015475289414983467,-0.0
put,794.0,2026-08-17,0,0.010585769167782373,-0.0
put,795.0,2026-08-17,0,0.009721931470463399,-0.0
put,800.0,2026-08-17,0,0.006578172147920527,-0.0
put,805.0,2026-08-17,0,0.004722417752248957,-0.0
put,810.0,2026-08-17,0,0.0035479046577113894,-0.0
put,815.0,2026-08-17,0,0.000673184389373671,-0.0
put,820.0,2026-08-17,0,0.0005050172545709409,-0.0
put,825.0,2026-08-17,0,0.0003879529789706904,-0.0
put,830.0,2026-08-17,0,0.0003221272411858158,-0.0
put,835.0,2026-08-17,0,0.001196464014633612,-0.0
put,840.0,2026-08-17,0,0.00020119680280199963,-0.0
put,845.0,2026-08-17,0,0.00016727481224265635,-0.0
put,850.0,2026-08-17,0,0.00014017653810246078,-0.0
put,855.0,2026-08-17,0,0.00011865354547899543,-0.0
put,860.0,2026-08-17,0,7.820599064707544e-05,-0.0
put,865.0,2026-08-17,0,8.771538918833484e-05,-0.0
put,870.0,2026-08-17,0,7.640029704282691e-05,-0.0
put,875.0,2026-08-17,0,5.024568835125586e-05,-0.0
call,500.0,2026-08-18,4,4.084765232494554e-05,98.47614720342882
call,550.0,2026-08-18,8,6.936368704915923e-05,334.44608282929903
call,580.0,2026-08-18,4,9.798829842082733e-05,236.2316938741171
call,600.0,2026-08-18,8,2.7743216868665057e-05,133.76754612586916
call,703.0,2026-08-18,8,0.0008541206250399293,4118.254225815111
call,706.0,2026-08-18,4,0.000926094035101303,2232.6417146171907
call,711.0,2026-08-18,1,0.001059750826968498,638.7158899935895
call,714.0,2026-08-18,1,0.0011676656958008725,703.7565955403666
call,715.0,2026-08-18,3,0.0012042267496615105,2177.3762489934907
call,716.0,2026-08-18,1,0.001242502518426659,748.8610357081142
call,717.0,2026-08-18,1,0.0012919080266438725,778.6379250942841
call,718.0,2026-08-18,11,0.0013342975536928632,8846.048812787516
call,721.0,2026-08-18,6,0.001471881705097375,5322.652510265025
call,724.0,2026-08-18,12,0.00162122538896368,11725.425156639256
call,735.0,2026-08-18,11,0.0025137744005513203,16665.676250449982
call,739.0,2026-08-18,8,0.0029843034577043586,14389.209164959659
call,740.0,2026-08-18,3,0.003147424463880595,5690.894405958833
call,742.0,2026-08-18,12,0.0034864774718521997,25215.760211258115
call,743.0,2026-08-18,14,0.0036659999293895,30933.171149678914
call,744.0,2026-08-18,55,0.003856426985091475,127835.5838195698
call,745.0,2026-08-18,20,0.004042914980731023,48733.6074551191
call,746.0,2026-08-18,13,0.0042658523996246655,33423.5929378059
call,747.0,2026-08-18,32,0.004535087204571426,87466.06274163301
call,749.0,2026-08-18,20,0.005112655974159678,61628.34748820652
call,750.0,2026-08-18,33,0.005402228022589827,107446.13745272237
call,751.0,2026-08-18,11,0.005742357518615922,38070.35002767205
call,752.0,2026-08-18,13,0.006182220997431791,48438.6281362893
call,753.0,2026-08-18,85,0.006190903877923422,317158.92950321245
call,754.0,2026-08-18,18,0.006672157686812067,72384.03073617563
call,755.0,2026-08-18,49,0.00717298199868595,211836.00499837988
call,756.0,2026-08-18,62,0.007766997562614829,290234.35258685047
call,757.0,2026-08-18,44,0.008385598506737774,222377.42551423592
call,758.0,2026-08-18,14,0.009131584775064379,77050.97658359974
call,759.0,2026-08-18,44,0.00997079249808784,264415.13557796273
call,760.0,2026-08-18,92,0.0104727166991987,580699.0818218066
call,762.0,2026-08-18,149,0.012835980004137751,1152707.866192063
call,763.0,2026-08-18,508,0.014376960845557974,4401845.130912486
call,764.0,2026-08-18,81,0.016168206670561184,789315.8564084565
call,765.0,2026-08-18,1359,0.00976532945579537,7998532.48672625
call,766.0,2026-08-18,235,0.012050107245207433,1706721.780986512
call,767.0,2026-08-18,136,0.01808312614302451,1482232.6542771498
call,768.0,2026-08-18,152,0.013300115435145544,1218436.6526087227
call,769.0,2026-08-18,238,0.01881995502112031,2699600.4679429596
call,770.0,2026-08-18,1195,0.0276421455058443,19908732.465187166
call,771.0,2026-08-18,742,0.03865432015344242,17286453.456790432
call,772.0,2026-08-18,1043,0.05220304095018551,32815880.942568675
call,773.0,2026-08-18,1720,0.06761815551999026,70096401.50100121
call,774.0,2026-08-18,834,0.08515804206808403,42805115.66183289
call,775.0,2026-08-18,1306,0.099071767578163,77982480.44034779
call,776.0,2026-08-18,1512,0.11205644737686178,102115718.45195174
call,777.0,2026-08-18,2885,0.11263598944281615,195851522.7137808
call,778.0,2026-08-18,1780,0.10438749433223063,111988243.25191706
call,779.0,2026-08-18,1310,0.08927286150322238,70484676.01487432
call,780.0,2026-08-18,1744,0.07007542873707953,73657368.7714387
call,781.0,2026-08-18,1002,0.050989096248744474,30792786.617411744
call,782.0,2026-08-18,1143,0.03473873975321091,23931187.31271323
call,783.0,2026-08-18,1296,0.022356889596778406,17463059.76243235
call,784.0,2026-08-18,3253,0.01447090489882092,28371592.222737562
call,785.0,2026-08-18,995,0.008825184169864804,5292377.502218447
call,786.0,2026-08-18,664,0.004943744657725474,1978463.6135527026
call,787.0,2026-08-18,834,0.0030847857878552507,1550583.001139838
call,788.0,2026-08-18,549,0.002069923238293677,684905.3225688571
call,789.0,2026-08-18,897,0.001342707833550755,725901.8817949982
call,790.0,2026-08-18,977,0.0008334829175163405,490789.45559707313
call,791.0,2026-08-18,546,0.0006859039895705672,225714.74372655601
call,792.0,2026-08-18,835,0.000604058266312393,303996.97627345193
call,793.0,2026-08-18,520,0.00031578494710332854,98968.89567765525
call,794.0,2026-08-18,1630,0.00029077529804373466,285659.76231353474
call,795.0,2026-08-18,341,0.00024207499075038985,49751.73831114186
call,796.0,2026-08-18,113,0.00020401245020074227,13894.376784957505
call,797.0,2026-08-18,102,0.00019288905855630744,11858.007527996899
call,798.0,2026-08-18,154,0.0001830412153926213,16989.225006725268
call,799.0,2026-08-18,148,0.00015847887456947927,14136.342223385478
call,800.0,2026-08-18,932,0.00013836439659055877,77722.04558214809
call,801.0,2026-08-18,189,0.00012173362692339739,13866.80225016151
call,802.0,2026-08-18,154,0.00011808107646112099,10959.8593558901
call,803.0,2026-08-18,21,0.00010515287207920414,1330.8968296057726
call,804.0,2026-08-18,12,0.00010262125812312833,742.2027127098344
call,805.0,2026-08-18,870,9.232861366824708e-05,48412.72448271964
call,806.0,2026-08-18,163,8.350181175916042e-05,8203.278566078061
call,807.0,2026-08-18,141,7.58857317788451e-05,6448.863665237483
call,808.0,2026-08-18,23,6.927667318116254e-05,960.3262855150207
call,809.0,2026-08-18,169,2.665544348184686e-05,2715.042134064526
call,810.0,2026-08-18,381,2.492888100092365e-05,5724.422982983046
call,815.0,2026-08-18,588,1.567907832468615e-05,5556.506314891071
call,820.0,2026-08-18,398,1.2641096236642234e-05,3032.2972093718254
call,825.0,2026-08-18,458,1.0620239782807081e-05,2931.593545715956
call,830.0,2026-08-18,393,6.983748010308576e-06,1654.1887677422164
call,835.0,2026-08-18,99,6.339897422252294e-06,378.28696994221707
call,840.0,2026-08-18,3,4.56900333414808e-06,8.261267526354526
call,855.0,2026-08-18,1,2.6475543543495414e-06,1.5956911688213649
call,865.0,2026-08-18,1,2.1850419301628583e-06,1.316933155966074
call,875.0,2026-08-18,5,1.8914436503903991e-06,5.699901730615678
call,880.0,2026-08-18,15,1.6346133974545829e-06,14.77781650716774
call,900.0,2026-08-18,943,1.0348616527311983e-06,588.1633290906971
call,930.0,2026-08-18,4,2.0905156213153303e-07,0.5039847147592231
put,530.0,2026-08-18,10,4.077994272877614e-08,-0.24578227967424013
put,560.0,2026-08-18,2,4.534791902932131e-08,-0.05466272962489736
put,600.0,2026-08-18,1,6.70218199773938e-08,-0.04039430808306764
put,650.0,2026-08-18,42,2.3714872571960469e-07,-6.003078774064041
put,670.0,2026-08-18,7,1.0434965228395474e-06,-4.402435509657242
put,680.0,2026-08-18,45,1.3262520447082392e-06,-35.97017384564587
put,685.0,2026-08-18,45,1.3718768505775096e-06,-37.20759489644811
put,690.0,2026-08-18,133,2.0337173243345796e-06,-163.0219883023175
put,695.0,2026-08-18,44,2.119626000451697e-06,-56.21029586078474
put,700.0,2026-08-18,148,2.190361357959249e-06,-195.38060093565582
put,703.0,2026-08-18,80,3.104357247672151e-06,-149.68064204125665
put,704.0,2026-08-18,1622,7.592841683354211e-06,-7422.6528756936295
put,705.0,2026-08-18,1030,8.035497459066946e-06,-4988.315907772902
put,710.0,2026-08-18,167,9.862126461158428e-06,-992.6382241636586
put,711.0,2026-08-18,11,1.0481899384980324e-05,-69.49229079648529
put,713.0,2026-08-18,24,1.0811834100452666e-05,-156.39201361371963
put,714.0,2026-08-18,320,1.0460015072433744e-05,-2017.3731911520679
put,715.0,2026-08-18,38,1.1145794492065106e-05,-255.2692981838758
put,716.0,2026-08-18,133,1.1888685684564722e-05,-952.9924121746765
put,717.0,2026-08-18,65,1.269455255351368e-05,-497.31860989090694
put,718.0,2026-08-18,3,1.3569978183246949e-05,-24.536033769277196
put,720.0,2026-08-18,45,1.4044468999302598e-05,-380.90949114112993
put,722.0,2026-08-18,28,1.4528525726479547e-05,-245.17914975767388
put,723.0,2026-08-18,48,1.5602945193361646e-05,-451.38983717705605
put,724.0,2026-08-18,167,1.6779908677452855e-05,-1688.9236633514709
put,725.0,2026-08-18,595,1.8071567671627516e-05,-6480.622893099293
put,726.0,2026-08-18,179,1.9491800198035865e-05,-2102.853116761007
put,727.0,2026-08-18,80,1.8798871514945824e-05,-906.412159914318
put,728.0,2026-08-18,25,2.032287501803535e-05,-306.21686895741374
put,729.0,2026-08-18,55,2.2007718531166852e-05,-729.5275024899104
put,730.0,2026-08-18,200,2.118756118325848e-05,-2553.9648856269955
put,731.0,2026-08-18,16,4.06562607632383e-05,-392.0589499550369
put,732.0,2026-08-18,265,4.4413332509151516e-05,-7093.542771570682
put,733.0,2026-08-18,178,4.60563584223974e-05,-4940.985223660463
put,734.0,2026-08-18,161,4.7792699093581065e-05,-4637.579745302937
put,735.0,2026-08-18,220,5.25085467492187e-05,-6962.3625756724405
put,736.0,2026-08-18,651,5.4635588581019156e-05,-21436.83035791881
put,737.0,2026-08-18,736,5.6897795653816684e-05,-25239.294553921554
put,738.0,2026-08-18,195,6.292921517755929e-05,-7395.897495804359
put,739.0,2026-08-18,214,6.574805802909502e-05,-8480.093869971106
put,740.0,2026-08-18,1063,6.876880986751259e-05,-44058.40080595742
put,741.0,2026-08-18,93,7.665578449727455e-05,-4296.668398486063
put,742.0,2026-08-18,82,8.049538196879474e-05,-3978.219798983257
put,743.0,2026-08-18,355,0.00012251183855588904,-26212.616100281746
put,744.0,2026-08-18,288,0.00013017664444542587,-22595.893382542763
put,745.0,2026-08-18,618,0.0001386112753235368,-51628.676373699614
put,746.0,2026-08-18,522,0.00015736732691640977,-49509.55551847307
put,747.0,2026-08-18,423,0.00016860006499204764,-42983.52829696234
put,748.0,2026-08-18,490,0.0001811252106094659,-53490.78113820499
put,749.0,2026-08-18,6122,0.000195154194113883,-720070.7521055393
put,750.0,2026-08-18,851,0.00027313790222116584,-140092.69377495776
put,751.0,2026-08-18,135,0.00029813201819480547,-24257.51703729785
put,752.0,2026-08-18,699,0.0003267545332407169,-137658.41151603774
put,753.0,2026-08-18,514,0.00035974068005643743,-111443.98338732513
put,754.0,2026-08-18,614,0.0004996405499206186,-184897.05989798423
put,755.0,2026-08-18,1278,0.0005410991897590325,-416784.6291579698
put,756.0,2026-08-18,6539,0.0007131812103449546,-2810704.4840984377
put,757.0,2026-08-18,657,0.0008098693756698768,-320689.17694009864
put,758.0,2026-08-18,836,0.0010490364989497205,-528567.9583478564
put,759.0,2026-08-18,780,0.0013268193996263042,-623749.7319737858
put,760.0,2026-08-18,1527,0.001690766772952519,-1556061.2868464598
put,761.0,2026-08-18,357,0.002320848423891146,-499365.9775591952
put,762.0,2026-08-18,631,0.003069113049449792,-1167202.4797749042
put,763.0,2026-08-18,295,0.004029737243782817,-716477.7395384586
put,764.0,2026-08-18,442,0.0054336100096534145,-1447487.0606138096
put,765.0,2026-08-18,922,0.0074017311188218134,-4113089.7116205543
put,766.0,2026-08-18,1933,0.00985447448524999,-11480724.091313219
put,767.0,2026-08-18,441,0.013142546491480264,-3493188.8722063024
put,768.0,2026-08-18,504,0.0177868095981586,-5402969.912641491
put,769.0,2026-08-18,715,0.023711824129456868,-10218213.28539281
put,770.0,2026-08-18,1284,0.03161694521579404,-24467459.999474403
put,771.0,2026-08-18,1227,0.04131044084431265,-30549798.413672745
put,772.0,2026-08-18,1159,0.05303042776159611,-37043543.43203476
put,773.0,2026-08-18,1170,0.06595548193440001,-46509397.80165725
put,774.0,2026-08-18,800,0.07875773087061441,-37974069.29007881
put,775.0,2026-08-18,1551,0.08970611243037861,-83856704.41404018
put,776.0,2026-08-18,820,0.09587182689089556,-47381500.723844185
put,777.0,2026-08-18,2152,0.09579042387766291,-124241967.01414382
put,778.0,2026-08-18,1217,0.0896004565954387,-65721089.9796964
put,779.0,2026-08-18,381,0.07927857135786866,-18204751.184869863
put,780.0,2026-08-18,585,0.06675031532392992,-23534942.644149713
put,781.0,2026-08-18,242,0.05435831695685495,-7928395.824987037
put,782.0,2026-08-18,157,0.04389273627648789,-4153328.331585351
put,783.0,2026-08-18,173,0.03580024196351428,-3732811.174915692
put,784.0,2026-08-18,66,0.03265701960165158,-1299045.727889565
put,785.0,2026-08-18,145,0.028464622273101287,-2487581.875329052
put,787.0,2026-08-18,93,0.02332654325914718,-1307486.7333861708
put,788.0,2026-08-18,23,0.021164260337217577,-293382.9611327183
put,789.0,2026-08-18,0,0.01930409270535146,-0.0
put,790.0,2026-08-18,3,0.014784057328714751,-26731.224248547776
put,792.0,2026-08-18,1,0.011977146182402013,-7218.671964012185
put,795.0,2026-08-18,0,0.009164840204604778,-0.0
put,800.0,2026-08-18,0,0.006289105309640857,-0.0
put,805.0,2026-08-18,0,0.003422517619224324,-0.0
put,810.0,2026-08-18,0,0.0053576175182098165,-0.0
put,815.0,2026-08-18,0,0.0019718909500207457,-0.0
put,820.0,2026-08-18,0,0.0015761912233873902,-0.0
put,825.0,2026-08-18,0,0.003058326683962662,-0.0
put,835.0,2026-08-18,0,0.002271729237890752,-0.0
call,505.0,2026-08-19,14,2.435615816644133e-05,205.51369984249988
call,540.0,2026-08-19,12,0.0001139325617117466,824.011105642262
call,555.0,2026-08-19,4,0.00013321743017329752,321.16262544167245
call,580.0,2026-08-19,4,5.668829665855281e-05,136.66501570397733
call,605.0,2026-08-19,4,0.00023398299466801138,564.0897949955049
call,610.0,2026-08-19,4,0.00025076051170276733,604.5372905842214
call,615.0,2026-08-19,8,0.0002692807569778696,1298.3723643284698
call,700.0,2026-08-19,31,0.001156692441216219,21611.432159731008
call,710.0,2026-08-19,1,0.0014884655339258604,897.1038889828579
call,715.0,2026-08-19,1,0.0016945677105498422,1021.3224617095916
call,731.0,2026-08-19,4,0.0028400465452462532,6846.827803698811
call,736.0,2026-08-19,8,0.003405568238289493,16420.392363176776
call,740.0,2026-08-19,8,0.004024302559114302,19403.7007586092
call,742.0,2026-08-19,20,0.004408514333348782,53140.57010984649
call,743.0,2026-08-19,70,0.00463096606829822,195377.07138319564
call,745.0,2026-08-19,11,0.005061982254440955,33559.6374199426
call,746.0,2026-08-19,8,0.005333776041024599,25717.498297707145
call,747.0,2026-08-19,59,0.005623593337426416,199972.31574833512
call,748.0,2026-08-19,33,0.005893126856491137,117209.73561299685
call,749.0,2026-08-19,27,0.006255949262162438,101803.08490865765
call,750.0,2026-08-19,12,0.00657794738553792,47574.64956969266
call,751.0,2026-08-19,12,0.007000885139894941,50633.524059562515
call,754.0,2026-08-19,64,0.008076162153336095,311522.1709091929
call,755.0,2026-08-19,161,0.006671062744938527,647328.6935520051
call,757.0,2026-08-19,26,0.009973191964069346,156282.9077381955
call,758.0,2026-08-19,11,0.010741894757359913,71215.99309122705
call,760.0,2026-08-19,185,0.012322163104484541,1373923.7725735498
call,761.0,2026-08-19,39,0.013751459297186268,323234.2341875686
call,763.0,2026-08-19,79,0.016261189093488088,774253.8041881546
call,765.0,2026-08-19,169,0.019935870407472075,2030606.9254634131
call,766.0,2026-08-19,225,0.022201793143388892,3010748.832543555
call,767.0,2026-08-19,120,0.018861786063598097,1364168.500658828
call,768.0,2026-08-19,198,0.023709834578280485,2829421.6398417954
call,769.0,2026-08-19,316,0.0289342245251933,5510650.735581528
call,770.0,2026-08-19,433,0.035669504364932124,9308697.718227826
call,771.0,2026-08-19,371,0.04270406669924934,9548762.70597798
call,772.0,2026-08-19,951,0.050727495482737216,29075547.030946095
call,773.0,2026-08-19,2253,0.05940267565560986,80662402.92934375
call,774.0,2026-08-19,778,0.06711385587118186,31469927.649210982
call,775.0,2026-08-19,500,0.07370338220989059,22210655.639869258
call,776.0,2026-08-19,1134,0.07999444983536032,54673498.770003565
call,777.0,2026-08-19,1017,0.08116486259327588,49749986.49908659
call,778.0,2026-08-19,890,0.07877302445713455,42254355.663133435
call,779.0,2026-08-19,1412,0.07321395703681637,62306381.98399734
call,780.0,2026-08-19,798,0.06510037835663128,31310525.78038189
call,781.0,2026-08-19,1064,0.055211655791502466,35405958.524895296
call,782.0,2026-08-19,1755,0.04476710321301778,47352190.0840546
call,783.0,2026-08-19,558,0.034788097775646405,11699541.372096527
call,784.0,2026-08-19,754,0.026002293496852145,11816448.280101638
call,785.0,2026-08-19,1303,0.01879555649341296,14760584.6916177
call,786.0,2026-08-19,1613,0.01306733186302392,12703554.19508663
call,787.0,2026-08-19,660,0.00930609973063867,3701822.5318360073
call,788.0,2026-08-19,1091,0.006562403172537943,4315107.461217481
call,789.0,2026-08-19,1183,0.004308761289926825,3072140.9377492387
call,790.0,2026-08-19,651,0.003194026963596604,1253209.052112708
call,791.0,2026-08-19,726,0.0023865566355783206,1044268.8474313477
call,792.0,2026-08-19,1467,0.0017283128541295688,1528116.3778081313
call,793.0,2026-08-19,3340,0.0011523034834819055,2319622.422295973
call,794.0,2026-08-19,945,0.0010026962702110297,571090.8007670006
call,795.0,2026-08-19,3086,0.0009190237817111034,1709332.807159327
call,796.0,2026-08-19,1659,0.0008477167413861399,847619.818605758
call,797.0,2026-08-19,393,0.0004947669467431479,117191.78938652227
call,798.0,2026-08-19,567,0.0004495903072064002,153639.8785081033
call,799.0,2026-08-19,101,0.00041109230370565134,25024.457801632077
call,800.0,2026-08-19,1505,0.00037801001299446517,342881.2684800622
call,801.0,2026-08-19,194,0.00034936427542468405,40849.25874617534
call,802.0,2026-08-19,216,0.0003243870065774075,42230.00742490054
call,803.0,2026-08-19,188,0.00027944549033030145,31663.49943548381
call,804.0,2026-08-19,150,0.00026211562848540835,23696.71426558791
call,805.0,2026-08-19,339,0.00024670957284587145,50406.86131954489
call,806.0,2026-08-19,18,0.00021610036267851588,2344.4013209007635
call,808.0,2026-08-19,37,0.0001950416004091888,4349.435876976006
call,810.0,2026-08-19,320,0.00017775032745796898,34281.85742076322
call,815.0,2026-08-19,159,0.00012874257767598687,12337.389648642524
call,820.0,2026-08-19,203,9.893606032039419e-05,12104.716070055334
call,825.0,2026-08-19,53,7.952496536802901e-05,2540.290094779776
call,830.0,2026-08-19,49,6.61954027192805e-05,1954.914938289282
call,835.0,2026-08-19,100,2.1217494452366526e-05,1278.786532428927
call,910.0,2026-08-19,31,3.6357752944542963e-06,67.93016736714134
call,920.0,2026-08-19,50,3.6112440185234723e-06,108.82553136916829
call,950.0,2026-08-19,1,1.1222432672742593e-06,0.6763803235679849
put,505.0,2026-08-19,10,1.9856908556951422e-07,-1.196783498414912
put,515.0,2026-08-19,529,1.605082533383027e-07,-51.17489936843788
put,520.0,2026-08-19,494,1.930351660561337e-07,-57.4734594458465
put,545.0,2026-08-19,2,2.544627354502706e-07,-0.3067313342104223
put,550.0,2026-08-19,35,3.05525078903719e-07,-6.444939810611063
put,555.0,2026-08-19,1,3.6687331947100725e-07,-0.22111595744741278
put,605.0,2026-08-19,202,4.843216201749576e-07,-58.964304791093035
put,640.0,2026-08-19,91,1.1373703545263903e-06,-62.380270416280645
put,650.0,2026-08-19,4,2.8989434378665713e-06,-6.988817336447575
put,665.0,2026-08-19,110,4.37598463893255e-06,-290.1165007225685
put,670.0,2026-08-19,207,4.180330768566635e-06,-521.5367888456883
put,675.0,2026-08-19,5,5.316527316145711e-06,-16.021457072701956
put,685.0,2026-08-19,333,1.5530196413862827e-05,-3116.916287884454
put,690.0,2026-08-19,80,1.7882139321862792e-05,-862.2107190706612
put,695.0,2026-08-19,116,2.0711096827679516e-05,-1447.9882737922535
put,700.0,2026-08-19,118,2.2396195010837892e-05,-1592.7961755208132
put,705.0,2026-08-19,4822,2.6231620589424518e-05,-76235.33002592371
put,710.0,2026-08-19,241,3.100770590355985e-05,-4503.919663465518
put,715.0,2026-08-19,120,3.70613487370228e-05,-2680.442051908941
put,720.0,2026-08-19,174,7.007128930993747e-05,-7348.408881563459
put,721.0,2026-08-19,22,7.332886518856132e-05,-972.3029455446992
put,722.0,2026-08-19,3,7.680125404425926e-05,-138.86523156530927
put,723.0,2026-08-19,6,8.050742565036326e-05,-291.13280622272003
put,725.0,2026-08-19,310,8.486105152541147e-05,-15855.28523136641
put,726.0,2026-08-19,6,8.916317442600816e-05,-322.4339242333293
put,727.0,2026-08-19,55,8.956256198849225e-05,-2968.883488378489
put,728.0,2026-08-19,23,9.424826376843481e-05,-1306.4871753338152
put,729.0,2026-08-19,244,9.92889680856263e-05,-14601.409464240802
put,730.0,2026-08-19,196,0.00010472090495704047,-12370.675487532752
put,732.0,2026-08-19,10,0.0001620731153294372,-976.82088531885
put,733.0,2026-08-19,10,0.00016467831949972732,-992.5225508226348
put,734.0,2026-08-19,69,0.00017519986995064287,-7285.9607400214445
put,735.0,2026-08-19,508,0.00018668697860748997,-57158.61485718961
put,736.0,2026-08-19,32,0.00019006747991941807,-3665.740783775498
put,737.0,2026-08-19,179,0.000203112296771825,-21912.564359353433
put,738.0,2026-08-19,140,0.00021745111721228387,-18348.207187599768
put,739.0,2026-08-19,153,0.00022194165531502113,-20466.05835913719
put,740.0,2026-08-19,1116,0.00030385070535490717,-204375.29646872985
put,741.0,2026-08-19,122,0.00032798307641385556,-24116.55236425693
put,742.0,2026-08-19,273,0.00033833297089433476,-55668.68029698371
put,743.0,2026-08-19,107,0.00036678062742331473,-23653.429800620215
put,744.0,2026-08-19,36,0.0003793706240542287,-8231.332711521658
put,745.0,2026-08-19,454,0.0004903002838667342,-134159.6615816987
put,746.0,2026-08-19,329,0.0005238872224543962,-103881.36812464305
put,747.0,2026-08-19,435,0.0005611610629225531,-147123.0577950443
put,748.0,2026-08-19,536,0.0006964953306187045,-225002.29891526268
put,749.0,2026-08-19,351,0.0007522076506908507,-159128.8115682043
put,750.0,2026-08-19,476,0.0008149734434570909,-233805.307913736
put,751.0,2026-08-19,314,0.0009982327872646833,-188914.56165993056
put,752.0,2026-08-19,498,0.0010660001088123013,-319956.21335832065
put,753.0,2026-08-19,473,0.0012855948913347015,-366495.996805145
put,754.0,2026-08-19,328,0.0015540390832457364,-307213.1045608875
put,755.0,2026-08-19,421,0.001823300578912147,-462641.2175477863
put,756.0,2026-08-19,552,0.002148684127231901,-714851.1330803725
put,757.0,2026-08-19,283,0.0026746636155592345,-456204.496955789
put,758.0,2026-08-19,261,0.0032972394980859882,-518674.57237455255
put,759.0,2026-08-19,275,0.003822573307124438,-633566.8901530687
put,760.0,2026-08-19,857,0.004777418232486693,-2467618.63404006
put,761.0,2026-08-19,2012,0.00569047630317792,-6900499.87080451
put,762.0,2026-08-19,384,0.007170581806159705,-1659547.0733688266
put,763.0,2026-08-19,314,0.008631133966625605,-1633433.5144422296
put,764.0,2026-08-19,277,0.010714344434323095,-1788748.6918014742
put,765.0,2026-08-19,1039,0.01310370962248942,-8205664.659132629
put,766.0,2026-08-19,322,0.016241531969652764,-3152004.432629671
put,767.0,2026-08-19,458,0.019958994364686494,-5509448.021429757
put,768.0,2026-08-19,334,0.024469099135399065,-4925705.061339074
put,769.0,2026-08-19,354,0.029767979498968106,-6351211.517312714
put,770.0,2026-08-19,1088,0.035832215131399114,-23496680.351734944
put,771.0,2026-08-19,424,0.042621671541154635,-10891815.875720454
put,772.0,2026-08-19,1041,0.049854924289354674,-31279712.098665938
put,773.0,2026-08-19,1055,0.05707655717929956,-36292274.33346428
put,774.0,2026-08-19,3647,0.06366752215564099,-139945090.70802495
put,775.0,2026-08-19,730,0.06911325302759286,-30408020.649748288
put,776.0,2026-08-19,1249,0.0724071370788562,-54506434.14711643
put,777.0,2026-08-19,1201,0.07301936851777224,-52854873.37688408
put,778.0,2026-08-19,816,0.07064467333605685,-34743497.61471013
put,779.0,2026-08-19,361,0.06546887899173917,-14244462.397681799
put,780.0,2026-08-19,292,0.059327223978907676,-10440969.700110203
put,781.0,2026-08-19,59,0.052039352881858965,-1850494.742671513
put,782.0,2026-08-19,146,0.04499247818301807,-3959102.3305655955
put,784.0,2026-08-19,139,0.03243382439714066,-2717170.668714232
put,785.0,2026-08-19,63,0.029215708222278085,-1109330.425661489
put,790.0,2026-08-19,3,0.018309509920673338,-33105.63566470411
put,794.0,2026-08-19,0,0.013761013296333904,-0.0
put,795.0,2026-08-19,0,0.012907410409215897,-0.0
put,800.0,2026-08-19,0,0.009689195579871532,-0.0
put,802.0,2026-08-19,0,0.008750923235148537,-0.0
put,805.0,2026-08-19,0,0.007596382546183719,-0.0
put,810.0,2026-08-19,1,0.006145947213762547,-3704.185969565331
put,815.0,2026-08-19,0,0.002803517158289274,-0.0
put,820.0,2026-08-19,0,0.0022616324071707077,-0.0
put,825.0,2026-08-19,0,0.003693451791424087,-0.0
put,830.0,2026-08-19,0,0.0032115701916532445,-0.0
put,835.0,2026-08-19,0,0.0028216880499515825,-0.0
call,715.0,2026-08-20,1,0.00201350893247762,1213.5495600379604
call,720.0,2026-08-20,4,0.002325572570097027,5606.526047649336
call,740.0,2026-08-20,9,0.0045919684659777695,24908.373136763843
call,743.0,2026-08-20,6,0.005208876602001461,18836.459496226722
call,745.0,2026-08-20,57,0.005700044669210188,195820.0113094541
call,750.0,2026-08-20,24,0.007300618995574924,105602.6659987995
call,752.0,2026-08-20,24,0.008123390043714691,117503.96042915534
call,755.0,2026-08-20,69,0.009500436174885624,395090.50436393986
call,756.0,2026-08-20,16,0.010139381379771441,97776.70504665008
call,757.0,2026-08-20,12,0.010841632649998972,78411.52320874945
call,759.0,2026-08-20,14,0.012505630108579528,105520.67755977524
call,760.0,2026-08-20,188,0.013302742171700813,1507311.3856522366
call,761.0,2026-08-20,134,0.014402006167256539,1163139.3471604304
call,762.0,2026-08-20,32,0.015628685566609183,301423.0004133901
call,763.0,2026-08-20,45,0.01702315003323984,461696.3031569569
call,765.0,2026-08-20,115,0.017416212383253128,1207134.0739770145
call,766.0,2026-08-20,144,0.02007713010336307,1742481.1231527037
call,767.0,2026-08-20,117,0.02328755257106065,1642153.1836151513
call,768.0,2026-08-20,138,0.02690251250669648,2237566.1578624044
call,769.0,2026-08-20,139,0.030951328031964893,2592973.3002322656
call,770.0,2026-08-20,313,0.03548390358248748,6693907.158511886
call,771.0,2026-08-20,150,0.0402924229826926,3642659.691855141
call,772.0,2026-08-20,321,0.045216387238649805,8747920.921292456
call,773.0,2026-08-20,621,0.050705266562688,18977920.670427993
call,774.0,2026-08-20,333,0.05517696104678942,11074036.929062052
call,775.0,2026-08-20,516,0.05882203119615531,18293368.182504583
call,776.0,2026-08-20,412,0.0628988763419701,15618670.382810265
call,777.0,2026-08-20,994,0.06392237362983912,38295102.31664194
call,778.0,2026-08-20,386,0.06337755919897728,14744388.677331418
call,779.0,2026-08-20,701,0.06095896409235425,25754881.304895062
call,780.0,2026-08-20,1614,0.05705729282286359,55503280.01889869
call,781.0,2026-08-20,470,0.05168061621043012,14639609.680855969
call,782.0,2026-08-20,410,0.04544723518940257,11230401.447726496
call,783.0,2026-08-20,558,0.038797649718954066,13047988.738975482
call,784.0,2026-08-20,276,0.03214051011376301,5346453.622804876
call,785.0,2026-08-20,557,0.025953384223613266,8712707.774178963
call,786.0,2026-08-20,783,0.020518706096979675,9683128.37151314
call,787.0,2026-08-20,572,0.015820732109559612,5454143.524140435
call,788.0,2026-08-20,669,0.01201687479606124,4845310.473231221
call,789.0,2026-08-20,197,0.009220364781989166,1094758.399372174
call,790.0,2026-08-20,446,0.007021290539704186,1887364.4029743243
call,791.0,2026-08-20,807,0.005115926423363519,2488294.5087630018
call,792.0,2026-08-20,623,0.0038332081427118795,1439310.2069703247
call,793.0,2026-08-20,809,0.0029959941242560448,1460808.9985658845
call,794.0,2026-08-20,297,0.0023502593756093084,420703.57226458855
call,795.0,2026-08-20,398,0.0021116016487016756,506522.8257738367
call,796.0,2026-08-20,251,0.001570882751863669,237641.04268584255
call,797.0,2026-08-20,318,0.0014384676695938863,275696.4550052614
call,798.0,2026-08-20,431,0.0010398265385228554,270110.9087484389
call,799.0,2026-08-20,2095,0.0009355388625389025,1181271.7467144993
call,800.0,2026-08-20,1949,0.0008467829964855598,994690.395252641
call,803.0,2026-08-20,180,0.0006699367756810653,72679.22378099892
call,804.0,2026-08-20,256,0.0006383480240862913,98492.1097339832
call,805.0,2026-08-20,491,0.0005723377511064932,169370.52798177995
call,810.0,2026-08-20,175,0.0002901894328216531,30607.199823362047
call,815.0,2026-08-20,292,0.0002221724449324038,39100.022049967156
call,820.0,2026-08-20,80,0.00016879077221633546,8138.467689221566
call,825.0,2026-08-20,50,0.00013414746959582036,4042.55973446055
call,830.0,2026-08-20,12,0.00011045297887141985,798.8452104815296
call,835.0,2026-08-20,215,9.355250157760453e-05,12122.657113273624
call,840.0,2026-08-20,80,8.108024186324622e-05,3909.38983200195
call,850.0,2026-08-20,145,5.921427129065411e-05,5174.856936803465
call,855.0,2026-08-20,2,2.4611433933730666e-05,29.666811346528903
call,865.0,2026-08-20,100,1.933883746639522e-05,1165.5591549877763
call,880.0,2026-08-20,301,1.5951112137647238e-05,2893.7527448534984
call,930.0,2026-08-20,864,6.9231232832140915e-06,3605.120325112246
call,935.0,2026-08-20,1917,5.6956497813579004e-06,6580.658389991513
put,500.0,2026-08-20,20,4.3068052786145463e-07,-5.191456135832107
put,520.0,2026-08-20,2,5.7762048580434e-07,-0.6962681665923636
put,590.0,2026-08-20,1000,1.000362108686206e-06,-602.9220815926452
put,695.0,2026-08-20,138,5.593700489500318e-05,-4652.455754609822
put,700.0,2026-08-20,250,6.206721431388921e-05,-9352.03705934382
put,705.0,2026-08-20,87,7.404922421392582e-05,-3882.788387692234
put,706.0,2026-08-20,54,7.575972784565888e-05,-2465.676649002256
put,710.0,2026-08-20,56,8.31721158665567e-05,-2807.1765897819528
put,715.0,2026-08-20,91,0.00013083298999909214,-7175.672605703159
put,720.0,2026-08-20,61,0.0001581226512421214,-5813.368848708474
put,721.0,2026-08-20,4,0.00016333270742187157,-393.7649980777013
put,722.0,2026-08-20,102,0.0001688033965537812,-10377.32239489293
put,724.0,2026-08-20,17,0.0001806032102267561,-1850.4542131439023
put,725.0,2026-08-20,440,0.0002342679498411025,-62125.4446230687
put,726.0,2026-08-20,51,0.00024345525057499593,-7483.302100326083
put,728.0,2026-08-20,28,0.0002635333542502833,-4447.311788154081
put,729.0,2026-08-20,48,0.00027452290510058424,-7941.888399854548
put,730.0,2026-08-20,311,0.00028622124209161723,-53649.565327613804
put,731.0,2026-08-20,12,0.000298692835468305,-2160.2798173218316
put,732.0,2026-08-20,71,0.00036366921354909286,-15562.12296643478
put,734.0,2026-08-20,63,0.0003997917303118544,-15180.228628673332
put,735.0,2026-08-20,1224,0.0004199178289999293,-309777.3703510121
put,736.0,2026-08-20,33,0.0005042869118426895,-10029.876676601825
put,737.0,2026-08-20,141,0.0005221347560540544,-44371.65956951748
put,738.0,2026-08-20,210,0.0005514852435650552,-69800.2772270692
put,739.0,2026-08-20,263,0.0005833790422542962,-92472.05907722305
put,740.0,2026-08-20,470,0.0006926140487309835,-196197.33812021752
put,741.0,2026-08-20,19,0.0007225016977267932,-8273.636367810215
put,742.0,2026-08-20,188,0.0007691818619576918,-87154.70563899398
put,743.0,2026-08-20,111,0.000901317371725942,-60298.24568044061
put,744.0,2026-08-20,48,0.0009466772896886685,-27387.169688552804
put,745.0,2026-08-20,274,0.0010930380192419593,-180505.22913165216
put,746.0,2026-08-20,125,0.0012628368347406796,-95139.5757724256
put,747.0,2026-08-20,265,0.0013385345229290488,-213786.07173115638
put,748.0,2026-08-20,205,0.0015266473228412387,-188623.82093379667
put,749.0,2026-08-20,460,0.0017294859631439231,-479489.2002083004
put,750.0,2026-08-20,1116,0.0018507269998890837,-1244831.335320466
put,751.0,2026-08-20,259,0.0022162028943643317,-345949.92306402937
put,752.0,2026-08-20,394,0.0024881932142708845,-590859.5776828342
put,753.0,2026-08-20,512,0.002802164169092847,-864704.0498949533
put,754.0,2026-08-20,749,0.003262486709556341,-1472768.6309783936
put,755.0,2026-08-20,603,0.0037751824740317966,-1372016.129050156
put,756.0,2026-08-20,304,0.004345859769718276,-796256.973308669
put,757.0,2026-08-20,179,0.004981434046292994,-537416.9652755919
put,758.0,2026-08-20,525,0.005690512196340699,-1800589.1068857952
put,759.0,2026-08-20,594,0.006599467841412808,-2362649.607733487
put,760.0,2026-08-20,7905,0.0077718359878954256,-37027932.0216273
put,761.0,2026-08-20,98,0.00905908381310554,-535074.5685031204
put,762.0,2026-08-20,360,0.010524222944882198,-2283476.239245468
put,763.0,2026-08-20,330,0.012390647955120977,-2464404.0528226052
put,764.0,2026-08-20,188,0.014465868804871511,-1639103.3120464163
put,765.0,2026-08-20,1198,0.0168978928576943,-12200940.991363203
put,766.0,2026-08-20,359,0.019793636122140645,-4282762.45971676
put,767.0,2026-08-20,386,0.02312265054778354,-5379338.542468391
put,768.0,2026-08-20,3077,0.02683570789812808,-49767349.158190355
put,769.0,2026-08-20,2513,0.030986446430601704,-46931908.87206089
put,770.0,2026-08-20,3850,0.035480349422049834,-82328949.56956492
put,771.0,2026-08-20,293,0.04023280856721187,-7104801.155858602
put,772.0,2026-08-20,815,0.04504258403889342,-22125080.66727601
put,773.0,2026-08-20,3377,0.049556052913659394,-100862963.72336416
put,774.0,2026-08-20,343,0.053735597297761145,-11108621.18696429
put,775.0,2026-08-20,727,0.05693181444241621,-24945567.74192241
put,776.0,2026-08-20,747,0.059085600384673226,-26601505.20642915
put,777.0,2026-08-20,459,0.05997051369959692,-16590306.557747642
put,778.0,2026-08-20,517,0.058212652203821054,-18138939.241930034
put,780.0,2026-08-20,182,0.05311081339438397,-5825836.568335525
put,785.0,2026-08-20,69,0.029278871744821366,-1217607.696312727
put,788.0,2026-08-20,79,0.021683328302300808,-1032421.3886818474
put,791.0,2026-08-20,0,0.017235863555337044,-0.0
put,820.0,2026-08-20,0,0.0026971295234477174,-0.0
call,360.0,2026-08-21,215,5.149833016017459e-07,66.73221858424404
call,365.0,2026-08-21,153,5.174913329595861e-07,47.71978385790556
call,370.0,2026-08-21,6,5.104141848192359e-05,184.5771526811151
call,375.0,2026-08-21,4,2.2551412242780488e-05,54.36729078084707
call,380.0,2026-08-21,0,5.495279857630822e-05,0.0
call,385.0,2026-08-21,1,2.47069943618271e-05,14.891000309972007
call,390.0,2026-08-21,1,5.925533094361166e-05,35.7134153400747
call,395.0,2026-08-21,43,2.630702703295774e-05,681.779884048575
call,400.0,2026-08-21,23,6.38797227728551e-05,885.5127429367672
call,415.0,2026-08-21,8,3.2280409307824155e-05,155.64421247499263
call,420.0,2026-08-21,8,7.392786913624072e-05,356.45288329338365
call,425.0,2026-08-21,5,0.0,0.0
call,435.0,2026-08-21,20,0.0,0.0
call,440.0,2026-08-21,13,8.643081938452728e-05,677.1984245501882
call,445.0,2026-08-21,11,8.96220769631714e-05,594.1712666154716
call,450.0,2026-08-21,931,2.139880757631048e-06,1200.7240542493619
call,455.0,2026-08-21,2,4.599336124766373e-05,55.44075062839552
call,460.0,2026-08-21,16,0.00010078264900489677,971.8734286128591
call,465.0,2026-08-21,6,5.0188338825292924e-05,181.49222638568241
call,470.0,2026-08-21,12,5.169064897047086e-05,373.8498298430894
call,475.0,2026-08-21,29,0.0001142457469409961,1996.8341522129576
call,480.0,2026-08-21,10,5.7998918374636656e-05,349.5617066352409
call,485.0,2026-08-21,3,0.0,0.0
call,490.0,2026-08-21,32,0.00012919668886666888,2491.7548846761815
call,495.0,2026-08-21,1,0.0001343200707432611,80.95522206309558
call,500.0,2026-08-21,399,6.716733945690596e-05,16152.323279476717
call,505.0,2026-08-21,7,0.00014722737128572747,621.1415114043857
call,510.0,2026-08-21,16,7.561024321890467e-05,729.1293396330423
call,515.0,2026-08-21,37,0.00015989773151582534,3565.7261253135357
call,520.0,2026-08-21,33,0.0001668077124216175,3317.6763961242586
call,525.0,2026-08-21,25,8.966209914004914e-05,1350.9922802974208
call,530.0,2026-08-21,13,0.0001836899285147816,1439.238122254985
call,535.0,2026-08-21,8,9.822795084236397e-05,473.6189032208573
call,540.0,2026-08-21,7,0.0002006133486663682,846.3730453808819
call,545.0,2026-08-21,237,0.00010359271281538913,14797.266950595673
call,550.0,2026-08-21,339,2.888103805866424e-05,5900.875524992619
call,555.0,2026-08-21,124,3.305437590377702e-05,2470.327900390217
call,560.0,2026-08-21,26,0.0002421390229874249,3794.391076166535
call,565.0,2026-08-21,36,0.0002552676571792513,5538.628674719724
call,570.0,2026-08-21,43,0.0002678906445068326,6942.724935081027
call,575.0,2026-08-21,54,0.0002828011132172,9204.047070919474
call,580.0,2026-08-21,361,4.6830679827198256e-05,10189.235987079794
call,585.0,2026-08-21,49,0.0003144906339099733,9287.690880738479
call,590.0,2026-08-21,47,0.0003326953745753935,9424.288608669816
call,595.0,2026-08-21,556,5.9307167030179686e-05,19874.029374488025
call,600.0,2026-08-21,705,6.913843617784323e-05,29377.350556361693
call,605.0,2026-08-21,112,7.3759348528491e-05,4978.964748208464
call,610.0,2026-08-21,449,8.282236072264087e-05,22412.892225103187
call,615.0,2026-08-21,74,0.0004403515388939292,19639.715606605718
call,620.0,2026-08-21,79,5.784221273625704e-06,275.4076162341771
call,625.0,2026-08-21,128,0.00010338624804079187,7975.8449175069345
call,630.0,2026-08-21,507,0.0001106946332093913,33825.052663219736
call,635.0,2026-08-21,102,0.00013376129495770375,8223.081466800999
call,640.0,2026-08-21,2586,0.00014388317735085243,224255.18688758093
call,645.0,2026-08-21,236,0.00015494318575075332,22038.825217174945
call,650.0,2026-08-21,793,0.00016802466067635912,80306.40244600979
call,651.0,2026-08-21,15,0.0,0.0
call,652.0,2026-08-21,14,0.00043634847312848206,3681.8445881509256
call,653.0,2026-08-21,8,0.0004429077077890183,2135.5374004262435
call,654.0,2026-08-21,14,0.000744260724874527,6279.963127648437
call,655.0,2026-08-21,328,0.00018902954845841362,37368.65762369577
call,656.0,2026-08-21,12,0.0007630995713847335,5519.076478967997
call,657.0,2026-08-21,36,0.0004689579546339397,10175.13931641384
call,658.0,2026-08-21,36,0.0004785700370363407,10383.695918554482
call,659.0,2026-08-21,21,0.0004835747238035294,6120.499174790352
call,660.0,2026-08-21,606,0.00021833882041006478,79745.74880470592
call,661.0,2026-08-21,7,0.0005072585097868007,2140.0865524538117
call,662.0,2026-08-21,29,0.0005153037100951157,9006.6901799977
call,663.0,2026-08-21,3,0.0005244061409187052,948.1847803029393
call,664.0,2026-08-21,6,0.0008673246884442688,3136.4395074516588
call,665.0,2026-08-21,1670,0.0008514522970490806,856999.8564017501
call,666.0,2026-08-21,64,0.000890827132177829,34361.91557969316
call,667.0,2026-08-21,2,0.0005563793808955136,670.6639757183674
call,668.0,2026-08-21,17,0.0005635760746565119,5774.380867681525
call,669.0,2026-08-21,7,0.0005788908081406334,2442.2979801000974
call,670.0,2026-08-21,1724,0.0009213459687218808,957335.0464269109
call,671.0,2026-08-21,8,0.0009724636985043108,4688.860821772038
call,672.0,2026-08-21,6,0.0006160694660746842,2227.8445874718677
call,673.0,2026-08-21,38,0.0006266160449724415,14351.2280030595
call,674.0,2026-08-21,48,0.0010167899727156378,29415.514477526052
call,675.0,2026-08-21,4698,0.0010041834111747423,2843347.967359491
call,676.0,2026-08-21,5,0.001050988285194002,3167.1733622080865
call,677.0,2026-08-21,5,0.001073238817667432,3234.2257687263805
call,678.0,2026-08-21,32,0.001091502382616277,21051.28558152593
call,679.0,2026-08-21,5,0.0011102248201823892,3345.683796936762
call,680.0,2026-08-21,2236,0.0010944023661901548,1474866.7306351052
call,681.0,2026-08-21,70,0.0007315799206116632,30864.82178099453
call,682.0,2026-08-21,32,0.0007450596784444424,14369.61047086215
call,683.0,2026-08-21,22,0.0007561513245126853,10026.176706957904
call,684.0,2026-08-21,8,0.0012126227405770585,5846.819031524396
call,685.0,2026-08-21,1578,0.0012010208882888669,1142250.9191176808
call,686.0,2026-08-21,86,0.0012617153480851797,65397.89864070446
call,687.0,2026-08-21,100,0.0012848988266026698,77441.34533330624
call,688.0,2026-08-21,217,0.0012687700427610677,165938.28843230917
call,689.0,2026-08-21,223,0.0012931133452064323,173798.25567341447
call,690.0,2026-08-21,5881,0.0001437661204015599,509579.1959364598
call,691.0,2026-08-21,18,0.001385057536478452,15026.03085805215
call,692.0,2026-08-21,12,0.0014117281831426507,10210.247918420864
call,693.0,2026-08-21,105,0.0014017800087470925,88710.10998353979
call,694.0,2026-08-21,286,0.001430008198251484,246495.22853775736
call,695.0,2026-08-21,3111,0.0014582562143381386,2734247.3728276487
call,696.0,2026-08-21,150,0.0014873606859115622,134465.69892675139
call,697.0,2026-08-21,234,0.0015182375530998064,214121.13820884618
call,698.0,2026-08-21,494,0.001549188676247105,461248.76817709475
call,699.0,2026-08-21,468,0.0015875560564095842,447794.62749387155
call,700.0,2026-08-21,5700,0.0002317926192431409,796303.1161285469
call,701.0,2026-08-21,122,0.0016557870455774734,121749.80314636901
call,702.0,2026-08-21,44,0.001746725780159775,46321.36653802028
call,703.0,2026-08-21,19,0.0017845657974939406,20435.728427145208
call,704.0,2026-08-21,82,0.00182367584526525,90129.18725417378
call,705.0,2026-08-21,2856,0.0018053345489645511,3107562.3641239763
call,706.0,2026-08-21,56,0.0018985056093293279,64077.25048897023
call,707.0,2026-08-21,23,0.0019416160228168155,26915.046832750206
call,708.0,2026-08-21,204,0.0019387432967626055,238371.55699687812
call,709.0,2026-08-21,531,0.00198376621780891,634876.0847527749
call,710.0,2026-08-21,3948,0.002030432773600407,4831363.515648666
call,711.0,2026-08-21,123,0.0020788277931400733,154108.85102487958
call,712.0,2026-08-21,91,0.0021878678056676333,119995.90529986404
call,713.0,2026-08-21,114,0.0021889701310843328,150400.27954180414
call,714.0,2026-08-21,19,0.0023102779118393943,26455.853891115665
call,715.0,2026-08-21,1542,0.0022998243791429135,2137386.212724888
call,716.0,2026-08-21,70,0.002427801927877618,102427.18766918407
call,717.0,2026-08-21,21,0.0024824028563354976,31419.228271888715
call,718.0,2026-08-21,27,0.0025549701806860297,41577.03896619527
call,719.0,2026-08-21,37,0.0026291534164361056,58630.231558449064
call,720.0,2026-08-21,5176,0.0004876724254281664,1521340.4901681629
call,721.0,2026-08-21,102,0.002697378572186841,165823.482442432
call,722.0,2026-08-21,130,0.0027794744108283536,217775.98610010193
call,723.0,2026-08-21,57,0.0029369203684145905,100895.311025273
call,724.0,2026-08-21,122,0.0029394030142881325,216133.91608134744
call,725.0,2026-08-21,3180,0.0030240057384608187,5795803.963008713
call,726.0,2026-08-21,1817,0.0022209374117100364,2432177.1482926044
call,727.0,2026-08-21,324,0.003216798033750771,628163.5920763252
call,728.0,2026-08-21,139,0.0033144351254558832,277669.56483364484
call,729.0,2026-08-21,197,0.0034259753012046445,406775.1467232357
call,730.0,2026-08-21,19620,0.0008477370174823682,10024532.014809517
call,731.0,2026-08-21,186,0.0036462592403543664,408756.28508571134
call,732.0,2026-08-21,338,0.0037744186600312335,768901.5341697962
call,733.0,2026-08-21,266,0.0039004225308651133,625312.700631919
call,734.0,2026-08-21,1013,0.004042610479072959,2468171.307467872
call,735.0,2026-08-21,11296,0.0011395644827521356,7758317.439069359
call,736.0,2026-08-21,815,0.0035208218524669195,1729440.4653532954
call,737.0,2026-08-21,2287,0.004491348134636899,6190800.951569267
call,738.0,2026-08-21,2339,0.0024127305098281832,3401284.769799288
call,739.0,2026-08-21,1561,0.004839836640587048,4553418.447791347
call,740.0,2026-08-21,8019,0.001620486207130512,7831942.834458874
call,741.0,2026-08-21,5045,0.001764795782471035,5366110.164269068
call,742.0,2026-08-21,2222,0.0030151045543538022,4037851.918344635
call,743.0,2026-08-21,2456,0.005682606642295552,8411625.20443255
call,744.0,2026-08-21,5456,0.0021947637837246834,7217156.176879699
call,745.0,2026-08-21,12629,0.0023775063002613233,18096500.379571807
call,746.0,2026-08-21,2770,0.0038107392898855934,6361989.724488432
call,747.0,2026-08-21,2460,0.004289279129749812,6359505.877225868
call,748.0,2026-08-21,3960,0.004379910451106899,10453563.79017795
call,749.0,2026-08-21,3525,0.005180548037697556,11006235.040234054
call,750.0,2026-08-21,32341,0.003665645769148327,71450931.56069522
call,751.0,2026-08-21,4377,0.0054478474975671615,14371610.716298804
call,752.0,2026-08-21,6918,0.004388479212610291,18297786.661967475
call,753.0,2026-08-21,3192,0.00914880137437098,17600744.482472394
call,754.0,2026-08-21,4954,0.007423640073180728,22165466.00161835
call,755.0,2026-08-21,10056,0.005998528354907242,36355819.39565955
call,756.0,2026-08-21,13075,0.006769624553777484,53347028.945337564
call,757.0,2026-08-21,4639,0.010504333848010246,29369519.7553105
call,758.0,2026-08-21,2834,0.009767566800568317,16683616.276666502
call,759.0,2026-08-21,3179,0.01067498110584042,20453215.748246994
call,760.0,2026-08-21,17025,0.010553612499022858,108290964.32754657
call,761.0,2026-08-21,2327,0.013055232150968439,18309856.422553286
call,762.0,2026-08-21,3761,0.016000675146876055,36269836.5153397
call,763.0,2026-08-21,3590,0.017208678766505954,37234534.8513692
call,764.0,2026-08-21,2859,0.01774759522350342,30581418.564142544
call,765.0,2026-08-21,10855,0.019191628647585206,125558354.63553052
call,766.0,2026-08-21,3455,0.021927030945122047,45659572.163012914
call,767.0,2026-08-21,4394,0.02434639729671831,64476093.12804459
call,768.0,2026-08-21,3175,0.026972334115674082,51613845.439867385
call,769.0,2026-08-21,3524,0.02986791794232122,63437316.855923004
call,770.0,2026-08-21,26767,0.03338323186152823,538557445.4444232
call,771.0,2026-08-21,4824,0.03594604416116776,104511085.65780224
call,772.0,2026-08-21,6208,0.0398899388485199,149251613.67792645
call,773.0,2026-08-21,9188,0.04297735524010309,237993244.26212955
call,774.0,2026-08-21,4027,0.04521470803994702,109740091.25895567
call,775.0,2026-08-21,54326,0.04807391454227929,1574059601.9850867
call,776.0,2026-08-21,5227,0.050091221456908086,157804025.8399531
call,777.0,2026-08-21,5722,0.051040018783055564,176020250.8388288
call,778.0,2026-08-21,4441,0.05109242913951805,136754391.36381865
call,779.0,2026-08-21,4875,0.050325869300137396,147866523.39492103
call,780.0,2026-08-21,67754,0.048435181033695505,1977879474.818153
call,781.0,2026-08-21,2303,0.04577981390712935,63543614.88754755
call,782.0,2026-08-21,4847,0.04239950026127957,123861893.28437388
call,783.0,2026-08-21,6898,0.03839489376526475,159624892.15469822
call,784.0,2026-08-21,8427,0.034011427207133085,172743536.67126206
call,785.0,2026-08-21,30933,0.029503688105966448,550050174.048738
call,786.0,2026-08-21,3317,0.02508111850757085,50141385.28344406
call,787.0,2026-08-21,3840,0.02093503007373156,48451672.16404223
call,788.0,2026-08-21,2731,0.01727040536770852,28426814.011575475
call,789.0,2026-08-21,3713,0.013932095624796758,31177791.78769852
call,790.0,2026-08-21,18584,0.011150318460125134,124890793.41244732
call,791.0,2026-08-21,1905,0.009014625678855238,10350149.775498562
call,792.0,2026-08-21,2548,0.007022409695791877,10784239.973825375
call,793.0,2026-08-21,2154,0.005800116942925884,7529851.398251426
call,794.0,2026-08-21,2322,0.004647859506080441,6504578.567643605
call,795.0,2026-08-21,10770,0.0036705334434709654,23825874.2484131
call,796.0,2026-08-21,1753,0.00304188398589433,3213871.579551709
call,797.0,2026-08-21,2195,0.0024616391454067056,3256588.3929599314
call,798.0,2026-08-21,1735,0.002290472698090162,2395127.0473734993
call,799.0,2026-08-21,1296,0.0018189219849776806,1420767.5530787813
call,800.0,2026-08-21,24155,0.0016681926095049838,24286067.133918237
call,801.0,2026-08-21,814,0.0013313090363190855,653141.4427626241
call,802.0,2026-08-21,674,0.0011993678978997608,487210.089583013
call,803.0,2026-08-21,1063,0.001150843829778726,737315.9258556202
call,804.0,2026-08-21,936,0.0010458775508548972,590011.7307964106
call,805.0,2026-08-21,11319,0.0007986225452274484,5448206.7845206605
call,806.0,2026-08-21,350,0.0007326018578753229,154539.68283357256
call,807.0,2026-08-21,1266,0.0006745212194672722,514675.2435767611
call,808.0,2026-08-21,180,0.0006421312770643137,69662.69725242507
call,809.0,2026-08-21,672,0.0006126766184656165,248144.43290915655
call,810.0,2026-08-21,8273,0.0005693059098515374,2838655.39152603
call,815.0,2026-08-21,3823,0.0003075634265820367,708668.2002918097
call,820.0,2026-08-21,11164,0.0002385019438781494,1604780.754593845
call,825.0,2026-08-21,20659,0.0002033053904286748,2531407.985865565
call,830.0,2026-08-21,13782,0.00016103508180889355,1337632.1557807457
call,835.0,2026-08-21,2515,0.00013163384315905004,199530.59931144345
call,840.0,2026-08-21,5930,0.0001208564804027768,431945.14049139293
call,845.0,2026-08-21,5518,0.0001032172825042529,343271.7574646228
call,850.0,2026-08-21,10388,8.980439277444586e-05,562255.19674068
call,855.0,2026-08-21,2139,7.938212910668635e-05,102338.13167270417
call,860.0,2026-08-21,7407,7.113193455954945e-05,317549.12578905094
call,870.0,2026-08-21,5621,2.7305087755889507e-05,92504.12904663138
call,880.0,2026-08-21,4521,2.509620475895012e-05,68382.74225136092
call,890.0,2026-08-21,7013,2.033632416876637e-05,85956.80243932338
call,900.0,2026-08-21,8804,1.7060427445528435e-05,90526.11830914606
call,905.0,2026-08-21,6703,1.3742162759065216e-05,55517.29068801564
call,910.0,2026-08-21,17695,1.4726624355584226e-05,157057.15730409452
call,915.0,2026-08-21,4625,1.2096755585896816e-05,33719.76967344883
call,920.0,2026-08-21,6672,1.3017382195149855e-05,52346.018010342
call,925.0,2026-08-21,2857,1.0876704360463178e-05,18728.867667524977
call,930.0,2026-08-21,14634,1.1737847386485475e-05,103527.43780969603
call,935.0,2026-08-21,5869,9.95547679287267e-06,35215.19765862973
call,940.0,2026-08-21,6648,9.579958385380621e-06,38384.73881679671
call,945.0,2026-08-21,3951,9.250613370673842e-06,22028.32707484201
call,950.0,2026-08-21,5299,7.996044638736303e-06,25537.188724164997
call,955.0,2026-08-21,32782,8.706640282030282e-06,172024.38120170071
call,960.0,2026-08-21,1391,7.6103647416438364e-06,6380.233281938834
call,965.0,2026-08-21,3909,6.685519442681107e-06,15750.87856149433
call,970.0,2026-08-21,4389,7.314599863083541e-06,19349.070673966267
call,975.0,2026-08-21,4635,6.487091457799998e-06,18121.899428794688
call,980.0,2026-08-21,5937,3.7229695019797833e-06,13321.725605604572
call,985.0,2026-08-21,4155,2.6327384324071767e-06,6592.994264405486
call,990.0,2026-08-21,4480,2.9964013743998647e-06,8090.62287683171
call,995.0,2026-08-21,4034,2.140462600645355e-06,5204.122302788877
call,1000.0,2026-08-21,3928,2.452226432577145e-06,5805.451551130516
put,360.0,2026-08-21,26722,2.749305269220402e-07,-4427.880388257625
put,365.0,2026-08-21,9189,2.721803338800429e-07,-1507.4015258838278
put,370.0,2026-08-21,15410,2.678900463632293e-07,-2488.073310911648
put,375.0,2026-08-21,6782,2.6205767702257464e-07,-1071.1705622216411
put,380.0,2026-08-21,11595,2.547042395045445e-07,-1779.9626251825357
put,385.0,2026-08-21,5429,3.5560531307600166e-07,-1163.5687243898824
put,390.0,2026-08-21,5735,3.4466201212284223e-07,-1191.326487585141
put,395.0,2026-08-21,8775,3.317840483267773e-07,-1754.714979933995
put,400.0,2026-08-21,21199,3.170770280397076e-07,-4051.203976651984
put,405.0,2026-08-21,6535,3.0068226037919596e-07,-1184.2880712215865
put,410.0,2026-08-21,10409,4.231215084596523e-07,-2654.471503247193
put,415.0,2026-08-21,2101,4.00179351206719e-07,-506.739413847936
put,420.0,2026-08-21,1634,3.753109234078794e-07,-369.6129792948295
put,425.0,2026-08-21,4758,3.488085718763321e-07,-1000.2660836913632
put,430.0,2026-08-21,11124,4.945717280808977e-07,-3315.8450161811343
put,435.0,2026-08-21,3951,4.583979694096373e-07,-1091.5752281476405
put,440.0,2026-08-21,101615,4.206281902280993e-07,-25760.847904903512
put,445.0,2026-08-21,1830,4.803601584473417e-07,-529.8122867297133
put,450.0,2026-08-21,11729,5.477713357506353e-07,-3872.2576391137027
put,455.0,2026-08-21,855,4.956413862980001e-07,-255.4098454558856
put,460.0,2026-08-21,1206,4.429738285331336e-07,-321.98032369305736
put,465.0,2026-08-21,2208,6.399812821005779e-07,-851.6679373421033
put,470.0,2026-08-21,103161,5.700540307435395e-07,-35443.411809057565
put,475.0,2026-08-21,1394,5.006590075585482e-07,-420.63825241644855
put,480.0,2026-08-21,7456,5.657761806705175e-07,-2542.462262658
put,485.0,2026-08-21,1843,6.386979398613838e-07,-709.4549236785886
put,490.0,2026-08-21,1705,7.202581418950481e-07,-740.1444998707286
put,495.0,2026-08-21,2822,8.114322907534843e-07,-1380.1085687824354
put,500.0,2026-08-21,10412,6.952296090159491e-07,-4362.81076347137
put,505.0,2026-08-21,1524,7.80709315160379e-07,-717.0976260935965
put,510.0,2026-08-21,4918,8.759351647446629e-07,-2596.3572073078044
put,515.0,2026-08-21,5832,7.320477452416648e-07,-2573.124969350847
put,520.0,2026-08-21,238597,1.1000617699616545e-06,-158192.54294058032
put,525.0,2026-08-21,6053,9.139915118378005e-07,-3334.393056800829
put,530.0,2026-08-21,5426,1.020128410332991e-06,-3336.096378193051
put,535.0,2026-08-21,5694,1.1378337996637446e-06,-3904.8130836248924
put,540.0,2026-08-21,14847,1.2683598953042416e-06,-11349.720497096258
put,545.0,2026-08-21,1687,1.413106185879101e-06,-1436.7917864863628
put,550.0,2026-08-21,216788,1.1278378378280867e-06,-147362.11835295768
put,555.0,2026-08-21,5455,1.2506453294297114e-06,-4111.808472041679
put,560.0,2026-08-21,8708,1.3860844735758054e-06,-7274.649537524594
put,565.0,2026-08-21,5464,1.5354664730607558e-06,-5056.557909185548
put,570.0,2026-08-21,3014,1.7002545864413508e-06,-3088.5963903857664
put,575.0,2026-08-21,7247,1.8820855265384565e-06,-8220.563204508635
put,580.0,2026-08-21,7744,2.082794552314233e-06,-9721.10723500477
put,585.0,2026-08-21,3927,1.5516421447489972e-06,-3672.454509756765
put,590.0,2026-08-21,3105,1.7046169034747236e-06,-3190.012257170448
put,595.0,2026-08-21,4025,1.8717746891545016e-06,-4540.706295535148
put,600.0,2026-08-21,122121,2.0544373304673545e-06,-151212.3303211913
put,605.0,2026-08-21,14877,2.2540639164301527e-06,-20210.895023659963
put,610.0,2026-08-21,4529,2.472267992503048e-06,-6748.415643368594
put,615.0,2026-08-21,49140,2.7108373539959543e-06,-80286.50819223131
put,620.0,2026-08-21,13394,5.784221273625704e-06,-46693.79255494391
put,625.0,2026-08-21,7290,6.438598606321041e-06,-28289.341353143234
put,630.0,2026-08-21,116107,7.1740556071952005e-06,-502027.02773991757
put,635.0,2026-08-21,15240,1.6152085619931952e-05,-148360.24150850988
put,640.0,2026-08-21,8541,1.665442017224095e-05,-85731.8500399241
put,645.0,2026-08-21,4456,1.8884826215758394e-05,-50718.00140325581
put,650.0,2026-08-21,24812,2.147094403440452e-05,-321082.6723709586
put,651.0,2026-08-21,1781,2.1600895117040622e-05,-23186.73637185357
put,652.0,2026-08-21,3811,2.1728328060703456e-05,-49907.890674670656
put,653.0,2026-08-21,762,2.185308883796673e-05,-10036.256660585126
put,654.0,2026-08-21,577,2.1975017652594303e-05,-7642.034646675364
put,655.0,2026-08-21,12582,2.2093948760701266e-05,-167543.26707056613
put,656.0,2026-08-21,4825,2.220971028934896e-05,-64586.85950041529
put,657.0,2026-08-21,4245,2.232212405291976e-05,-57110.65860005964
put,658.0,2026-08-21,1561,2.366087131732427e-05,-22260.63727928913
put,659.0,2026-08-21,1720,2.508312017601463e-05,-26002.431584162197
put,660.0,2026-08-21,11185,2.522479633865893e-05,-170046.46711850745
put,661.0,2026-08-21,1620,2.5362876415228834e-05,-24763.810763402787
put,662.0,2026-08-21,2951,2.5497144534110337e-05,-45348.68643685466
put,663.0,2026-08-21,2703,2.5627376369940355e-05,-41749.77596494714
put,664.0,2026-08-21,1580,2.575333887066279e-05,-24524.18513372101
put,665.0,2026-08-21,4875,2.587478998122381e-05,-76024.82165344045
put,666.0,2026-08-21,4716,2.750137714291128e-05,-78168.57498311075
put,667.0,2026-08-21,4533,2.9234925684542394e-05,-79871.46858184885
put,668.0,2026-08-21,830,2.9392872446642385e-05,-14703.613520624454
put,669.0,2026-08-21,728,2.9545951033442444e-05,-12963.829470936409
put,670.0,2026-08-21,9019,2.9693864604666936e-05,-161409.49078963415
put,671.0,2026-08-21,3093,2.9836304007385618e-05,-55619.73305531022
put,672.0,2026-08-21,3339,2.997294735245204e-05,-60318.40187368614
put,673.0,2026-08-21,980,3.0103459585631365e-05,-17780.601196039705
put,674.0,2026-08-21,1896,3.2098220529819134e-05,-36679.48641640484
put,675.0,2026-08-21,22262,3.423207540984573e-05,-459305.2030206549
put,676.0,2026-08-21,2576,3.4408865895713414e-05,-53422.00379998629
put,677.0,2026-08-21,2450,3.457900723616571e-05,-51060.2058604171
put,678.0,2026-08-21,2242,5.205185326236541e-05,-70335.69151072168
put,679.0,2026-08-21,1590,5.254756536845648e-05,-50356.284668291395
put,680.0,2026-08-21,21008,5.3042331035723706e-05,-671600.896075271
put,681.0,2026-08-21,3176,5.6599512137083296e-05,-108342.07225777728
put,682.0,2026-08-21,2640,5.715785037304981e-05,-90946.03518406342
put,683.0,2026-08-21,1983,5.7715740437788846e-05,-68979.64299871169
put,684.0,2026-08-21,2266,5.827278287794695e-05,-79584.70684138914
put,685.0,2026-08-21,15426,5.882854985259108e-05,-546947.2291891975
put,686.0,2026-08-21,2817,6.293334646415407e-05,-106849.28722218676
put,687.0,2026-08-21,3533,6.356548639403061e-05,-135353.33735766503
put,688.0,2026-08-21,1441,6.419700387167235e-05,-55754.8558107196
put,689.0,2026-08-21,2102,6.482739841130837e-05,-82128.75919110009
put,690.0,2026-08-21,24495,6.950137236214364e-05,-1026064.779874272
put,691.0,2026-08-21,2027,7.022308373392299e-05,-85790.1845615612
put,692.0,2026-08-21,1590,7.094459503225721e-05,-67986.14166176989
put,693.0,2026-08-21,2034,7.16653206843693e-05,-87854.48832375542
put,694.0,2026-08-21,1544,7.238462804703027e-05,-67359.30532374945
put,695.0,2026-08-21,33288,7.784646013052186e-05,-1561818.3756933336
put,696.0,2026-08-21,4980,7.86779560622896e-05,-236149.14002691722
put,697.0,2026-08-21,6161,7.950929651354568e-05,-295238.55851308844
put,698.0,2026-08-21,1890,8.033973808194074e-05,-91515.81933175107
put,699.0,2026-08-21,1516,8.663540608103379e-05,-79158.68540341231
put,700.0,2026-08-21,49743,0.0001125117471118349,-3373135.5920065446
put,701.0,2026-08-21,2340,0.00011416931818498442,-161016.06964196693
put,702.0,2026-08-21,10705,0.00011944807790094423,-770672.3785983137
put,703.0,2026-08-21,2359,0.00012503531905935306,-177772.50989724073
put,704.0,2026-08-21,23792,0.0001269893415894122,-1820967.4349229422
put,705.0,2026-08-21,21222,0.00012897663488386737,-1649686.0743260682
put,706.0,2026-08-21,36119,0.00013099760462505957,-2851694.7017562096
put,707.0,2026-08-21,1046,0.00013739461269398948,-86617.44026829081
put,708.0,2026-08-21,23130,0.00013962053395271662,-1946385.6044197492
put,709.0,2026-08-21,7705,0.0001466028111870144,-680798.9822146244
put,710.0,2026-08-21,46581,0.000149062901484379,-4184873.5000387644
put,711.0,2026-08-21,1834,0.0001515711010509398,-167540.45607209197
put,712.0,2026-08-21,17022,0.00019358571632245738,-1986039.366041116
put,713.0,2026-08-21,8363,0.00019756592775802668,-995813.7108615485
put,714.0,2026-08-21,23256,0.00020818927912462053,-2918080.958709816
put,715.0,2026-08-21,47743,0.00021264628531353542,-6118873.320828455
put,716.0,2026-08-21,9903,0.00021724092568993492,-1296618.997180272
put,717.0,2026-08-21,2923,0.00022197933618555517,-391061.7327352261
put,718.0,2026-08-21,22432,0.00023458584007681263,-3171565.9513289845
put,719.0,2026-08-21,2370,0.00023993495131572143,-342725.02658792067
put,720.0,2026-08-21,66852,0.0002896655081432887,-11671190.178517943
put,721.0,2026-08-21,1876,0.0003069449266279178,-347054.15648096235
put,722.0,2026-08-21,10489,0.0003152183861793319,-1992735.1581997708
put,723.0,2026-08-21,5153,0.00032384088452935307,-1005763.2808973269
put,724.0,2026-08-21,5166,0.0003328342739007014,-1036302.1523358102
put,725.0,2026-08-21,41860,0.0003539965735570244,-8931044.204413833
put,726.0,2026-08-21,5111,0.0004158854398463099,-1281101.5406609438
put,727.0,2026-08-21,15048,0.00042918160110564074,-3892457.09935915
put,728.0,2026-08-21,4338,0.0004431617221032911,-1158659.2832347497
put,729.0,2026-08-21,6264,0.0004656066122544764,-1757821.7947179768
put,730.0,2026-08-21,55265,0.0005403076291591603,-17996797.530432228
put,731.0,2026-08-21,2816,0.0005601884240831506,-950759.6392583344
put,732.0,2026-08-21,5713,0.0005812576386081152,-2001413.6334330016
put,733.0,2026-08-21,5743,0.0006763398522028264,-2341034.1610113066
put,734.0,2026-08-21,7273,0.0007042298923311415,-3086967.0910915844
put,735.0,2026-08-21,52436,0.0007339887288314266,-23196523.547810014
put,736.0,2026-08-21,3009,0.0008300573680525677,-1505338.7915562827
put,737.0,2026-08-21,21779,0.0008680397086775697,-11394138.232833566
put,738.0,2026-08-21,3594,0.0009837142435749385,-2130840.727769713
put,739.0,2026-08-21,5841,0.0010324428324505626,-3634604.637603825
put,740.0,2026-08-21,35175,0.0011548377875663957,-24482685.214856967
put,741.0,2026-08-21,2719,0.0012165054209743705,-1993550.3675715153
put,742.0,2026-08-21,5588,0.0013647683707697215,-4596415.737271353
put,743.0,2026-08-21,7001,0.0015097674221636163,-6370508.273976885
put,744.0,2026-08-21,5710,0.0015885246572034516,-5466810.566337295
put,745.0,2026-08-21,29264,0.0017641713292772113,-31115616.091454506
put,746.0,2026-08-21,6986,0.0019480606112405058,-8202287.789305928
put,747.0,2026-08-21,7452,0.00215497440623636,-9678742.1348734
put,748.0,2026-08-21,2862,0.0023882237520067248,-4119538.815468524
put,749.0,2026-08-21,3091,0.0027232654941536085,-5073328.043183414
put,750.0,2026-08-21,63841,0.002988456748191114,-114987494.84135155
put,751.0,2026-08-21,11297,0.003371435236914583,-22955243.654872876
put,752.0,2026-08-21,19857,0.0036938490040063624,-44207578.91569362
put,753.0,2026-08-21,2328,0.0041565470987919104,-5832028.511426398
put,754.0,2026-08-21,4507,0.0047365238103314515,-12866227.889261007
put,755.0,2026-08-21,45302,0.005285719878594514,-144319652.9604143
put,756.0,2026-08-21,8402,0.006002791091249223,-30397639.702078767
put,757.0,2026-08-21,11701,0.006757568466806062,-47655978.42769311
put,758.0,2026-08-21,5485,0.007687942027585152,-25415033.602809392
put,759.0,2026-08-21,1630,0.00871424322200109,-8560935.761347763
put,760.0,2026-08-21,21244,0.009931118929953704,-127156460.97366345
put,761.0,2026-08-21,9880,0.01125998234878872,-67049973.5468788
put,762.0,2026-08-21,3331,0.012802128601969318,-25701636.36521652
put,763.0,2026-08-21,1725,0.014552115552026122,-15129312.399916077
put,764.0,2026-08-21,5998,0.0166124128151299,-60054164.97283767
put,765.0,2026-08-21,48004,0.018880964907866834,-546267758.6092527
put,766.0,2026-08-21,8031,0.021351155347814767,-103346307.19200589
put,767.0,2026-08-21,1762,0.024146328758379892,-25642535.768825457
put,768.0,2026-08-21,2607,0.027143094254496344,-42648557.094087966
put,769.0,2026-08-21,10758,0.030343351396968633,-196742888.4114933
put,770.0,2026-08-21,13436,0.033714272110463586,-273015773.6761776
put,771.0,2026-08-21,3333,0.03712080758843889,-74568719.63944422
put,772.0,2026-08-21,3658,0.04047585632968447,-89236741.46797049
put,773.0,2026-08-21,3422,0.04360529705474896,-89933855.28575937
put,774.0,2026-08-21,3404,0.04650159590319479,-95402853.75170137
put,775.0,2026-08-21,6989,0.04878876414321338,-205512770.6339478
put,776.0,2026-08-21,1969,0.05033538281486351,-59734199.56915328
put,777.0,2026-08-21,2999,0.05116703938487594,-92484874.37033975
put,778.0,2026-08-21,1027,0.04971476662724534,-30772289.193261378
put,779.0,2026-08-21,1610,0.04872743680767158,-47282823.164540015
put,780.0,2026-08-21,2388,0.046772586124967236,-67317760.92522545
put,781.0,2026-08-21,367,0.04494624597322231,-9941763.895712892
put,782.0,2026-08-21,371,0.0410267661959714,-9173713.074166216
put,783.0,2026-08-21,3381,0.037581310978632425,-76581003.54111907
put,784.0,2026-08-21,326,0.033602317023522336,-6602232.004370399
put,785.0,2026-08-21,2322,0.02990401921907635,-41850026.285075925
put,786.0,2026-08-21,145,0.026390157918928958,-2306290.169472418
put,787.0,2026-08-21,190,0.023511065530091083,-2692339.7886503967
put,788.0,2026-08-21,367,0.02081610383144457,-4604362.056047142
put,789.0,2026-08-21,146,0.020172806014165195,-1775101.2286954606
put,790.0,2026-08-21,988,0.018572300798461793,-11059273.795180485
put,791.0,2026-08-21,243,0.01674446992719259,-2452345.3757093013
put,792.0,2026-08-21,3,0.015360707998142403,-27773.87296228121
put,793.0,2026-08-21,2,0.015228652789084958,-18356.734945719265
put,794.0,2026-08-21,0,0.014314251539299699,-0.0
put,795.0,2026-08-21,20,0.013488979623100035,-162597.1956015249
put,796.0,2026-08-21,0,0.012739913717452192,-0.0
put,797.0,2026-08-21,0,0.010555631919662599,-0.0
put,798.0,2026-08-21,0,0.009921529263001813,-0.0
put,799.0,2026-08-21,0,0.010866923770733047,-0.0
put,800.0,2026-08-21,71,0.008636038817312536,-369553.1351316303
put,805.0,2026-08-21,0,0.00825949826379303,-0.0
put,810.0,2026-08-21,0,0.006793547427569658,-0.0
put,815.0,2026-08-21,3,0.0057145146585809185,-10332.479739066312
put,820.0,2026-08-21,0,0.004893535743332453,-0.0
put,825.0,2026-08-21,0,0.004252215948081287,-0.0
put,830.0,2026-08-21,1,0.003739068201632566,-2253.5507530426926
put,835.0,2026-08-21,0,0.0033216469083214542,-0.0
put,840.0,2026-08-21,0,0.002976252613603203,-0.0
put,845.0,2026-08-21,0,0.00148547636620745,-0.0
put,850.0,2026-08-21,0,0.0024406370158002386,-0.0
put,855.0,2026-08-21,0,0.0011983321241799086,-0.0
put,860.0,2026-08-21,0,0.002048591330893616,-0.0
put,870.0,2026-08-21,0,0.0017521251891209197,-0.0
call,500.0,2026-08-28,4,6.411127933408723e-05,154.56045627494052
call,530.0,2026-08-28,8,9.617468162335901e-05,463.7187973224568
call,535.0,2026-08-28,15,9.508923298021468e-05,859.6596840434125
call,540.0,2026-08-28,1,0.00010890662799180415,65.6384425978407
call,545.0,2026-08-28,6,0.00010958257898980026,396.27504514894997
call,550.0,2026-08-28,19,0.00011766368195512506,1347.410699874229
call,555.0,2026-08-28,1,0.000121736444970137,73.37102252251229
call,560.0,2026-08-28,4,0.00012928213027293777,311.67534403821224
call,575.0,2026-08-28,1,0.00017181471463894167,103.5533878171424
call,580.0,2026-08-28,1,0.0001835227197887574,110.60984744804047
call,585.0,2026-08-28,7,0.00019685922762373355,830.5346832743436
call,590.0,2026-08-28,4,0.00021050252008763374,507.4827064708226
call,600.0,2026-08-28,8,0.0002338273982625972,1127.4293615861066
call,605.0,2026-08-28,4,0.0002614230926023238,630.2428042788715
call,610.0,2026-08-28,1,0.00026804993169367937,161.5547224192339
call,615.0,2026-08-28,53,0.0002882550917960609,9207.819847146411
call,620.0,2026-08-28,22,0.0003128431006346674,4148.138218943461
call,625.0,2026-08-28,2,0.00033448463513377285,403.19034622465915
call,630.0,2026-08-28,7,0.00035282502178135154,1488.5429616564734
call,635.0,2026-08-28,1,0.0008300194300018429,500.2558954939679
call,640.0,2026-08-28,2,0.000882421465850356,1063.677607164183
call,645.0,2026-08-28,2,0.0009394842417657068,1132.461515186293
call,650.0,2026-08-28,3,0.0010039993081566601,1815.3427070115179
call,655.0,2026-08-28,3,0.0010752892204090375,1944.242818036944
call,660.0,2026-08-28,7,0.0011508230773479321,4855.2383933804385
call,665.0,2026-08-28,1,0.0012320446651424748,742.5580474038372
call,670.0,2026-08-28,14,0.0013302273002450153,11224.26337670628
call,675.0,2026-08-28,16,0.0014303497670717263,13793.236692677734
call,680.0,2026-08-28,8,0.0015519196143555375,7482.783254000296
call,685.0,2026-08-28,36,0.00168529240576175,36566.35919718122
call,690.0,2026-08-28,15,0.0018364187510619728,16602.249422264398
call,692.0,2026-08-28,1,0.0019022539114165675,1146.4957319257996
call,693.0,2026-08-28,5,0.0019322698145379119,5822.932159584988
call,694.0,2026-08-28,6,0.001972568639669371,7133.248130773962
call,695.0,2026-08-28,14,0.002003495605636547,16905.20285337418
call,696.0,2026-08-28,55,0.002046397820523727,67835.45004872963
call,697.0,2026-08-28,81,0.0020833016119644124,101704.72393817645
call,698.0,2026-08-28,15,0.002124469883891786,19206.392268682648
call,699.0,2026-08-28,126,0.0021336772423753573,162032.9081534019
call,700.0,2026-08-28,267,0.0016407101736224063,264026.23878211464
call,701.0,2026-08-28,49,0.002251499340675173,66492.37732263783
call,702.0,2026-08-28,2,0.002289846682797519,2760.1987650920923
call,703.0,2026-08-28,47,0.0023408094916774675,66308.29856182124
call,704.0,2026-08-28,1,0.0023821906098607563,1435.7554217382215
call,705.0,2026-08-28,226,0.002405349310702161,327635.1966700907
call,706.0,2026-08-28,2,0.002487681362506319,2998.670206314302
call,707.0,2026-08-28,2,0.0025328401073255583,3053.1049038945307
call,708.0,2026-08-28,45,0.002591340196698949,70281.48061326964
call,709.0,2026-08-28,1,0.002647888602045264,1595.892621190185
call,710.0,2026-08-28,46,0.0027018440551129686,74906.94187067304
call,711.0,2026-08-28,57,0.0027581584415649766,94754.10256659584
call,712.0,2026-08-28,16,0.002823858241609073,27231.203171251676
call,713.0,2026-08-28,14,0.0028876949577087063,24365.947647397694
call,714.0,2026-08-28,4,0.0029495945792677126,7110.92788559153
call,715.0,2026-08-28,178,0.0029854173244827937,320279.40097747743
call,716.0,2026-08-28,122,0.0030556631886255385,224682.51137151357
call,717.0,2026-08-28,11,0.0031605815504460776,20953.84091401651
call,718.0,2026-08-28,77,0.003236455911965806,150198.0785988319
call,719.0,2026-08-28,57,0.0033138499408609775,113844.39430843026
call,720.0,2026-08-28,283,0.003357260886133896,572631.8273439498
call,721.0,2026-08-28,10,0.0034787749836880343,20966.710317648914
call,722.0,2026-08-28,54,0.0035653288343800165,116037.2179643326
call,723.0,2026-08-28,27,0.0036552556405675483,59481.98822362601
call,724.0,2026-08-28,103,0.003715600951116834,230658.9159639209
call,725.0,2026-08-28,207,0.0038124394241115583,475638.7771682507
call,726.0,2026-08-28,37,0.00394230344733415,87913.53237354547
call,727.0,2026-08-28,857,0.004017524000597226,2075120.2017782517
call,728.0,2026-08-28,31,0.0041643656883315,77806.25458834873
call,729.0,2026-08-28,75,0.004273857670912993,193190.2813743405
call,730.0,2026-08-28,260,0.004362439078059753,683607.2808045376
call,731.0,2026-08-28,41,0.004519203824939533,111673.40095972779
call,732.0,2026-08-28,94,0.004655040921563588,263727.4364633038
call,733.0,2026-08-28,214,0.004757228161095684,613580.728865167
call,734.0,2026-08-28,302,0.004901688632909786,892188.49758493
call,735.0,2026-08-28,397,0.005052819219592407,1209005.352530007
call,736.0,2026-08-28,694,0.005210281025973401,2179337.9192218785
call,737.0,2026-08-28,318,0.005374532825528982,1030081.9953263752
call,738.0,2026-08-28,480,0.0055512078109794015,1605952.4396715064
call,739.0,2026-08-28,740,0.005109047118595937,2278639.3044522163
call,740.0,2026-08-28,2280,0.005317194622683657,7306701.414273341
call,741.0,2026-08-28,756,0.006126231502925226,2791381.2456513974
call,742.0,2026-08-28,849,0.006338013154651493,3243133.176931185
call,743.0,2026-08-28,828,0.006560062909772725,3273725.773390589
call,744.0,2026-08-28,981,0.006518182148548076,3853891.2586673195
call,745.0,2026-08-28,1148,0.006760615559480446,4677696.983343965
call,746.0,2026-08-28,589,0.007304416786575753,2593013.61560424
call,747.0,2026-08-28,788,0.007137619122302732,3389873.9021362695
call,748.0,2026-08-28,219,0.007470950315618866,986106.7227433948
call,749.0,2026-08-28,272,0.007827974150848353,1283282.416044046
call,750.0,2026-08-28,1269,0.008196100565150537,6268633.180838584
call,751.0,2026-08-28,610,0.008591926720884933,3158816.194720686
call,752.0,2026-08-28,485,0.00900913565461602,2633472.705440804
call,753.0,2026-08-28,624,0.009451018601345612,3554407.07070091
call,754.0,2026-08-28,538,0.009925774529649168,3218478.689679508
call,755.0,2026-08-28,1671,0.01042125729892997,10495436.97686592
call,756.0,2026-08-28,616,0.01082213498078624,4017886.0448965654
call,757.0,2026-08-28,820,0.011280250083370087,5574893.00896069
call,758.0,2026-08-28,1322,0.011758505191638995,9368876.776252845
call,759.0,2026-08-28,582,0.012262011209324455,4301190.223550889
call,760.0,2026-08-28,2636,0.013133018628481444,20864785.42501407
call,761.0,2026-08-28,460,0.013325343201490378,3694368.321191184
call,762.0,2026-08-28,899,0.013891706866282747,7526953.946399275
call,763.0,2026-08-28,587,0.014468243459200381,5118678.655018948
call,764.0,2026-08-28,934,0.015063636353252774,8479703.279137766
call,765.0,2026-08-28,1518,0.01567495795731865,14341088.39712646
call,766.0,2026-08-28,688,0.01631648007435418,6765795.544582057
call,767.0,2026-08-28,1227,0.016887248836337937,12488417.871306248
call,768.0,2026-08-28,5490,0.019856313110382565,65701443.82313223
call,769.0,2026-08-28,485,0.018195471853494148,5318743.143160665
call,770.0,2026-08-28,2395,0.021230887938391205,30646270.623158183
call,771.0,2026-08-28,1171,0.021430225466332543,15124728.652703801
call,772.0,2026-08-28,1680,0.022418522440716463,22699705.562637623
call,773.0,2026-08-28,496,0.022868109243982918,6836217.807776224
call,774.0,2026-08-28,5703,0.024562681720901584,84427340.47442146
call,775.0,2026-08-28,1782,0.024737322630437937,26568335.665987086
call,776.0,2026-08-28,5702,0.02578417511336095,88610341.75215897
call,777.0,2026-08-28,634,0.02617898633390673,10003363.279690254
call,778.0,2026-08-28,1005,0.02648579045930344,16042902.981410075
call,779.0,2026-08-28,955,0.026618606318379406,15321195.043888241
call,780.0,2026-08-28,2514,0.026651461773235546,40382226.83674632
call,781.0,2026-08-28,1793,0.0265396373535194,28680005.50331763
call,782.0,2026-08-28,408,0.026279065973450193,6462105.512344202
call,783.0,2026-08-28,894,0.02585580336799676,13931552.364243736
call,784.0,2026-08-28,687,0.025294091805763922,10473209.334110478
call,785.0,2026-08-28,1779,0.024685381654397025,26467916.18767145
call,786.0,2026-08-28,434,0.02386202796330483,6241673.345530546
call,787.0,2026-08-28,323,0.022907756710316876,4459529.498042258
call,788.0,2026-08-28,532,0.021861148569935363,7009524.605607218
call,789.0,2026-08-28,484,0.020715404746628016,6042862.90307487
call,790.0,2026-08-28,2600,0.0195041199079607,30563540.570282854
call,791.0,2026-08-28,562,0.018242723805438017,6179167.317850934
call,792.0,2026-08-28,441,0.016952612229546034,4505875.359350453
call,793.0,2026-08-28,425,0.01566596798623762,4012824.0836242065
call,794.0,2026-08-28,241,0.01438420659596643,2089329.3793619836
call,795.0,2026-08-28,2118,0.013140791525325013,16774571.601230131
call,796.0,2026-08-28,112,0.01193760469397558,805822.0976069714
call,797.0,2026-08-28,368,0.010812394682427003,2398135.2096961625
call,798.0,2026-08-28,80,0.00976392508642397,470780.40933419554
call,799.0,2026-08-28,479,0.008790044233271375,2537643.033528048
call,800.0,2026-08-28,4046,0.007834728570626214,19105296.859607607
call,801.0,2026-08-28,477,0.007038866927224753,2023601.9551668304
call,802.0,2026-08-28,379,0.006277064477229217,1433836.9111618327
call,803.0,2026-08-28,276,0.005645319160480447,939077.7237389251
call,804.0,2026-08-28,405,0.005025114381229531,1226605.5667734013
call,805.0,2026-08-28,866,0.004538102147123597,2368623.946653182
call,806.0,2026-08-28,341,0.0040841080466345915,839374.0887513212
call,807.0,2026-08-28,22,0.0036199137564930537,47998.19005797201
call,808.0,2026-08-28,71,0.003331437309577918,142558.77356421205
call,809.0,2026-08-28,90,0.0029001701113070123,157314.92894114033
call,810.0,2026-08-28,1173,0.0026286307585879514,1858367.296232365
call,815.0,2026-08-28,545,0.0017436289087358846,572736.0495947212
call,820.0,2026-08-28,654,0.001173282905884123,462470.9396865426
call,825.0,2026-08-28,875,0.0008682697671101514,457895.8303911999
call,830.0,2026-08-28,787,0.000635227231701212,301306.01151064737
call,835.0,2026-08-28,499,0.0005316995515255285,159908.22263702351
call,840.0,2026-08-28,492,0.0003842450897720526,113940.3071137076
call,845.0,2026-08-28,1111,0.0003297800543181072,220822.03136825492
call,850.0,2026-08-28,447,0.00022203472817511577,59818.06865999364
call,855.0,2026-08-28,531,0.0001899071724494225,60777.082011371014
call,860.0,2026-08-28,1294,0.00016485145978590023,128567.4499718872
call,865.0,2026-08-28,319,0.0001512093811721167,29071.897291454716
call,870.0,2026-08-28,518,0.00013991860514724254,43682.67075997904
call,875.0,2026-08-28,453,0.0001304700398753869,35621.56153944644
call,880.0,2026-08-28,625,0.0001136550929427246,42812.725403147044
call,885.0,2026-08-28,390,0.0001076534743000431,25304.43320304596
call,890.0,2026-08-28,375,9.546561703619381e-05,21576.56014414896
call,895.0,2026-08-28,1297,9.155742721854188e-05,71571.07049491262
call,900.0,2026-08-28,1923,8.815742621158857e-05,102174.41106013989
put,500.0,2026-08-28,710,2.586735677280531e-06,-1106.9152183284662
put,505.0,2026-08-28,184,2.5927645277213825e-06,-287.53111993245386
put,510.0,2026-08-28,89,3.6143374718713482e-06,-193.87538065921032
put,515.0,2026-08-28,1363,3.6281350390354744e-06,-2980.4597106868714
put,520.0,2026-08-28,169,3.627047885876778e-06,-369.4400297309483
put,525.0,2026-08-28,105,3.6099687455209343e-06,-228.45291162236904
put,530.0,2026-08-28,1813,3.5758610770077445e-06,-3907.350754468346
put,535.0,2026-08-28,364,3.52379185566212e-06,-773.0642458618438
put,540.0,2026-08-28,611,3.452969963190115e-06,-1271.563248849328
put,545.0,2026-08-28,678,1.1359264524968217e-05,-4641.772631658795
put,550.0,2026-08-28,561,1.1494832793157443e-05,-3886.596686612744
put,555.0,2026-08-28,559,1.2533327377114033e-05,-4222.621437902625
put,560.0,2026-08-28,635,1.3664195062734118e-05,-5229.518876664948
put,565.0,2026-08-28,120,1.3754302277776801e-05,-994.7724914606415
put,570.0,2026-08-28,345,1.3791254435737164e-05,-2867.654479502051
put,575.0,2026-08-28,411,1.917526054392592e-05,-4749.928278625985
put,580.0,2026-08-28,6037,2.093050546416339e-05,-76156.12690953586
put,585.0,2026-08-28,5932,2.106050012931665e-05,-75296.3248515707
put,590.0,2026-08-28,1162,3.1585913822435254e-05,-22120.937602729824
put,595.0,2026-08-28,199,3.3313137832631225e-05,-3995.513244828308
put,600.0,2026-08-28,245,3.5108276929780475e-05,-5184.173840491956
put,605.0,2026-08-28,392,3.8497221601284775e-05,-9095.349888286315
put,610.0,2026-08-28,187,4.055297166507651e-05,-4570.547716002434
put,615.0,2026-08-28,340,4.268449754287404e-05,-8746.877557156535
put,620.0,2026-08-28,1300,5.771619189174646e-05,-45221.50142559455
put,625.0,2026-08-28,476,6.112583207950577e-05,-17536.208210917768
put,630.0,2026-08-28,372,6.471649323657811e-05,-14509.814917376712
put,635.0,2026-08-28,263,6.849523991115609e-05,-10857.256453878634
put,640.0,2026-08-28,634,9.004386058380592e-05,-34407.04070955424
put,645.0,2026-08-28,934,9.596030739730715e-05,-54018.492893869116
put,650.0,2026-08-28,2279,0.00011890999600297353,-163330.2573048093
put,655.0,2026-08-28,546,0.00012748393360157464,-41951.94056262633
put,660.0,2026-08-28,1258,0.00013986371838143653,-106044.87090720254
put,665.0,2026-08-28,1801,0.00016810673291172014,-182474.74997572906
put,670.0,2026-08-28,1513,0.0002028052078426639,-184936.2246870529
put,675.0,2026-08-28,2878,0.00022054227208687758,-382548.5768313823
put,680.0,2026-08-28,1655,0.0002630586200135294,-262394.3577307371
put,685.0,2026-08-28,1572,0.0003120888258443662,-295688.6929411399
put,690.0,2026-08-28,1206,0.0003930340771639993,-285681.07467369473
put,691.0,2026-08-28,799,0.00039982162789790475,-192538.24946565542
put,692.0,2026-08-28,259,0.0004111509430610638,-64180.783032717685
put,693.0,2026-08-28,475,0.0004411532045355444,-126295.2463746835
put,694.0,2026-08-28,330,0.00044922824059308173,-89348.02286125881
put,695.0,2026-08-28,741,0.00046238855411032803,-206504.36671074462
put,696.0,2026-08-28,800,0.0004963733975790299,-239332.9211628018
put,697.0,2026-08-28,135,0.0005060070859573793,-41171.27567487292
put,698.0,2026-08-28,291,0.000515920036719528,-90485.5728880998
put,699.0,2026-08-28,257,0.0005542556908534657,-85851.37215245377
put,700.0,2026-08-28,2827,0.0005656109980453415,-963712.7628429577
put,701.0,2026-08-28,192,0.000601570073107147,-69613.16956133487
put,702.0,2026-08-28,440,0.0006175415731982328,-163765.65737733862
put,703.0,2026-08-28,282,0.0006308815001938436,-107226.18569528697
put,704.0,2026-08-28,1077,0.000671626608769368,-435960.91328063357
put,705.0,2026-08-28,1088,0.0006902335520036462,-452614.9745417381
put,706.0,2026-08-28,253,0.0007314107947052943,-111528.49543033606
put,707.0,2026-08-28,263,0.0007485421046563781,-118652.23929899198
put,708.0,2026-08-28,229,0.0007936709999249195,-109541.81960036863
put,709.0,2026-08-28,129,0.0008129962024834398,-63209.47509196051
put,710.0,2026-08-28,1245,0.0008625374817777042,-647219.0393505126
put,711.0,2026-08-28,469,0.0008843791927408728,-249985.78581986064
put,712.0,2026-08-28,93,0.0009343055025771387,-52369.184579900306
put,713.0,2026-08-28,275,0.0009872028236069283,-163622.5057442984
put,714.0,2026-08-28,466,0.0010137955373497552,-284734.6026378454
put,715.0,2026-08-28,704,0.0010669302739181202,-452702.25103474193
put,716.0,2026-08-28,418,0.001128475929085221,-284297.17101285735
put,717.0,2026-08-28,336,0.0011552904654944718,-233956.12690707704
put,718.0,2026-08-28,299,0.0012173191824268702,-219371.1997970583
put,719.0,2026-08-28,353,0.0012830728456823602,-272979.4634518223
put,720.0,2026-08-28,1602,0.001346641262320856,-1300224.6217357854
put,721.0,2026-08-28,441,0.0013884055242221575,-369027.62569389545
put,722.0,2026-08-28,408,0.0014587513536701308,-358711.5757163912
put,723.0,2026-08-28,5979,0.0015333478953496462,-5525520.714770563
put,724.0,2026-08-28,1646,0.001605328529685731,-1592566.9965331573
put,725.0,2026-08-28,6327,0.0016890595558068282,-6440902.929214298
put,726.0,2026-08-28,162,0.001770261961700635,-172844.87572901018
put,727.0,2026-08-28,364,0.0018564367649482223,-407272.88854444405
put,728.0,2026-08-28,378,0.001981266949986071,-451376.2991309836
put,729.0,2026-08-28,332,0.002075486432447615,-415300.00751587533
put,730.0,2026-08-28,1645,0.0021755921274782698,-2156986.0553653687
put,731.0,2026-08-28,349,0.002314594890647944,-486860.31261192687
put,732.0,2026-08-28,862,0.0024243039536086196,-1259500.3488214284
put,733.0,2026-08-28,607,0.0025710499113570703,-940596.0600078925
put,734.0,2026-08-28,382,0.002722419497561029,-626790.4429634494
put,735.0,2026-08-28,12831,0.002851854534346657,-22054226.526017748
put,736.0,2026-08-28,448,0.0030176390390725494,-814796.6975362474
put,737.0,2026-08-28,1245,0.003223249657619466,-2418617.846834611
put,738.0,2026-08-28,455,0.003401641320332363,-932832.935978389
put,739.0,2026-08-28,1427,0.00359843868816032,-3094867.333642038
put,740.0,2026-08-28,2962,0.0038276550823136755,-6833163.406463747
put,741.0,2026-08-28,975,0.004040676390911007,-2374447.8869292624
put,742.0,2026-08-28,737,0.004291999642415154,-1906475.0301196363
put,743.0,2026-08-28,1631,0.004557658003995643,-4480223.20597092
put,744.0,2026-08-28,722,0.004866157049328412,-2117518.802150836
put,745.0,2026-08-28,3595,0.005185285872494634,-11235064.135757515
put,746.0,2026-08-28,1579,0.005519537402302705,-5252774.622141813
put,747.0,2026-08-28,1041,0.005870221390997873,-3683063.1614267873
put,748.0,2026-08-28,740,0.006267172328738995,-2795164.120538506
put,749.0,2026-08-28,461,0.00667683672864458,-1855135.5091057164
put,750.0,2026-08-28,5005,0.007111615670116413,-21452421.259105805
put,751.0,2026-08-28,3056,0.007590628991906492,-13980898.131153252
put,752.0,2026-08-28,566,0.008111303684214984,-2767012.042476399
put,753.0,2026-08-28,447,0.008636353833441695,-2326708.127268142
put,754.0,2026-08-28,5705,0.009225278060341392,-31720430.328953113
put,755.0,2026-08-28,3649,0.009838794468472092,-21638129.129768472
put,756.0,2026-08-28,1021,0.010498391886958025,-6460296.9183175415
put,757.0,2026-08-28,857,0.011198274325395541,-5784101.171325571
put,758.0,2026-08-28,1292,0.011929981348317362,-9289797.234480808
put,759.0,2026-08-28,705,0.01271506188607553,-5402708.696104134
put,760.0,2026-08-28,4967,0.013526067099276841,-40492039.707457155
put,761.0,2026-08-28,592,0.014382003840871722,-5131508.630532928
put,762.0,2026-08-28,565,0.015273711620673947,-5201121.4010128
put,763.0,2026-08-28,1639,0.016199477753589077,-16002355.855665583
put,764.0,2026-08-28,4137,0.01715632253744078,-42777330.5644789
put,765.0,2026-08-28,2488,0.01814439400374174,-27208011.378054637
put,766.0,2026-08-28,649,0.019150274727615917,-7490721.6973049985
put,767.0,2026-08-28,376,0.020160132485053245,-4568621.542650419
put,768.0,2026-08-28,592,0.021166736677011952,-7552305.863639734
put,769.0,2026-08-28,447,0.02216187790294484,-5970600.837663574
put,770.0,2026-08-28,2579,0.02318809147415168,-36042947.86289362
put,771.0,2026-08-28,1824,0.02410246532092658,-26496606.5671681
put,772.0,2026-08-28,1972,0.02504087190059107,-29761876.739199657
put,773.0,2026-08-28,521,0.025937166541134586,-8144495.927351439
put,774.0,2026-08-28,1440,0.02669599474252739,-23169280.99940231
put,775.0,2026-08-28,2097,0.027469399148423335,-34717748.040724866
put,776.0,2026-08-28,805,0.02794810475165898,-13559766.133119097
put,777.0,2026-08-28,392,0.02842209344719565,-6715001.0755889695
put,778.0,2026-08-28,1685,0.02873782578320741,-29184870.419609334
put,779.0,2026-08-28,1595,0.026003591455947505,-24997580.64467426
put,780.0,2026-08-28,2103,0.02786213254676679,-35314867.66520866
put,781.0,2026-08-28,1540,0.025651464770296683,-23808763.82403132
put,782.0,2026-08-28,2263,0.026926741755959483,-36725888.867626585
put,783.0,2026-08-28,2049,0.02332423651881623,-28804036.43961588
put,784.0,2026-08-28,480,0.02282389549485122,-6602903.710480426
put,785.0,2026-08-28,826,0.022227923829401038,-11065802.219383046
put,786.0,2026-08-28,115,0.02156637303965002,-1494785.6155735538
put,787.0,2026-08-28,19,0.02084795427969316,-238737.69883948241
put,788.0,2026-08-28,9,0.019832122184777784,-107576.06528274636
put,789.0,2026-08-28,103,0.018953367802848873,-1176596.552963132
put,790.0,2026-08-28,853,0.018119626161341888,-9315415.289821852
put,792.0,2026-08-28,1,0.01643564972104658,-9905.829155359756
put,793.0,2026-08-28,7,0.01568634837276795,-66179.55650221788
put,794.0,2026-08-28,54,0.014857082434447241,-483538.71209183923
put,795.0,2026-08-28,489,0.014146835720034777,-4169386.2131293584
put,797.0,2026-08-28,0,0.012729507634333686,-0.0
put,800.0,2026-08-28,4,0.01102829859745615,-26587.191534217684
put,805.0,2026-08-28,0,0.008939151942288632,-0.0
put,810.0,2026-08-28,0,0.007478385751271012,-0.0
put,815.0,2026-08-28,0,0.006373184156163659,-0.0
put,820.0,2026-08-28,0,0.005522226087645568,-0.0
put,825.0,2026-08-28,0,0.004850505901316684,-0.0
put,830.0,2026-08-28,0,0.004313770071622733,-0.0
put,835.0,2026-08-28,0,0.003867996992820932,-0.0
put,840.0,2026-08-28,0,0.0034632906149075723,-0.0
put,845.0,2026-08-28,0,0.0031823793671263466,-0.0
put,850.0,2026-08-28,0,0.0029144193906756495,-0.0
put,855.0,2026-08-28,0,0.002691939558110154,-0.0
put,860.0,2026-08-28,0,0.002490037437200507,-0.0
put,865.0,2026-08-28,0,0.002305103738595718,-0.0
put,870.0,2026-08-28,0,0.0021491368681776472,-0.0
put,875.0,2026-08-28,0,0.002010874720332899,-0.0
put,880.0,2026-08-28,0,0.0019064935927026476,-0.0
put,885.0,2026-08-28,0,0.0017773724240841991,-0.0
